"Показник","Період","Стать","Територіальний розріз","Категорія розрізу","Розріз","Періодичність","Одиниця виміру","Масштабування","Кількість десяткових знаків","Спеціальне значення даних","Примітки набору даних","Примітки часового ряду","Примітки спостереження","2016","2017","2018","2019","2020"
"Нараховано в середньому штатному працівнику, за період часу","Місяць","Жінки","Україна","Професії та професійні групи","Вищі посадові особи  громадських і самоврядну- вальних організацій","Річна","Гривня","Одиниці","Нуль","","","1. Дані підготовлено за результатами державного статистичного спостереження ""Рівень заробітної плати працівників за статтю, віком, освітою та професійними групами"", яким охоплені юридичні особи та відокремлені підрозділи юридичних осіб із кількістю найманих працівників 10 і більше осіб. 2. Дані наведено без урахування тимчасово окупованої території Автономної Республіки Крим, м. Севастополя та частини тимчасово окупованих територій у Донецькій та Луганській областях. 3. Середньомісячна заробітна плата одного штатного працівника розраховується шляхом ділення нарахованого фонду оплати праці штатних працівників за звітний місяць (період) на середньооблікову кількість штатних працівників і на кількість місяців у періоді. Професія – це певний вид трудової діяльності, який потребує спеціальних теоретичних знань та практичних навичок. Професія – рід занять, певна форма трудової діяльності.","","6514","","","","25298"
"Нараховано в середньому штатному працівнику, за період часу","Місяць","Жінки","Україна","Професії та професійні групи","Фахівці в галузі біології та агрономії  ","Річна","Гривня","Одиниці","Нуль","","","1. Дані підготовлено за результатами державного статистичного спостереження ""Рівень заробітної плати працівників за статтю, віком, освітою та професійними групами"", яким охоплені юридичні особи та відокремлені підрозділи юридичних осіб із кількістю найманих працівників 10 і більше осіб. 2. Дані наведено без урахування тимчасово окупованої території Автономної Республіки Крим, м. Севастополя та частини тимчасово окупованих територій у Донецькій та Луганській областях. 3. Середньомісячна заробітна плата одного штатного працівника розраховується шляхом ділення нарахованого фонду оплати праці штатних працівників за звітний місяць (період) на середньооблікову кількість штатних працівників і на кількість місяців у періоді. Професія – це певний вид трудової діяльності, який потребує спеціальних теоретичних знань та практичних навичок. Професія – рід занять, певна форма трудової діяльності.","","3264","","","","8872"
"Нараховано в середньому штатному працівнику, за період часу","Місяць","Жінки","Україна","Вікова група","55-59 років","Річна","Гривня","Одиниці","Нуль","","","1. Дані підготовлено за результатами державного статистичного спостереження ""Рівень заробітної плати працівників за статтю, віком, освітою та професійними групами"", яким охоплені юридичні особи та відокремлені підрозділи юридичних осіб із кількістю найманих працівників 10 і більше осіб. 2. Дані наведено без урахування тимчасово окупованої території Автономної Республіки Крим, м. Севастополя та частини тимчасово окупованих територій у Донецькій та Луганській областях. 3. Середньомісячна заробітна плата одного штатного працівника розраховується шляхом ділення нарахованого фонду оплати праці штатних працівників за звітний місяць (період) на середньооблікову кількість штатних працівників і на кількість місяців у періоді.","","4219","","","","9459"
"Нараховано в середньому штатному працівнику, за період часу","Місяць","Жінки","Україна","Професії та професійні групи","Професіонали в галузі наук про життя та медичних наук","Річна","Гривня","Одиниці","Нуль","","","1. Дані підготовлено за результатами державного статистичного спостереження ""Рівень заробітної плати працівників за статтю, віком, освітою та професійними групами"", яким охоплені юридичні особи та відокремлені підрозділи юридичних осіб із кількістю найманих працівників 10 і більше осіб. 2. Дані наведено без урахування тимчасово окупованої території Автономної Республіки Крим, м. Севастополя та частини тимчасово окупованих територій у Донецькій та Луганській областях. 3. Середньомісячна заробітна плата одного штатного працівника розраховується шляхом ділення нарахованого фонду оплати праці штатних працівників за звітний місяць (період) на середньооблікову кількість штатних працівників і на кількість місяців у періоді. Професія – це певний вид трудової діяльності, який потребує спеціальних теоретичних знань та практичних навичок. Професія – рід занять, певна форма трудової діяльності.","","4362","","","","10637"
"Нараховано в середньому штатному працівнику, за період часу","Місяць","Жінки","Україна","Професії та професійні групи","Професіонали в галузі релігії ","Річна","Гривня","Одиниці","Нуль","","","1. Дані підготовлено за результатами державного статистичного спостереження ""Рівень заробітної плати працівників за статтю, віком, освітою та професійними групами"", яким охоплені юридичні особи та відокремлені підрозділи юридичних осіб із кількістю найманих працівників 10 і більше осіб. 2. Дані наведено без урахування тимчасово окупованої території Автономної Республіки Крим, м. Севастополя та частини тимчасово окупованих територій у Донецькій та Луганській областях. 3. Середньомісячна заробітна плата одного штатного працівника розраховується шляхом ділення нарахованого фонду оплати праці штатних працівників за звітний місяць (період) на середньооблікову кількість штатних працівників і на кількість місяців у періоді. Професія – це певний вид трудової діяльності, який потребує спеціальних теоретичних знань та практичних навичок. Професія – рід занять, певна форма трудової діяльності.","","2265","","","","2941"
"Нараховано в середньому штатному працівнику, за період часу","Місяць","Жінки","Україна","Професії та професійні групи","Професійні медичні сестри та  акушерки","Річна","Гривня","Одиниці","Нуль","","","1. Дані підготовлено за результатами державного статистичного спостереження ""Рівень заробітної плати працівників за статтю, віком, освітою та професійними групами"", яким охоплені юридичні особи та відокремлені підрозділи юридичних осіб із кількістю найманих працівників 10 і більше осіб. 2. Дані наведено без урахування тимчасово окупованої території Автономної Республіки Крим, м. Севастополя та частини тимчасово окупованих територій у Донецькій та Луганській областях. 3. Середньомісячна заробітна плата одного штатного працівника розраховується шляхом ділення нарахованого фонду оплати праці штатних працівників за звітний місяць (період) на середньооблікову кількість штатних працівників і на кількість місяців у періоді. Професія – це певний вид трудової діяльності, який потребує спеціальних теоретичних знань та практичних навичок. Професія – рід занять, певна форма трудової діяльності.","","2990","","","","7448"
"Нараховано в середньому штатному працівнику, за період часу","Місяць","Жінки","Україна","Професії та професійні групи","Професіонали в галузі  правознавства, прокурорського нагляду, правосуддя та правоохоронної діяльності","Річна","Гривня","Одиниці","Нуль","","","1. Дані підготовлено за результатами державного статистичного спостереження ""Рівень заробітної плати працівників за статтю, віком, освітою та професійними групами"", яким охоплені юридичні особи та відокремлені підрозділи юридичних осіб із кількістю найманих працівників 10 і більше осіб. 2. Дані наведено без урахування тимчасово окупованої території Автономної Республіки Крим, м. Севастополя та частини тимчасово окупованих територій у Донецькій та Луганській областях. 3. Середньомісячна заробітна плата одного штатного працівника розраховується шляхом ділення нарахованого фонду оплати праці штатних працівників за звітний місяць (період) на середньооблікову кількість штатних працівників і на кількість місяців у періоді. Професія – це певний вид трудової діяльності, який потребує спеціальних теоретичних знань та практичних навичок. Професія – рід занять, певна форма трудової діяльності.","","8142","","","","24028"
"Нараховано в середньому штатному працівнику, за період часу","Місяць","Жінки","Україна","Вид економічної діяльності","Діяльність у сфері адміністративного та допоміжного обслуговування","Річна","Гривня","Одиниці","Нуль","","","1. Дані підготовлено за результатами державного статистичного спостереження ""Рівень заробітної плати працівників за статтю, віком, освітою та професійними групами"", яким охоплені юридичні особи та відокремлені підрозділи юридичних осіб із кількістю найманих працівників 10 і більше осіб. 2. Дані наведено без урахування тимчасово окупованої території Автономної Республіки Крим, м. Севастополя та частини тимчасово окупованих територій у Донецькій та Луганській областях. 3. Середньомісячна заробітна плата одного штатного працівника розраховується шляхом ділення нарахованого фонду оплати праці штатних працівників за звітний місяць (період) на середньооблікову кількість штатних працівників і на кількість місяців у періоді.","","3944","","","","8753"
"Нараховано в середньому штатному працівнику, за період часу","Місяць","Жінки","Україна","Вид економічної діяльності","Інформація та телекомунікації","Річна","Гривня","Одиниці","Нуль","","","1. Дані підготовлено за результатами державного статистичного спостереження ""Рівень заробітної плати працівників за статтю, віком, освітою та професійними групами"", яким охоплені юридичні особи та відокремлені підрозділи юридичних осіб із кількістю найманих працівників 10 і більше осіб. 2. Дані наведено без урахування тимчасово окупованої території Автономної Республіки Крим, м. Севастополя та частини тимчасово окупованих територій у Донецькій та Луганській областях. 3. Середньомісячна заробітна плата одного штатного працівника розраховується шляхом ділення нарахованого фонду оплати праці штатних працівників за звітний місяць (період) на середньооблікову кількість штатних працівників і на кількість місяців у періоді.","","7099","","","","16475"
"Нараховано в середньому штатному працівнику, за період часу","Місяць","Жінки","Україна","Вид економічної діяльності","Водопостачання; каналізація, поводження з відходами","Річна","Гривня","Одиниці","Нуль","","","1. Дані підготовлено за результатами державного статистичного спостереження ""Рівень заробітної плати працівників за статтю, віком, освітою та професійними групами"", яким охоплені юридичні особи та відокремлені підрозділи юридичних осіб із кількістю найманих працівників 10 і більше осіб. 2. Дані наведено без урахування тимчасово окупованої території Автономної Республіки Крим, м. Севастополя та частини тимчасово окупованих територій у Донецькій та Луганській областях. 3. Середньомісячна заробітна плата одного штатного працівника розраховується шляхом ділення нарахованого фонду оплати праці штатних працівників за звітний місяць (період) на середньооблікову кількість штатних працівників і на кількість місяців у періоді.","","3604","","","","8813"
"Нараховано в середньому штатному працівнику, за період часу","Місяць","Жінки","Україна","Професії та професійні групи","Менеджери (управителі) у будівництві, на транспорті, пошті та зв'язку","Річна","Гривня","Одиниці","Нуль","","","1. Дані підготовлено за результатами державного статистичного спостереження ""Рівень заробітної плати працівників за статтю, віком, освітою та професійними групами"", яким охоплені юридичні особи та відокремлені підрозділи юридичних осіб із кількістю найманих працівників 10 і більше осіб. 2. Дані наведено без урахування тимчасово окупованої території Автономної Республіки Крим, м. Севастополя та частини тимчасово окупованих територій у Донецькій та Луганській областях. 3. Середньомісячна заробітна плата одного штатного працівника розраховується шляхом ділення нарахованого фонду оплати праці штатних працівників за звітний місяць (період) на середньооблікову кількість штатних працівників і на кількість місяців у періоді. Професія – це певний вид трудової діяльності, який потребує спеціальних теоретичних знань та практичних навичок. Професія – рід занять, певна форма трудової діяльності.","","3749","","","","5548"
"Нараховано в середньому штатному працівнику, за період часу","Місяць","Жінки","Україна","Професії та професійні групи","Законодавці, вищі державні службовці, вищі посадові особи громадських і самоврядувальних організацій ","Річна","Гривня","Одиниці","Нуль","","","1. Дані підготовлено за результатами державного статистичного спостереження ""Рівень заробітної плати працівників за статтю, віком, освітою та професійними групами"", яким охоплені юридичні особи та відокремлені підрозділи юридичних осіб із кількістю найманих працівників 10 і більше осіб. 2. Дані наведено без урахування тимчасово окупованої території Автономної Республіки Крим, м. Севастополя та частини тимчасово окупованих територій у Донецькій та Луганській областях. 3. Середньомісячна заробітна плата одного штатного працівника розраховується шляхом ділення нарахованого фонду оплати праці штатних працівників за звітний місяць (період) на середньооблікову кількість штатних працівників і на кількість місяців у періоді. Професія – це певний вид трудової діяльності, який потребує спеціальних теоретичних знань та практичних навичок. Професія – рід занять, певна форма трудової діяльності.","","7166","","","","46880"
"Нараховано в середньому штатному працівнику, за період часу","Місяць","Жінки","Україна","Рівень освіти","Бакалаврат або його еквівалент","Річна","Гривня","Одиниці","Нуль","","","1. Дані підготовлено за результатами державного статистичного спостереження ""Рівень заробітної плати працівників за статтю, віком, освітою та професійними групами"", яким охоплені юридичні особи та відокремлені підрозділи юридичних осіб із кількістю найманих працівників 10 і більше осіб. 2. Дані наведено без урахування тимчасово окупованої території Автономної Республіки Крим, м. Севастополя та частини тимчасово окупованих територій у Донецькій та Луганській областях. 3. Середня заробітна плата штатних працівників за одну оплачену годину  обчислюється шляхом ділення суми нарахованого фонду оплати праці штатних працівників на кількість оплачених їм людино-годин за відповідний період. Освіта – це процес і результат засвоєння людиною систематичних знань, умінь і навичок, розвиток розуму та почуттів, формування світогляду та пізнавальних інтересів.","","3701","","","","9335"
"Нараховано в середньому штатному працівнику, за період часу","Місяць","Жінки","Україна","Рівень освіти","Післясередня не вища освіта","Річна","Гривня","Одиниці","Нуль","","","1. Дані підготовлено за результатами державного статистичного спостереження ""Рівень заробітної плати працівників за статтю, віком, освітою та професійними групами"", яким охоплені юридичні особи та відокремлені підрозділи юридичних осіб із кількістю найманих працівників 10 і більше осіб. 2. Дані наведено без урахування тимчасово окупованої території Автономної Республіки Крим, м. Севастополя та частини тимчасово окупованих територій у Донецькій та Луганській областях. 3. Середня заробітна плата штатних працівників за одну оплачену годину  обчислюється шляхом ділення суми нарахованого фонду оплати праці штатних працівників на кількість оплачених їм людино-годин за відповідний період. Освіта – це процес і результат засвоєння людиною систематичних знань, умінь і навичок, розвиток розуму та почуттів, формування світогляду та пізнавальних інтересів.","","3022","","","","7521"
"Нараховано в середньому штатному працівнику, за період часу","Місяць","Жінки","Україна","Вид економічної діяльності","Сільське господарство, лісове господарство та рибне господарство","Річна","Гривня","Одиниці","Нуль","","","1. Дані підготовлено за результатами державного статистичного спостереження ""Рівень заробітної плати працівників за статтю, віком, освітою та професійними групами"", яким охоплені юридичні особи та відокремлені підрозділи юридичних осіб із кількістю найманих працівників 10 і більше осіб. 2. Дані наведено без урахування тимчасово окупованої території Автономної Республіки Крим, м. Севастополя та частини тимчасово окупованих територій у Донецькій та Луганській областях. 3. Середньомісячна заробітна плата одного штатного працівника розраховується шляхом ділення нарахованого фонду оплати праці штатних працівників за звітний місяць (період) на середньооблікову кількість штатних працівників і на кількість місяців у періоді.","","3304","","","","7631"
"Нараховано в середньому штатному працівнику, за період часу","Місяць","Жінки","Україна","Професії та професійні групи","Керівники підприємств, установ та організацій ","Річна","Гривня","Одиниці","Нуль","","","1. Дані підготовлено за результатами державного статистичного спостереження ""Рівень заробітної плати працівників за статтю, віком, освітою та професійними групами"", яким охоплені юридичні особи та відокремлені підрозділи юридичних осіб із кількістю найманих працівників 10 і більше осіб. 2. Дані наведено без урахування тимчасово окупованої території Автономної Республіки Крим, м. Севастополя та частини тимчасово окупованих територій у Донецькій та Луганській областях. 3. Середньомісячна заробітна плата одного штатного працівника розраховується шляхом ділення нарахованого фонду оплати праці штатних працівників за звітний місяць (період) на середньооблікову кількість штатних працівників і на кількість місяців у періоді. Професія – це певний вид трудової діяльності, який потребує спеціальних теоретичних знань та практичних навичок. Професія – рід занять, певна форма трудової діяльності.","","6865","","","","15151"
"Нараховано в середньому штатному працівнику, за період часу","Місяць","Жінки","Україна","Професії та професійні групи","Фахівці в галузі спеціалізованої (особливої) освіти ","Річна","Гривня","Одиниці","Нуль","","","1. Дані підготовлено за результатами державного статистичного спостереження ""Рівень заробітної плати працівників за статтю, віком, освітою та професійними групами"", яким охоплені юридичні особи та відокремлені підрозділи юридичних осіб із кількістю найманих працівників 10 і більше осіб. 2. Дані наведено без урахування тимчасово окупованої території Автономної Республіки Крим, м. Севастополя та частини тимчасово окупованих територій у Донецькій та Луганській областях. 3. Середньомісячна заробітна плата одного штатного працівника розраховується шляхом ділення нарахованого фонду оплати праці штатних працівників за звітний місяць (період) на середньооблікову кількість штатних працівників і на кількість місяців у періоді. Професія – це певний вид трудової діяльності, який потребує спеціальних теоретичних знань та практичних навичок. Професія – рід занять, певна форма трудової діяльності.","","2673","","","","12532"
"Нараховано в середньому штатному працівнику, за період часу","Місяць","Жінки","Україна","Професії та професійні групи","Фахівці, що керують суднами  та літальними апаратами і забезпечують судноплавство та польоти","Річна","Гривня","Одиниці","Нуль","","","1. Дані підготовлено за результатами державного статистичного спостереження ""Рівень заробітної плати працівників за статтю, віком, освітою та професійними групами"", яким охоплені юридичні особи та відокремлені підрозділи юридичних осіб із кількістю найманих працівників 10 і більше осіб. 2. Дані наведено без урахування тимчасово окупованої території Автономної Республіки Крим, м. Севастополя та частини тимчасово окупованих територій у Донецькій та Луганській областях. 3. Середньомісячна заробітна плата одного штатного працівника розраховується шляхом ділення нарахованого фонду оплати праці штатних працівників за звітний місяць (період) на середньооблікову кількість штатних працівників і на кількість місяців у періоді. Професія – це певний вид трудової діяльності, який потребує спеціальних теоретичних знань та практичних навичок. Професія – рід занять, певна форма трудової діяльності.","","13786","","","","23599"
"Нараховано в середньому штатному працівнику, за період часу","Місяць","Жінки","Україна","Вид економічної діяльності","Усього","Річна","Гривня","Одиниці","Нуль","","","1. Дані підготовлено за результатами державного статистичного спостереження ""Рівень заробітної плати працівників за статтю, віком, освітою та професійними групами"", яким охоплені юридичні особи та відокремлені підрозділи юридичних осіб із кількістю найманих працівників 10 і більше осіб. 2. Дані наведено без урахування тимчасово окупованої території Автономної Республіки Крим, м. Севастополя та частини тимчасово окупованих територій у Донецькій та Луганській областях. 3. Середньомісячна заробітна плата одного штатного працівника розраховується шляхом ділення нарахованого фонду оплати праці штатних працівників за звітний місяць (період) на середньооблікову кількість штатних працівників і на кількість місяців у періоді.","","4229","","","","10049"
"Нараховано в середньому штатному працівнику, за період часу","Місяць","Жінки","Україна","Вид економічної діяльності","Мистецтво, спорт, розваги та відпочинок","Річна","Гривня","Одиниці","Нуль","","","1. Дані підготовлено за результатами державного статистичного спостереження ""Рівень заробітної плати працівників за статтю, віком, освітою та професійними групами"", яким охоплені юридичні особи та відокремлені підрозділи юридичних осіб із кількістю найманих працівників 10 і більше осіб. 2. Дані наведено без урахування тимчасово окупованої території Автономної Республіки Крим, м. Севастополя та частини тимчасово окупованих територій у Донецькій та Луганській областях. 3. Середньомісячна заробітна плата одного штатного працівника розраховується шляхом ділення нарахованого фонду оплати праці штатних працівників за звітний місяць (період) на середньооблікову кількість штатних працівників і на кількість місяців у періоді.","","4508","","","","10396"
"Нараховано в середньому штатному працівнику, за період часу","Місяць","Жінки","Україна","Професії та професійні групи","Інші фахівці ","Річна","Гривня","Одиниці","Нуль","","","1. Дані підготовлено за результатами державного статистичного спостереження ""Рівень заробітної плати працівників за статтю, віком, освітою та професійними групами"", яким охоплені юридичні особи та відокремлені підрозділи юридичних осіб із кількістю найманих працівників 10 і більше осіб. 2. Дані наведено без урахування тимчасово окупованої території Автономної Республіки Крим, м. Севастополя та частини тимчасово окупованих територій у Донецькій та Луганській областях. 3. Середньомісячна заробітна плата одного штатного працівника розраховується шляхом ділення нарахованого фонду оплати праці штатних працівників за звітний місяць (період) на середньооблікову кількість штатних працівників і на кількість місяців у періоді. Професія – це певний вид трудової діяльності, який потребує спеціальних теоретичних знань та практичних навичок. Професія – рід занять, певна форма трудової діяльності.","","5145","","","","11202"
"Нараховано в середньому штатному працівнику, за період часу","Місяць","Жінки","Україна","Професії та професійні групи","Менеджери (управителі) в освіті, охороні здоров'я та соціальній сфері","Річна","Гривня","Одиниці","Нуль","","","1. Дані підготовлено за результатами державного статистичного спостереження ""Рівень заробітної плати працівників за статтю, віком, освітою та професійними групами"", яким охоплені юридичні особи та відокремлені підрозділи юридичних осіб із кількістю найманих працівників 10 і більше осіб. 2. Дані наведено без урахування тимчасово окупованої території Автономної Республіки Крим, м. Севастополя та частини тимчасово окупованих територій у Донецькій та Луганській областях. 3. Середньомісячна заробітна плата одного штатного працівника розраховується шляхом ділення нарахованого фонду оплати праці штатних працівників за звітний місяць (період) на середньооблікову кількість штатних працівників і на кількість місяців у періоді. Професія – це певний вид трудової діяльності, який потребує спеціальних теоретичних знань та практичних навичок. Професія – рід занять, певна форма трудової діяльності.","","7482","","","","9871"
"Нараховано в середньому штатному працівнику, за період часу","Місяць","Жінки","Україна","Професії та професійні групи","Викладачі університетів та  вищих навчальних закладів ","Річна","Гривня","Одиниці","Нуль","","","1. Дані підготовлено за результатами державного статистичного спостереження ""Рівень заробітної плати працівників за статтю, віком, освітою та професійними групами"", яким охоплені юридичні особи та відокремлені підрозділи юридичних осіб із кількістю найманих працівників 10 і більше осіб. 2. Дані наведено без урахування тимчасово окупованої території Автономної Республіки Крим, м. Севастополя та частини тимчасово окупованих територій у Донецькій та Луганській областях. 3. Середньомісячна заробітна плата одного штатного працівника розраховується шляхом ділення нарахованого фонду оплати праці штатних працівників за звітний місяць (період) на середньооблікову кількість штатних працівників і на кількість місяців у періоді. Професія – це певний вид трудової діяльності, який потребує спеціальних теоретичних знань та практичних навичок. Професія – рід занять, певна форма трудової діяльності.","","5808","","","","13105"
"Нараховано в середньому штатному працівнику, за період часу","Місяць","Жінки","Україна","Професії та професійні групи","Інші професіонали в галузі  навчання","Річна","Гривня","Одиниці","Нуль","","","1. Дані підготовлено за результатами державного статистичного спостереження ""Рівень заробітної плати працівників за статтю, віком, освітою та професійними групами"", яким охоплені юридичні особи та відокремлені підрозділи юридичних осіб із кількістю найманих працівників 10 і більше осіб. 2. Дані наведено без урахування тимчасово окупованої території Автономної Республіки Крим, м. Севастополя та частини тимчасово окупованих територій у Донецькій та Луганській областях. 3. Середньомісячна заробітна плата одного штатного працівника розраховується шляхом ділення нарахованого фонду оплати праці штатних працівників за звітний місяць (період) на середньооблікову кількість штатних працівників і на кількість місяців у періоді. Професія – це певний вид трудової діяльності, який потребує спеціальних теоретичних знань та практичних навичок. Професія – рід занять, певна форма трудової діяльності.","","4189","","","","9842"
"Нараховано в середньому штатному працівнику, за період часу","Місяць","Жінки","Україна","Професії та професійні групи","Професіонали в галузі  математики та статистики","Річна","Гривня","Одиниці","Нуль","","","1. Дані підготовлено за результатами державного статистичного спостереження ""Рівень заробітної плати працівників за статтю, віком, освітою та професійними групами"", яким охоплені юридичні особи та відокремлені підрозділи юридичних осіб із кількістю найманих працівників 10 і більше осіб. 2. Дані наведено без урахування тимчасово окупованої території Автономної Республіки Крим, м. Севастополя та частини тимчасово окупованих територій у Донецькій та Луганській областях. 3. Середньомісячна заробітна плата одного штатного працівника розраховується шляхом ділення нарахованого фонду оплати праці штатних працівників за звітний місяць (період) на середньооблікову кількість штатних працівників і на кількість місяців у періоді. Професія – це певний вид трудової діяльності, який потребує спеціальних теоретичних знань та практичних навичок. Професія – рід занять, певна форма трудової діяльності.","","5527","","","","8720"
"Нараховано в середньому штатному працівнику, за період часу","Місяць","Жінки","Україна","Професії та професійні групи","Фахівці","Річна","Гривня","Одиниці","Нуль","","","1. Дані підготовлено за результатами державного статистичного спостереження ""Рівень заробітної плати працівників за статтю, віком, освітою та професійними групами"", яким охоплені юридичні особи та відокремлені підрозділи юридичних осіб із кількістю найманих працівників 10 і більше осіб. 2. Дані наведено без урахування тимчасово окупованої території Автономної Республіки Крим, м. Севастополя та частини тимчасово окупованих територій у Донецькій та Луганській областях. 3. Середньомісячна заробітна плата одного штатного працівника розраховується шляхом ділення нарахованого фонду оплати праці штатних працівників за звітний місяць (період) на середньооблікову кількість штатних працівників і на кількість місяців у періоді. Професія – це певний вид трудової діяльності, який потребує спеціальних теоретичних знань та практичних навичок. Професія – рід занять, певна форма трудової діяльності.","","4067","","","","9577"
"Нараховано в середньому штатному працівнику, за період часу","Місяць","Жінки","Україна","Професії та професійні групи","Законодавці","Річна","Гривня","Одиниці","Нуль","Явищ не було","","1. Дані підготовлено за результатами державного статистичного спостереження ""Рівень заробітної плати працівників за статтю, віком, освітою та професійними групами"", яким охоплені юридичні особи та відокремлені підрозділи юридичних осіб із кількістю найманих працівників 10 і більше осіб. 2. Дані наведено без урахування тимчасово окупованої території Автономної Республіки Крим, м. Севастополя та частини тимчасово окупованих територій у Донецькій та Луганській областях. 3. Середньомісячна заробітна плата одного штатного працівника розраховується шляхом ділення нарахованого фонду оплати праці штатних працівників за звітний місяць (період) на середньооблікову кількість штатних працівників і на кількість місяців у періоді. Професія – це певний вид трудової діяльності, який потребує спеціальних теоретичних знань та практичних навичок. Професія – рід занять, певна форма трудової діяльності.","","","","","","41034"
"Нараховано в середньому штатному працівнику, за період часу","Місяць","Жінки","Україна","Професії та професійні групи","Фахівці в галузі фінансів та торгівлі  ","Річна","Гривня","Одиниці","Нуль","","","1. Дані підготовлено за результатами державного статистичного спостереження ""Рівень заробітної плати працівників за статтю, віком, освітою та професійними групами"", яким охоплені юридичні особи та відокремлені підрозділи юридичних осіб із кількістю найманих працівників 10 і більше осіб. 2. Дані наведено без урахування тимчасово окупованої території Автономної Республіки Крим, м. Севастополя та частини тимчасово окупованих територій у Донецькій та Луганській областях. 3. Середньомісячна заробітна плата одного штатного працівника розраховується шляхом ділення нарахованого фонду оплати праці штатних працівників за звітний місяць (період) на середньооблікову кількість штатних працівників і на кількість місяців у періоді. Професія – це певний вид трудової діяльності, який потребує спеціальних теоретичних знань та практичних навичок. Професія – рід занять, певна форма трудової діяльності.","","4508","","","","8716"
"Нараховано в середньому штатному працівнику, за період часу","Місяць","Жінки","Україна","Професії та професійні групи","Допоміжний персонал у галузі сучасної медицини, фізіотерапії, фармації та ветеринарії (крім медичних сестер) ","Річна","Гривня","Одиниці","Нуль","","","1. Дані підготовлено за результатами державного статистичного спостереження ""Рівень заробітної плати працівників за статтю, віком, освітою та професійними групами"", яким охоплені юридичні особи та відокремлені підрозділи юридичних осіб із кількістю найманих працівників 10 і більше осіб. 2. Дані наведено без урахування тимчасово окупованої території Автономної Республіки Крим, м. Севастополя та частини тимчасово окупованих територій у Донецькій та Луганській областях. 3. Середньомісячна заробітна плата одного штатного працівника розраховується шляхом ділення нарахованого фонду оплати праці штатних працівників за звітний місяць (період) на середньооблікову кількість штатних працівників і на кількість місяців у періоді. Професія – це певний вид трудової діяльності, який потребує спеціальних теоретичних знань та практичних навичок. Професія – рід занять, певна форма трудової діяльності.","","3369","","","","8018"
"Нараховано в середньому штатному працівнику, за період часу","Місяць","Жінки","Україна","Вікова група","60-64 роки","Річна","Гривня","Одиниці","Нуль","","","1. Дані підготовлено за результатами державного статистичного спостереження ""Рівень заробітної плати працівників за статтю, віком, освітою та професійними групами"", яким охоплені юридичні особи та відокремлені підрозділи юридичних осіб із кількістю найманих працівників 10 і більше осіб. 2. Дані наведено без урахування тимчасово окупованої території Автономної Республіки Крим, м. Севастополя та частини тимчасово окупованих територій у Донецькій та Луганській областях. 3. Середньомісячна заробітна плата одного штатного працівника розраховується шляхом ділення нарахованого фонду оплати праці штатних працівників за звітний місяць (період) на середньооблікову кількість штатних працівників і на кількість місяців у періоді.","","3808","","","","9216"
"Нараховано в середньому штатному працівнику, за період часу","Місяць","Жінки","Україна","Професії та професійні групи","Професіонали в галузі фізичних, математичних та технічних наук ","Річна","Гривня","Одиниці","Нуль","","","1. Дані підготовлено за результатами державного статистичного спостереження ""Рівень заробітної плати працівників за статтю, віком, освітою та професійними групами"", яким охоплені юридичні особи та відокремлені підрозділи юридичних осіб із кількістю найманих працівників 10 і більше осіб. 2. Дані наведено без урахування тимчасово окупованої території Автономної Республіки Крим, м. Севастополя та частини тимчасово окупованих територій у Донецькій та Луганській областях. 3. Середньомісячна заробітна плата одного штатного працівника розраховується шляхом ділення нарахованого фонду оплати праці штатних працівників за звітний місяць (період) на середньооблікову кількість штатних працівників і на кількість місяців у періоді. Професія – це певний вид трудової діяльності, який потребує спеціальних теоретичних знань та практичних навичок. Професія – рід занять, певна форма трудової діяльності.","","5880","","","","11573"
"Нараховано в середньому штатному працівнику, за період часу","Місяць","Жінки","Україна","Професії та професійні групи","Професіонали в сфері архівної   справи, музеєзнавства, бібліотечної справи, інформації та кінопрограм ","Річна","Гривня","Одиниці","Нуль","","","1. Дані підготовлено за результатами державного статистичного спостереження ""Рівень заробітної плати працівників за статтю, віком, освітою та професійними групами"", яким охоплені юридичні особи та відокремлені підрозділи юридичних осіб із кількістю найманих працівників 10 і більше осіб. 2. Дані наведено без урахування тимчасово окупованої території Автономної Республіки Крим, м. Севастополя та частини тимчасово окупованих територій у Донецькій та Луганській областях. 3. Середньомісячна заробітна плата одного штатного працівника розраховується шляхом ділення нарахованого фонду оплати праці штатних працівників за звітний місяць (період) на середньооблікову кількість штатних працівників і на кількість місяців у періоді. Професія – це певний вид трудової діяльності, який потребує спеціальних теоретичних знань та практичних навичок. Професія – рід занять, певна форма трудової діяльності.","","3728","","","","8907"
"Нараховано в середньому штатному працівнику, за період часу","Місяць","Жінки","Україна","Вид економічної діяльності","Професійна, наукова та технічна діяльність","Річна","Гривня","Одиниці","Нуль","","","1. Дані підготовлено за результатами державного статистичного спостереження ""Рівень заробітної плати працівників за статтю, віком, освітою та професійними групами"", яким охоплені юридичні особи та відокремлені підрозділи юридичних осіб із кількістю найманих працівників 10 і більше осіб. 2. Дані наведено без урахування тимчасово окупованої території Автономної Республіки Крим, м. Севастополя та частини тимчасово окупованих територій у Донецькій та Луганській областях. 3. Середньомісячна заробітна плата одного штатного працівника розраховується шляхом ділення нарахованого фонду оплати праці штатних працівників за звітний місяць (період) на середньооблікову кількість штатних працівників і на кількість місяців у періоді.","","6238","","","","12764"
"Нараховано в середньому штатному працівнику, за період часу","Місяць","Жінки","Україна","Професії та професійні групи","Професіонали з безпеки та якості ","Річна","Гривня","Одиниці","Нуль","","","1. Дані підготовлено за результатами державного статистичного спостереження ""Рівень заробітної плати працівників за статтю, віком, освітою та професійними групами"", яким охоплені юридичні особи та відокремлені підрозділи юридичних осіб із кількістю найманих працівників 10 і більше осіб. 2. Дані наведено без урахування тимчасово окупованої території Автономної Республіки Крим, м. Севастополя та частини тимчасово окупованих територій у Донецькій та Луганській областях. 3. Середньомісячна заробітна плата одного штатного працівника розраховується шляхом ділення нарахованого фонду оплати праці штатних працівників за звітний місяць (період) на середньооблікову кількість штатних працівників і на кількість місяців у періоді. Професія – це певний вид трудової діяльності, який потребує спеціальних теоретичних знань та практичних навичок. Професія – рід занять, певна форма трудової діяльності.","","3739","","","","9548"
"Нараховано в середньому штатному працівнику, за період часу","Місяць","Жінки","Україна","Вид економічної діяльності","Тимчасове розміщування й організація харчування","Річна","Гривня","Одиниці","Нуль","","","1. Дані підготовлено за результатами державного статистичного спостереження ""Рівень заробітної плати працівників за статтю, віком, освітою та професійними групами"", яким охоплені юридичні особи та відокремлені підрозділи юридичних осіб із кількістю найманих працівників 10 і більше осіб. 2. Дані наведено без урахування тимчасово окупованої території Автономної Республіки Крим, м. Севастополя та частини тимчасово окупованих територій у Донецькій та Луганській областях. 3. Середньомісячна заробітна плата одного штатного працівника розраховується шляхом ділення нарахованого фонду оплати праці штатних працівників за звітний місяць (період) на середньооблікову кількість штатних працівників і на кількість місяців у періоді.","","2977","","","","4747"
"Нараховано в середньому штатному працівнику, за період часу","Місяць","Жінки","Україна","Професії та професійні групи","Менеджери (управителі) підприємств, установ, організацій та їх підрозділів ","Річна","Гривня","Одиниці","Нуль","","","1. Дані підготовлено за результатами державного статистичного спостереження ""Рівень заробітної плати працівників за статтю, віком, освітою та професійними групами"", яким охоплені юридичні особи та відокремлені підрозділи юридичних осіб із кількістю найманих працівників 10 і більше осіб. 2. Дані наведено без урахування тимчасово окупованої території Автономної Республіки Крим, м. Севастополя та частини тимчасово окупованих територій у Донецькій та Луганській областях. 3. Середньомісячна заробітна плата одного штатного працівника розраховується шляхом ділення нарахованого фонду оплати праці штатних працівників за звітний місяць (період) на середньооблікову кількість штатних працівників і на кількість місяців у періоді. Професія – це певний вид трудової діяльності, який потребує спеціальних теоретичних знань та практичних навичок. Професія – рід занять, певна форма трудової діяльності.","","6382","","","","12375"
"Нараховано в середньому штатному працівнику, за період часу","Місяць","Жінки","Україна","Професії та професійні групи","Керівники виробничих та інших основних підрозділів","Річна","Гривня","Одиниці","Нуль","","","1. Дані підготовлено за результатами державного статистичного спостереження ""Рівень заробітної плати працівників за статтю, віком, освітою та професійними групами"", яким охоплені юридичні особи та відокремлені підрозділи юридичних осіб із кількістю найманих працівників 10 і більше осіб. 2. Дані наведено без урахування тимчасово окупованої території Автономної Республіки Крим, м. Севастополя та частини тимчасово окупованих територій у Донецькій та Луганській областях. 3. Середньомісячна заробітна плата одного штатного працівника розраховується шляхом ділення нарахованого фонду оплати праці штатних працівників за звітний місяць (період) на середньооблікову кількість штатних працівників і на кількість місяців у періоді. Професія – це певний вид трудової діяльності, який потребує спеціальних теоретичних знань та практичних навичок. Професія – рід занять, певна форма трудової діяльності.","","6292","","","","15865"
"Нараховано в середньому штатному працівнику, за період часу","Місяць","Жінки","Україна","Вид економічної діяльності","Постачання електроенергії, газу, пари та кондиційованого повітря","Річна","Гривня","Одиниці","Нуль","","","1. Дані підготовлено за результатами державного статистичного спостереження ""Рівень заробітної плати працівників за статтю, віком, освітою та професійними групами"", яким охоплені юридичні особи та відокремлені підрозділи юридичних осіб із кількістю найманих працівників 10 і більше осіб. 2. Дані наведено без урахування тимчасово окупованої території Автономної Республіки Крим, м. Севастополя та частини тимчасово окупованих територій у Донецькій та Луганській областях. 3. Середньомісячна заробітна плата одного штатного працівника розраховується шляхом ділення нарахованого фонду оплати праці штатних працівників за звітний місяць (період) на середньооблікову кількість штатних працівників і на кількість місяців у періоді.","","5449","","","","12716"
"Нараховано в середньому штатному працівнику, за період часу","Місяць","Жінки","Україна","Професії та професійні групи","Менеджери (управителі) в торгівлі, готелях та закладах ресторанного господарства","Річна","Гривня","Одиниці","Нуль","","","1. Дані підготовлено за результатами державного статистичного спостереження ""Рівень заробітної плати працівників за статтю, віком, освітою та професійними групами"", яким охоплені юридичні особи та відокремлені підрозділи юридичних осіб із кількістю найманих працівників 10 і більше осіб. 2. Дані наведено без урахування тимчасово окупованої території Автономної Республіки Крим, м. Севастополя та частини тимчасово окупованих територій у Донецькій та Луганській областях. 3. Середньомісячна заробітна плата одного штатного працівника розраховується шляхом ділення нарахованого фонду оплати праці штатних працівників за звітний місяць (період) на середньооблікову кількість штатних працівників і на кількість місяців у періоді. Професія – це певний вид трудової діяльності, який потребує спеціальних теоретичних знань та практичних навичок. Професія – рід занять, певна форма трудової діяльності.","","5457","","","","8566"
"Нараховано в середньому штатному працівнику, за період часу","Місяць","Жінки","Україна","Професії та професійні групи","Інші фахівці в галузі освіти ","Річна","Гривня","Одиниці","Нуль","","","1. Дані підготовлено за результатами державного статистичного спостереження ""Рівень заробітної плати працівників за статтю, віком, освітою та професійними групами"", яким охоплені юридичні особи та відокремлені підрозділи юридичних осіб із кількістю найманих працівників 10 і більше осіб. 2. Дані наведено без урахування тимчасово окупованої території Автономної Республіки Крим, м. Севастополя та частини тимчасово окупованих територій у Донецькій та Луганській областях. 3. Середньомісячна заробітна плата одного штатного працівника розраховується шляхом ділення нарахованого фонду оплати праці штатних працівників за звітний місяць (період) на середньооблікову кількість штатних працівників і на кількість місяців у періоді. Професія – це певний вид трудової діяльності, який потребує спеціальних теоретичних знань та практичних навичок. Професія – рід занять, певна форма трудової діяльності.","","3669","","","","8895"
"Нараховано в середньому штатному працівнику, за період часу","Місяць","Жінки","Україна","Професії та професійні групи","Технічні фахівці в галузі  фізичних наук та техніки","Річна","Гривня","Одиниці","Нуль","","","1. Дані підготовлено за результатами державного статистичного спостереження ""Рівень заробітної плати працівників за статтю, віком, освітою та професійними групами"", яким охоплені юридичні особи та відокремлені підрозділи юридичних осіб із кількістю найманих працівників 10 і більше осіб. 2. Дані наведено без урахування тимчасово окупованої території Автономної Республіки Крим, м. Севастополя та частини тимчасово окупованих територій у Донецькій та Луганській областях. 3. Середньомісячна заробітна плата одного штатного працівника розраховується шляхом ділення нарахованого фонду оплати праці штатних працівників за звітний місяць (період) на середньооблікову кількість штатних працівників і на кількість місяців у періоді. Професія – це певний вид трудової діяльності, який потребує спеціальних теоретичних знань та практичних навичок. Професія – рід занять, певна форма трудової діяльності.","","4225","","","","9072"
"Нараховано в середньому штатному працівнику, за період часу","Місяць","Жінки","Україна","Професії та професійні групи","Менеджери (управителі) у сільському, мисливському, лісовому, рибному та водному господарствах","Річна","Гривня","Одиниці","Нуль","","","1. Дані підготовлено за результатами державного статистичного спостереження ""Рівень заробітної плати працівників за статтю, віком, освітою та професійними групами"", яким охоплені юридичні особи та відокремлені підрозділи юридичних осіб із кількістю найманих працівників 10 і більше осіб. 2. Дані наведено без урахування тимчасово окупованої території Автономної Республіки Крим, м. Севастополя та частини тимчасово окупованих територій у Донецькій та Луганській областях. 3. Середньомісячна заробітна плата одного штатного працівника розраховується шляхом ділення нарахованого фонду оплати праці штатних працівників за звітний місяць (період) на середньооблікову кількість штатних працівників і на кількість місяців у періоді. Професія – це певний вид трудової діяльності, який потребує спеціальних теоретичних знань та практичних навичок. Професія – рід занять, певна форма трудової діяльності.","","1581","","","","5425"
"Нараховано в середньому штатному працівнику, за період часу","Місяць","Жінки","Україна","Професії та професійні групи","Інспектори з безпеки та якості ","Річна","Гривня","Одиниці","Нуль","","","1. Дані підготовлено за результатами державного статистичного спостереження ""Рівень заробітної плати працівників за статтю, віком, освітою та професійними групами"", яким охоплені юридичні особи та відокремлені підрозділи юридичних осіб із кількістю найманих працівників 10 і більше осіб. 2. Дані наведено без урахування тимчасово окупованої території Автономної Республіки Крим, м. Севастополя та частини тимчасово окупованих територій у Донецькій та Луганській областях. 3. Середньомісячна заробітна плата одного штатного працівника розраховується шляхом ділення нарахованого фонду оплати праці штатних працівників за звітний місяць (період) на середньооблікову кількість штатних працівників і на кількість місяців у періоді. Професія – це певний вид трудової діяльності, який потребує спеціальних теоретичних знань та практичних навичок. Професія – рід занять, певна форма трудової діяльності.","","5603","","","","11522"
"Нараховано в середньому штатному працівнику, за період часу","Місяць","Жінки","Україна","Вид економічної діяльності","Охорона здоров'я та надання соціальної допомоги","Річна","Гривня","Одиниці","Нуль","","","1. Дані підготовлено за результатами державного статистичного спостереження ""Рівень заробітної плати працівників за статтю, віком, освітою та професійними групами"", яким охоплені юридичні особи та відокремлені підрозділи юридичних осіб із кількістю найманих працівників 10 і більше осіб. 2. Дані наведено без урахування тимчасово окупованої території Автономної Республіки Крим, м. Севастополя та частини тимчасово окупованих територій у Донецькій та Луганській областях. 3. Середньомісячна заробітна плата одного штатного працівника розраховується шляхом ділення нарахованого фонду оплати праці штатних працівників за звітний місяць (період) на середньооблікову кількість штатних працівників і на кількість місяців у періоді.","","3139","","","","8276"
"Нараховано в середньому штатному працівнику, за період часу","Місяць","Жінки","Україна","Професії та професійні групи","Фахівці в галузі освіти ","Річна","Гривня","Одиниці","Нуль","","","1. Дані підготовлено за результатами державного статистичного спостереження ""Рівень заробітної плати працівників за статтю, віком, освітою та професійними групами"", яким охоплені юридичні особи та відокремлені підрозділи юридичних осіб із кількістю найманих працівників 10 і більше осіб. 2. Дані наведено без урахування тимчасово окупованої території Автономної Республіки Крим, м. Севастополя та частини тимчасово окупованих територій у Донецькій та Луганській областях. 3. Середньомісячна заробітна плата одного штатного працівника розраховується шляхом ділення нарахованого фонду оплати праці штатних працівників за звітний місяць (період) на середньооблікову кількість штатних працівників і на кількість місяців у періоді. Професія – це певний вид трудової діяльності, який потребує спеціальних теоретичних знань та практичних навичок. Професія – рід занять, певна форма трудової діяльності.","","3822","","","","8904"
"Нараховано в середньому штатному працівнику, за період часу","Місяць","Жінки","Україна","Професії та професійні групи","Менеджери (управителі) в інших  видах економічної діяльності","Річна","Гривня","Одиниці","Нуль","","","1. Дані підготовлено за результатами державного статистичного спостереження ""Рівень заробітної плати працівників за статтю, віком, освітою та професійними групами"", яким охоплені юридичні особи та відокремлені підрозділи юридичних осіб із кількістю найманих працівників 10 і більше осіб. 2. Дані наведено без урахування тимчасово окупованої території Автономної Республіки Крим, м. Севастополя та частини тимчасово окупованих територій у Донецькій та Луганській областях. 3. Середньомісячна заробітна плата одного штатного працівника розраховується шляхом ділення нарахованого фонду оплати праці штатних працівників за звітний місяць (період) на середньооблікову кількість штатних працівників і на кількість місяців у періоді. Професія – це певний вид трудової діяльності, який потребує спеціальних теоретичних знань та практичних навичок. Професія – рід занять, певна форма трудової діяльності.","","9087","","","","22962"
"Нараховано в середньому штатному працівнику, за період часу","Місяць","Жінки","Україна","Професії та професійні групи","Професіонали в галузі  обчислень (комп'ютеризації)","Річна","Гривня","Одиниці","Нуль","","","1. Дані підготовлено за результатами державного статистичного спостереження ""Рівень заробітної плати працівників за статтю, віком, освітою та професійними групами"", яким охоплені юридичні особи та відокремлені підрозділи юридичних осіб із кількістю найманих працівників 10 і більше осіб. 2. Дані наведено без урахування тимчасово окупованої території Автономної Республіки Крим, м. Севастополя та частини тимчасово окупованих територій у Донецькій та Луганській областях. 3. Середньомісячна заробітна плата одного штатного працівника розраховується шляхом ділення нарахованого фонду оплати праці штатних працівників за звітний місяць (період) на середньооблікову кількість штатних працівників і на кількість місяців у періоді. Професія – це певний вид трудової діяльності, який потребує спеціальних теоретичних знань та практичних навичок. Професія – рід занять, певна форма трудової діяльності.","","9449","","","","14560"
"Нараховано в середньому штатному працівнику, за період часу","Місяць","Жінки","Україна","Професії та професійні групи","Викладачі середніх навчальних  закладів","Річна","Гривня","Одиниці","Нуль","","","1. Дані підготовлено за результатами державного статистичного спостереження ""Рівень заробітної плати працівників за статтю, віком, освітою та професійними групами"", яким охоплені юридичні особи та відокремлені підрозділи юридичних осіб із кількістю найманих працівників 10 і більше осіб. 2. Дані наведено без урахування тимчасово окупованої території Автономної Республіки Крим, м. Севастополя та частини тимчасово окупованих територій у Донецькій та Луганській областях. 3. Середньомісячна заробітна плата одного штатного працівника розраховується шляхом ділення нарахованого фонду оплати праці штатних працівників за звітний місяць (період) на середньооблікову кількість штатних працівників і на кількість місяців у періоді. Професія – це певний вид трудової діяльності, який потребує спеціальних теоретичних знань та практичних навичок. Професія – рід занять, певна форма трудової діяльності.","","4952","","","","12173"
"Нараховано в середньому штатному працівнику, за період часу","Місяць","Жінки","Україна","Професії та професійні групи","Професіонали ","Річна","Гривня","Одиниці","Нуль","","","1. Дані підготовлено за результатами державного статистичного спостереження ""Рівень заробітної плати працівників за статтю, віком, освітою та професійними групами"", яким охоплені юридичні особи та відокремлені підрозділи юридичних осіб із кількістю найманих працівників 10 і більше осіб. 2. Дані наведено без урахування тимчасово окупованої території Автономної Республіки Крим, м. Севастополя та частини тимчасово окупованих територій у Донецькій та Луганській областях. 3. Середньомісячна заробітна плата одного штатного працівника розраховується шляхом ділення нарахованого фонду оплати праці штатних працівників за звітний місяць (період) на середньооблікову кількість штатних працівників і на кількість місяців у періоді. Професія – це певний вид трудової діяльності, який потребує спеціальних теоретичних знань та практичних навичок. Професія – рід занять, певна форма трудової діяльності.","","5070","","","","12555"
"Нараховано в середньому штатному працівнику, за період часу","Місяць","Жінки","Україна","Рівень освіти","Другий етап середньої освіти","Річна","Гривня","Одиниці","Нуль","","","1. Дані підготовлено за результатами державного статистичного спостереження ""Рівень заробітної плати працівників за статтю, віком, освітою та професійними групами"", яким охоплені юридичні особи та відокремлені підрозділи юридичних осіб із кількістю найманих працівників 10 і більше осіб. 2. Дані наведено без урахування тимчасово окупованої території Автономної Республіки Крим, м. Севастополя та частини тимчасово окупованих територій у Донецькій та Луганській областях. 3. Середня заробітна плата штатних працівників за одну оплачену годину  обчислюється шляхом ділення суми нарахованого фонду оплати праці штатних працівників на кількість оплачених їм людино-годин за відповідний період. Освіта – це процес і результат засвоєння людиною систематичних знань, умінь і навичок, розвиток розуму та почуттів, формування світогляду та пізнавальних інтересів.","","2788","","","","6895"
"Нараховано в середньому штатному працівнику, за період часу","Місяць","Жінки","Україна","Професії та професійні групи","Вищі посадові особи державних органів влади","Річна","Гривня","Одиниці","Нуль","","","1. Дані підготовлено за результатами державного статистичного спостереження ""Рівень заробітної плати працівників за статтю, віком, освітою та професійними групами"", яким охоплені юридичні особи та відокремлені підрозділи юридичних осіб із кількістю найманих працівників 10 і більше осіб. 2. Дані наведено без урахування тимчасово окупованої території Автономної Республіки Крим, м. Севастополя та частини тимчасово окупованих територій у Донецькій та Луганській областях. 3. Середньомісячна заробітна плата одного штатного працівника розраховується шляхом ділення нарахованого фонду оплати праці штатних працівників за звітний місяць (період) на середньооблікову кількість штатних працівників і на кількість місяців у періоді. Професія – це певний вид трудової діяльності, який потребує спеціальних теоретичних знань та практичних навичок. Професія – рід занять, певна форма трудової діяльності.","","13990","","","","132375"
"Нараховано в середньому штатному працівнику, за період часу","Місяць","Жінки","Україна","Професії та професійні групи","Агенти з комерційного обслуговування та торговельні брокери ","Річна","Гривня","Одиниці","Нуль","","","1. Дані підготовлено за результатами державного статистичного спостереження ""Рівень заробітної плати працівників за статтю, віком, освітою та професійними групами"", яким охоплені юридичні особи та відокремлені підрозділи юридичних осіб із кількістю найманих працівників 10 і більше осіб. 2. Дані наведено без урахування тимчасово окупованої території Автономної Республіки Крим, м. Севастополя та частини тимчасово окупованих територій у Донецькій та Луганській областях. 3. Середньомісячна заробітна плата одного штатного працівника розраховується шляхом ділення нарахованого фонду оплати праці штатних працівників за звітний місяць (період) на середньооблікову кількість штатних працівників і на кількість місяців у періоді. Професія – це певний вид трудової діяльності, який потребує спеціальних теоретичних знань та практичних навичок. Професія – рід занять, певна форма трудової діяльності.","","5109","","","","9392"
"Нараховано в середньому штатному працівнику, за період часу","Місяць","Жінки","Україна","Професії та професійні групи","Медичні сестри та акушерки,  що асистують професіоналам","Річна","Гривня","Одиниці","Нуль","","","1. Дані підготовлено за результатами державного статистичного спостереження ""Рівень заробітної плати працівників за статтю, віком, освітою та професійними групами"", яким охоплені юридичні особи та відокремлені підрозділи юридичних осіб із кількістю найманих працівників 10 і більше осіб. 2. Дані наведено без урахування тимчасово окупованої території Автономної Республіки Крим, м. Севастополя та частини тимчасово окупованих територій у Донецькій та Луганській областях. 3. Середньомісячна заробітна плата одного штатного працівника розраховується шляхом ділення нарахованого фонду оплати праці штатних працівників за звітний місяць (період) на середньооблікову кількість штатних працівників і на кількість місяців у періоді. Професія – це певний вид трудової діяльності, який потребує спеціальних теоретичних знань та практичних навичок. Професія – рід занять, певна форма трудової діяльності.","","3263","","","","8130"
"Нараховано в середньому штатному працівнику, за період часу","Місяць","Жінки","Україна","Професії та професійні групи","Керівники малих підприємств  без апарату управління","Річна","Гривня","Одиниці","Нуль","","","1. Дані підготовлено за результатами державного статистичного спостереження ""Рівень заробітної плати працівників за статтю, віком, освітою та професійними групами"", яким охоплені юридичні особи та відокремлені підрозділи юридичних осіб із кількістю найманих працівників 10 і більше осіб. 2. Дані наведено без урахування тимчасово окупованої території Автономної Республіки Крим, м. Севастополя та частини тимчасово окупованих територій у Донецькій та Луганській областях. 3. Середньомісячна заробітна плата одного штатного працівника розраховується шляхом ділення нарахованого фонду оплати праці штатних працівників за звітний місяць (період) на середньооблікову кількість штатних працівників і на кількість місяців у періоді. Професія – це певний вид трудової діяльності, який потребує спеціальних теоретичних знань та практичних навичок. Професія – рід занять, певна форма трудової діяльності.","","6332","","","","12041"
"Нараховано в середньому штатному працівнику, за період часу","Місяць","Жінки","Україна","Професії та професійні групи","Інші професіонали","Річна","Гривня","Одиниці","Нуль","","","1. Дані підготовлено за результатами державного статистичного спостереження ""Рівень заробітної плати працівників за статтю, віком, освітою та професійними групами"", яким охоплені юридичні особи та відокремлені підрозділи юридичних осіб із кількістю найманих працівників 10 і більше осіб. 2. Дані наведено без урахування тимчасово окупованої території Автономної Республіки Крим, м. Севастополя та частини тимчасово окупованих територій у Донецькій та Луганській областях. 3. Середньомісячна заробітна плата одного штатного працівника розраховується шляхом ділення нарахованого фонду оплати праці штатних працівників за звітний місяць (період) на середньооблікову кількість штатних працівників і на кількість місяців у періоді. Професія – це певний вид трудової діяльності, який потребує спеціальних теоретичних знань та практичних навичок. Професія – рід занять, певна форма трудової діяльності.","","5393","","","","14121"
"Нараховано в середньому штатному працівнику, за період часу","Місяць","Жінки","Україна","Професії та професійні групи","Професіонали в галузі економіки, соціології, археографії, археології, географії, кримінології та палеографії","Річна","Гривня","Одиниці","Нуль","","","1. Дані підготовлено за результатами державного статистичного спостереження ""Рівень заробітної плати працівників за статтю, віком, освітою та професійними групами"", яким охоплені юридичні особи та відокремлені підрозділи юридичних осіб із кількістю найманих працівників 10 і більше осіб. 2. Дані наведено без урахування тимчасово окупованої території Автономної Республіки Крим, м. Севастополя та частини тимчасово окупованих територій у Донецькій та Луганській областях. 3. Середньомісячна заробітна плата одного штатного працівника розраховується шляхом ділення нарахованого фонду оплати праці штатних працівників за звітний місяць (період) на середньооблікову кількість штатних працівників і на кількість місяців у періоді. Професія – це певний вид трудової діяльності, який потребує спеціальних теоретичних знань та практичних навичок. Професія – рід занять, певна форма трудової діяльності.","","5134","","","","12205"
"Нараховано в середньому штатному працівнику, за період часу","Місяць","Жінки","Україна","Рівень освіти","Докторантура або її еквівалент","Річна","Гривня","Одиниці","Нуль","","","1. Дані підготовлено за результатами державного статистичного спостереження ""Рівень заробітної плати працівників за статтю, віком, освітою та професійними групами"", яким охоплені юридичні особи та відокремлені підрозділи юридичних осіб із кількістю найманих працівників 10 і більше осіб. 2. Дані наведено без урахування тимчасово окупованої території Автономної Республіки Крим, м. Севастополя та частини тимчасово окупованих територій у Донецькій та Луганській областях. 3. Середня заробітна плата штатних працівників за одну оплачену годину  обчислюється шляхом ділення суми нарахованого фонду оплати праці штатних працівників на кількість оплачених їм людино-годин за відповідний період. Освіта – це процес і результат засвоєння людиною систематичних знань, умінь і навичок, розвиток розуму та почуттів, формування світогляду та пізнавальних інтересів.","Інформація відсутня.","","","","","16911"
"Нараховано в середньому штатному працівнику, за період часу","Місяць","Жінки","Україна","Рівень освіти","Магістратура або її еквівалент","Річна","Гривня","Одиниці","Нуль","","","1. Дані підготовлено за результатами державного статистичного спостереження ""Рівень заробітної плати працівників за статтю, віком, освітою та професійними групами"", яким охоплені юридичні особи та відокремлені підрозділи юридичних осіб із кількістю найманих працівників 10 і більше осіб. 2. Дані наведено без урахування тимчасово окупованої території Автономної Республіки Крим, м. Севастополя та частини тимчасово окупованих територій у Донецькій та Луганській областях. 3. Середня заробітна плата штатних працівників за одну оплачену годину  обчислюється шляхом ділення суми нарахованого фонду оплати праці штатних працівників на кількість оплачених їм людино-годин за відповідний період. Освіта – це процес і результат засвоєння людиною систематичних знань, умінь і навичок, розвиток розуму та почуттів, формування світогляду та пізнавальних інтересів.","Включаючи рівень освіти ""Докторантура або її еквівалент"".","5668","","","","13685"
"Нараховано в середньому штатному працівнику, за період часу","Місяць","Жінки","Україна","Професії та професійні групи","Професіонали в галузі наук про  життя та медичних наук","Річна","Гривня","Одиниці","Нуль","","","1. Дані підготовлено за результатами державного статистичного спостереження ""Рівень заробітної плати працівників за статтю, віком, освітою та професійними групами"", яким охоплені юридичні особи та відокремлені підрозділи юридичних осіб із кількістю найманих працівників 10 і більше осіб. 2. Дані наведено без урахування тимчасово окупованої території Автономної Республіки Крим, м. Севастополя та частини тимчасово окупованих територій у Донецькій та Луганській областях. 3. Середньомісячна заробітна плата одного штатного працівника розраховується шляхом ділення нарахованого фонду оплати праці штатних працівників за звітний місяць (період) на середньооблікову кількість штатних працівників і на кількість місяців у періоді. Професія – це певний вид трудової діяльності, який потребує спеціальних теоретичних знань та практичних навичок. Професія – рід занять, певна форма трудової діяльності.","","4587","","","","9954"
"Нараховано в середньому штатному працівнику, за період часу","Місяць","Жінки","Україна","Вид економічної діяльності","Операції з нерухомим майном","Річна","Гривня","Одиниці","Нуль","","","1. Дані підготовлено за результатами державного статистичного спостереження ""Рівень заробітної плати працівників за статтю, віком, освітою та професійними групами"", яким охоплені юридичні особи та відокремлені підрозділи юридичних осіб із кількістю найманих працівників 10 і більше осіб. 2. Дані наведено без урахування тимчасово окупованої території Автономної Республіки Крим, м. Севастополя та частини тимчасово окупованих територій у Донецькій та Луганській областях. 3. Середньомісячна заробітна плата одного штатного працівника розраховується шляхом ділення нарахованого фонду оплати праці штатних працівників за звітний місяць (період) на середньооблікову кількість штатних працівників і на кількість місяців у періоді.","","3831","","","","8135"
"Нараховано в середньому штатному працівнику, за період часу","Місяць","Жінки","Україна","Професії та професійні групи","Професіонали в галузі туризму,  готельної, ресторанної та санаторно-курортної справи","Річна","Гривня","Одиниці","Нуль","","","1. Дані підготовлено за результатами державного статистичного спостереження ""Рівень заробітної плати працівників за статтю, віком, освітою та професійними групами"", яким охоплені юридичні особи та відокремлені підрозділи юридичних осіб із кількістю найманих працівників 10 і більше осіб. 2. Дані наведено без урахування тимчасово окупованої території Автономної Республіки Крим, м. Севастополя та частини тимчасово окупованих територій у Донецькій та Луганській областях. 3. Середньомісячна заробітна плата одного штатного працівника розраховується шляхом ділення нарахованого фонду оплати праці штатних працівників за звітний місяць (період) на середньооблікову кількість штатних працівників і на кількість місяців у періоді. Професія – це певний вид трудової діяльності, який потребує спеціальних теоретичних знань та практичних навичок. Професія – рід занять, певна форма трудової діяльності.","","3146","","","","6477"
"Нараховано в середньому штатному працівнику, за період часу","Місяць","Жінки","Україна","Вид економічної діяльності","Транспорт, складське господарство, поштова та кур'єрська діяльність","Річна","Гривня","Одиниці","Нуль","","","1. Дані підготовлено за результатами державного статистичного спостереження ""Рівень заробітної плати працівників за статтю, віком, освітою та професійними групами"", яким охоплені юридичні особи та відокремлені підрозділи юридичних осіб із кількістю найманих працівників 10 і більше осіб. 2. Дані наведено без урахування тимчасово окупованої території Автономної Республіки Крим, м. Севастополя та частини тимчасово окупованих територій у Донецькій та Луганській областях. 3. Середньомісячна заробітна плата одного штатного працівника розраховується шляхом ділення нарахованого фонду оплати праці штатних працівників за звітний місяць (період) на середньооблікову кількість штатних працівників і на кількість місяців у періоді.","","4703","","","","11678"
"Нараховано в середньому штатному працівнику, за період часу","Місяць","Жінки","Україна","Професії та професійні групи","Менеджери (управителі) у фінансовій діяльності","Річна","Гривня","Одиниці","Нуль","","","1. Дані підготовлено за результатами державного статистичного спостереження ""Рівень заробітної плати працівників за статтю, віком, освітою та професійними групами"", яким охоплені юридичні особи та відокремлені підрозділи юридичних осіб із кількістю найманих працівників 10 і більше осіб. 2. Дані наведено без урахування тимчасово окупованої території Автономної Республіки Крим, м. Севастополя та частини тимчасово окупованих територій у Донецькій та Луганській областях. 3. Середньомісячна заробітна плата одного штатного працівника розраховується шляхом ділення нарахованого фонду оплати праці штатних працівників за звітний місяць (період) на середньооблікову кількість штатних працівників і на кількість місяців у періоді. Професія – це певний вид трудової діяльності, який потребує спеціальних теоретичних знань та практичних навичок. Професія – рід занять, певна форма трудової діяльності.","","7644","","","","12024"
"Нараховано в середньому штатному працівнику, за період часу","Місяць","Жінки","Україна","Професії та професійні групи","Керівники функціональних  підрозділів ","Річна","Гривня","Одиниці","Нуль","","","1. Дані підготовлено за результатами державного статистичного спостереження ""Рівень заробітної плати працівників за статтю, віком, освітою та професійними групами"", яким охоплені юридичні особи та відокремлені підрозділи юридичних осіб із кількістю найманих працівників 10 і більше осіб. 2. Дані наведено без урахування тимчасово окупованої території Автономної Республіки Крим, м. Севастополя та частини тимчасово окупованих територій у Донецькій та Луганській областях. 3. Середньомісячна заробітна плата одного штатного працівника розраховується шляхом ділення нарахованого фонду оплати праці штатних працівників за звітний місяць (період) на середньооблікову кількість штатних працівників і на кількість місяців у періоді. Професія – це певний вид трудової діяльності, який потребує спеціальних теоретичних знань та практичних навичок. Професія – рід занять, певна форма трудової діяльності.","","7074","","","","16671"
"Нараховано в середньому штатному працівнику, за період часу","Місяць","Жінки","Україна","Професії та професійні групи","Керівники малих підприємств без апарату управління","Річна","Гривня","Одиниці","Нуль","","","1. Дані підготовлено за результатами державного статистичного спостереження ""Рівень заробітної плати працівників за статтю, віком, освітою та професійними групами"", яким охоплені юридичні особи та відокремлені підрозділи юридичних осіб із кількістю найманих працівників 10 і більше осіб. 2. Дані наведено без урахування тимчасово окупованої території Автономної Республіки Крим, м. Севастополя та частини тимчасово окупованих територій у Донецькій та Луганській областях. 3. Середньомісячна заробітна плата одного штатного працівника розраховується шляхом ділення нарахованого фонду оплати праці штатних працівників за звітний місяць (період) на середньооблікову кількість штатних працівників і на кількість місяців у періоді. Професія – це певний вид трудової діяльності, який потребує спеціальних теоретичних знань та практичних навичок. Професія – рід занять, певна форма трудової діяльності.","","6332","","","","12041"
"Нараховано в середньому штатному працівнику, за період часу","Місяць","Жінки","Україна","Вид економічної діяльності","Переробна промисловість","Річна","Гривня","Одиниці","Нуль","","","1. Дані підготовлено за результатами державного статистичного спостереження ""Рівень заробітної плати працівників за статтю, віком, освітою та професійними групами"", яким охоплені юридичні особи та відокремлені підрозділи юридичних осіб із кількістю найманих працівників 10 і більше осіб. 2. Дані наведено без урахування тимчасово окупованої території Автономної Республіки Крим, м. Севастополя та частини тимчасово окупованих територій у Донецькій та Луганській областях. 3. Середньомісячна заробітна плата одного штатного працівника розраховується шляхом ділення нарахованого фонду оплати праці штатних працівників за звітний місяць (період) на середньооблікову кількість штатних працівників і на кількість місяців у періоді.","","4382","","","","9274"
"Нараховано в середньому штатному працівнику, за період часу","Місяць","Жінки","Україна","Вікова група","Усього","Річна","Гривня","Одиниці","Нуль","","","1. Дані підготовлено за результатами державного статистичного спостереження ""Рівень заробітної плати працівників за статтю, віком, освітою та професійними групами"", яким охоплені юридичні особи та відокремлені підрозділи юридичних осіб із кількістю найманих працівників 10 і більше осіб. 2. Дані наведено без урахування тимчасово окупованої території Автономної Республіки Крим, м. Севастополя та частини тимчасово окупованих територій у Донецькій та Луганській областях. 3. Середньомісячна заробітна плата одного штатного працівника розраховується шляхом ділення нарахованого фонду оплати праці штатних працівників за звітний місяць (період) на середньооблікову кількість штатних працівників і на кількість місяців у періоді.","","4229","","","","10049"
"Нараховано в середньому штатному працівнику, за період часу","Місяць","Жінки","Україна","Професії та професійні групи","Фахівці з початкової освіти","Річна","Гривня","Одиниці","Нуль","","","1. Дані підготовлено за результатами державного статистичного спостереження ""Рівень заробітної плати працівників за статтю, віком, освітою та професійними групами"", яким охоплені юридичні особи та відокремлені підрозділи юридичних осіб із кількістю найманих працівників 10 і більше осіб. 2. Дані наведено без урахування тимчасово окупованої території Автономної Республіки Крим, м. Севастополя та частини тимчасово окупованих територій у Донецькій та Луганській областях. 3. Середньомісячна заробітна плата одного штатного працівника розраховується шляхом ділення нарахованого фонду оплати праці штатних працівників за звітний місяць (період) на середньооблікову кількість штатних працівників і на кількість місяців у періоді. Професія – це певний вид трудової діяльності, який потребує спеціальних теоретичних знань та практичних навичок. Професія – рід занять, певна форма трудової діяльності.","","5084","","","","8434"
"Нараховано в середньому штатному працівнику, за період часу","Місяць","Жінки","Україна","Професії та професійні групи","Технічні фахівці в галузі обчислювальної техніки","Річна","Гривня","Одиниці","Нуль","","","1. Дані підготовлено за результатами державного статистичного спостереження ""Рівень заробітної плати працівників за статтю, віком, освітою та професійними групами"", яким охоплені юридичні особи та відокремлені підрозділи юридичних осіб із кількістю найманих працівників 10 і більше осіб. 2. Дані наведено без урахування тимчасово окупованої території Автономної Республіки Крим, м. Севастополя та частини тимчасово окупованих територій у Донецькій та Луганській областях. 3. Середньомісячна заробітна плата одного штатного працівника розраховується шляхом ділення нарахованого фонду оплати праці штатних працівників за звітний місяць (період) на середньооблікову кількість штатних працівників і на кількість місяців у періоді. Професія – це певний вид трудової діяльності, який потребує спеціальних теоретичних знань та практичних навичок. Професія – рід занять, певна форма трудової діяльності.","","7339","","","","15376"
"Нараховано в середньому штатному працівнику, за період часу","Місяць","Жінки","Україна","Вид економічної діяльності","Освіта","Річна","Гривня","Одиниці","Нуль","","","1. Дані підготовлено за результатами державного статистичного спостереження ""Рівень заробітної плати працівників за статтю, віком, освітою та професійними групами"", яким охоплені юридичні особи та відокремлені підрозділи юридичних осіб із кількістю найманих працівників 10 і більше осіб. 2. Дані наведено без урахування тимчасово окупованої території Автономної Республіки Крим, м. Севастополя та частини тимчасово окупованих територій у Донецькій та Луганській областях. 3. Середньомісячна заробітна плата одного штатного працівника розраховується шляхом ділення нарахованого фонду оплати праці штатних працівників за звітний місяць (період) на середньооблікову кількість штатних працівників і на кількість місяців у періоді.","","4141","","","","9562"
"Нараховано в середньому штатному працівнику, за період часу","Місяць","Жінки","Україна","Професії та професійні групи","Фахівці в галузі біології, агрономії та медицини ","Річна","Гривня","Одиниці","Нуль","","","1. Дані підготовлено за результатами державного статистичного спостереження ""Рівень заробітної плати працівників за статтю, віком, освітою та професійними групами"", яким охоплені юридичні особи та відокремлені підрозділи юридичних осіб із кількістю найманих працівників 10 і більше осіб. 2. Дані наведено без урахування тимчасово окупованої території Автономної Республіки Крим, м. Севастополя та частини тимчасово окупованих територій у Донецькій та Луганській областях. 3. Середньомісячна заробітна плата одного штатного працівника розраховується шляхом ділення нарахованого фонду оплати праці штатних працівників за звітний місяць (період) на середньооблікову кількість штатних працівників і на кількість місяців у періоді. Професія – це певний вид трудової діяльності, який потребує спеціальних теоретичних знань та практичних навичок. Професія – рід занять, певна форма трудової діяльності.","","3288","","","","8119"
"Нараховано в середньому штатному працівнику, за період часу","Місяць","Жінки","Україна","Рівень освіти","Усього","Річна","Гривня","Одиниці","Нуль","","","1. Дані підготовлено за результатами державного статистичного спостереження ""Рівень заробітної плати працівників за статтю, віком, освітою та професійними групами"", яким охоплені юридичні особи та відокремлені підрозділи юридичних осіб із кількістю найманих працівників 10 і більше осіб. 2. Дані наведено без урахування тимчасово окупованої території Автономної Республіки Крим, м. Севастополя та частини тимчасово окупованих територій у Донецькій та Луганській областях. 3. Середньомісячна заробітна плата одного штатного працівника розраховується шляхом ділення нарахованого фонду оплати праці штатних працівників за звітний місяць (період) на середньооблікову кількість штатних працівників і на кількість місяців у періоді. Освіта – це процес і результат засвоєння людиною систематичних знань, умінь і навичок, розвиток розуму та почуттів, формування світогляду та пізнавальних інтересів.","","4229","","","","10049"
"Нараховано в середньому штатному працівнику, за період часу","Місяць","Жінки","Україна","Професії та професійні групи","Вчителі початкової школи та  працівники дошкільних закладів (з дипломом про вищу освіту, що відповідає рівню спеціаліста) ","Річна","Гривня","Одиниці","Нуль","","","1. Дані підготовлено за результатами державного статистичного спостереження ""Рівень заробітної плати працівників за статтю, віком, освітою та професійними групами"", яким охоплені юридичні особи та відокремлені підрозділи юридичних осіб із кількістю найманих працівників 10 і більше осіб. 2. Дані наведено без урахування тимчасово окупованої території Автономної Республіки Крим, м. Севастополя та частини тимчасово окупованих територій у Донецькій та Луганській областях. 3. Середньомісячна заробітна плата одного штатного працівника розраховується шляхом ділення нарахованого фонду оплати праці штатних працівників за звітний місяць (період) на середньооблікову кількість штатних працівників і на кількість місяців у періоді. Професія – це певний вид трудової діяльності, який потребує спеціальних теоретичних знань та практичних навичок. Професія – рід занять, певна форма трудової діяльності.","","4264","","","","9495"
"Нараховано в середньому штатному працівнику, за період часу","Місяць","Жінки","Україна","Професії та професійні групи","Професіонали в галузі  архітектури та інженерної справи ","Річна","Гривня","Одиниці","Нуль","","","1. Дані підготовлено за результатами державного статистичного спостереження ""Рівень заробітної плати працівників за статтю, віком, освітою та професійними групами"", яким охоплені юридичні особи та відокремлені підрозділи юридичних осіб із кількістю найманих працівників 10 і більше осіб. 2. Дані наведено без урахування тимчасово окупованої території Автономної Республіки Крим, м. Севастополя та частини тимчасово окупованих територій у Донецькій та Луганській областях. 3. Середньомісячна заробітна плата одного штатного працівника розраховується шляхом ділення нарахованого фонду оплати праці штатних працівників за звітний місяць (період) на середньооблікову кількість штатних працівників і на кількість місяців у періоді. Професія – це певний вид трудової діяльності, який потребує спеціальних теоретичних знань та практичних навичок. Професія – рід занять, певна форма трудової діяльності.","","5571","","","","11280"
"Нараховано в середньому штатному працівнику, за період часу","Місяць","Жінки","Україна","Рівень освіти","Короткий цикл вищої освіти","Річна","Гривня","Одиниці","Нуль","","","1. Дані підготовлено за результатами державного статистичного спостереження ""Рівень заробітної плати працівників за статтю, віком, освітою та професійними групами"", яким охоплені юридичні особи та відокремлені підрозділи юридичних осіб із кількістю найманих працівників 10 і більше осіб. 2. Дані наведено без урахування тимчасово окупованої території Автономної Республіки Крим, м. Севастополя та частини тимчасово окупованих територій у Донецькій та Луганській областях. 3. Середня заробітна плата штатних працівників за одну оплачену годину  обчислюється шляхом ділення суми нарахованого фонду оплати праці штатних працівників на кількість оплачених їм людино-годин за відповідний період. Освіта – це процес і результат засвоєння людиною систематичних знань, умінь і навичок, розвиток розуму та почуттів, формування світогляду та пізнавальних інтересів.","","3482","","","","8525"
"Нараховано в середньому штатному працівнику, за період часу","Місяць","Жінки","Україна","Професії та професійні групи","Законодавці, вищі державні службовці, керівники, менеджери (управителі)","Річна","Гривня","Одиниці","Нуль","","","1. Дані підготовлено за результатами державного статистичного спостереження ""Рівень заробітної плати працівників за статтю, віком, освітою та професійними групами"", яким охоплені юридичні особи та відокремлені підрозділи юридичних осіб із кількістю найманих працівників 10 і більше осіб. 2. Дані наведено без урахування тимчасово окупованої території Автономної Республіки Крим, м. Севастополя та частини тимчасово окупованих територій у Донецькій та Луганській областях. 3. Середньомісячна заробітна плата одного штатного працівника розраховується шляхом ділення нарахованого фонду оплати праці штатних працівників за звітний місяць (період) на середньооблікову кількість штатних працівників і на кількість місяців у періоді. Професія – це певний вид трудової діяльності, який потребує спеціальних теоретичних знань та практичних навичок. Професія – рід занять, певна форма трудової діяльності.","","6584","","","","15303"
"Нараховано в середньому штатному працівнику, за період часу","Місяць","Жінки","Україна","Професії та професійні групи","Фахівці, що практикують в галузі нетрадиційної медицини","Річна","Гривня","Одиниці","Нуль","","","1. Дані підготовлено за результатами державного статистичного спостереження ""Рівень заробітної плати працівників за статтю, віком, освітою та професійними групами"", яким охоплені юридичні особи та відокремлені підрозділи юридичних осіб із кількістю найманих працівників 10 і більше осіб. 2. Дані наведено без урахування тимчасово окупованої території Автономної Республіки Крим, м. Севастополя та частини тимчасово окупованих територій у Донецькій та Луганській областях. 3. Середня заробітна плата штатних працівників за одну оплачену годину  обчислюється шляхом ділення суми нарахованого фонду оплати праці штатних працівників на кількість оплачених їм людино-годин за відповідний період. Професія – це певний вид трудової діяльності, який потребує спеціальних теоретичних знань та практичних навичок. Професія – рід занять, певна форма трудової діяльності.","","10831","","","",""
"Нараховано в середньому штатному працівнику, за період часу","Місяць","Жінки","Україна","Професії та професійні групи","Викладачі ","Річна","Гривня","Одиниці","Нуль","","","1. Дані підготовлено за результатами державного статистичного спостереження ""Рівень заробітної плати працівників за статтю, віком, освітою та професійними групами"", яким охоплені юридичні особи та відокремлені підрозділи юридичних осіб із кількістю найманих працівників 10 і більше осіб. 2. Дані наведено без урахування тимчасово окупованої території Автономної Республіки Крим, м. Севастополя та частини тимчасово окупованих територій у Донецькій та Луганській областях. 3. Середньомісячна заробітна плата одного штатного працівника розраховується шляхом ділення нарахованого фонду оплати праці штатних працівників за звітний місяць (період) на середньооблікову кількість штатних працівників і на кількість місяців у періоді. Професія – це певний вид трудової діяльності, який потребує спеціальних теоретичних знань та практичних навичок. Професія – рід занять, певна форма трудової діяльності.","","4812","","","","11962"
"Нараховано в середньому штатному працівнику, за період часу","Місяць","Жінки","Україна","Професії та професійні групи","Професіонали в галузі  художньої творчості","Річна","Гривня","Одиниці","Нуль","","","1. Дані підготовлено за результатами державного статистичного спостереження ""Рівень заробітної плати працівників за статтю, віком, освітою та професійними групами"", яким охоплені юридичні особи та відокремлені підрозділи юридичних осіб із кількістю найманих працівників 10 і більше осіб. 2. Дані наведено без урахування тимчасово окупованої території Автономної Республіки Крим, м. Севастополя та частини тимчасово окупованих територій у Донецькій та Луганській областях. 3. Середньомісячна заробітна плата одного штатного працівника розраховується шляхом ділення нарахованого фонду оплати праці штатних працівників за звітний місяць (період) на середньооблікову кількість штатних працівників і на кількість місяців у періоді. Професія – це певний вид трудової діяльності, який потребує спеціальних теоретичних знань та практичних навичок. Професія – рід занять, певна форма трудової діяльності.","","4317","","","","10724"
"Нараховано в середньому штатному працівнику, за період часу","Місяць","Жінки","Україна","Професії та професійні групи","Професіонали в сфері державної  служби, аудиту, бухгалтерського обліку, праці та зайнятості, маркетингу, ефективності підприємництва, раціоналізації виробництва та інтелектуальної власності","Річна","Гривня","Одиниці","Нуль","","","1. Дані підготовлено за результатами державного статистичного спостереження ""Рівень заробітної плати працівників за статтю, віком, освітою та професійними групами"", яким охоплені юридичні особи та відокремлені підрозділи юридичних осіб із кількістю найманих працівників 10 і більше осіб. 2. Дані наведено без урахування тимчасово окупованої території Автономної Республіки Крим, м. Севастополя та частини тимчасово окупованих територій у Донецькій та Луганській областях. 3. Середньомісячна заробітна плата одного штатного працівника розраховується шляхом ділення нарахованого фонду оплати праці штатних працівників за звітний місяць (період) на середньооблікову кількість штатних працівників і на кількість місяців у періоді. Професія – це певний вид трудової діяльності, який потребує спеціальних теоретичних знань та практичних навичок. Професія – рід занять, певна форма трудової діяльності.","","5693","","","","14300"
"Нараховано в середньому штатному працівнику, за період часу","Місяць","Жінки","Україна","Професії та професійні групи","Професіонали в галузі медицини (крім медичних сестер)","Річна","Гривня","Одиниці","Нуль","","","1. Дані підготовлено за результатами державного статистичного спостереження ""Рівень заробітної плати працівників за статтю, віком, освітою та професійними групами"", яким охоплені юридичні особи та відокремлені підрозділи юридичних осіб із кількістю найманих працівників 10 і більше осіб. 2. Дані наведено без урахування тимчасово окупованої території Автономної Республіки Крим, м. Севастополя та частини тимчасово окупованих територій у Донецькій та Луганській областях. 3. Середньомісячна заробітна плата одного штатного працівника розраховується шляхом ділення нарахованого фонду оплати праці штатних працівників за звітний місяць (період) на середньооблікову кількість штатних працівників і на кількість місяців у періоді. Професія – це певний вид трудової діяльності, який потребує спеціальних теоретичних знань та практичних навичок. Професія – рід занять, певна форма трудової діяльності.","","4386","","","","10785"
"Нараховано в середньому штатному працівнику, за період часу","Місяць","Жінки","Україна","Вид економічної діяльності","Фінансова та страхова діяльність","Річна","Гривня","Одиниці","Нуль","","","1. Дані підготовлено за результатами державного статистичного спостереження ""Рівень заробітної плати працівників за статтю, віком, освітою та професійними групами"", яким охоплені юридичні особи та відокремлені підрозділи юридичних осіб із кількістю найманих працівників 10 і більше осіб. 2. Дані наведено без урахування тимчасово окупованої території Автономної Республіки Крим, м. Севастополя та частини тимчасово окупованих територій у Донецькій та Луганській областях. 3. Середньомісячна заробітна плата одного штатного працівника розраховується шляхом ділення нарахованого фонду оплати праці штатних працівників за звітний місяць (період) на середньооблікову кількість штатних працівників і на кількість місяців у періоді.","","7155","","","","15743"
"Нараховано в середньому штатному працівнику, за період часу","Місяць","Жінки","Україна","Вид економічної діяльності","Промисловість","Річна","Гривня","Одиниці","Нуль","","","1. Дані підготовлено за результатами державного статистичного спостереження ""Рівень заробітної плати працівників за статтю, віком, освітою та професійними групами"", яким охоплені юридичні особи та відокремлені підрозділи юридичних осіб із кількістю найманих працівників 10 і більше осіб. 2. Дані наведено без урахування тимчасово окупованої території Автономної Республіки Крим, м. Севастополя та частини тимчасово окупованих територій у Донецькій та Луганській областях. 3. Середньомісячна заробітна плата одного штатного працівника розраховується шляхом ділення нарахованого фонду оплати праці штатних працівників за звітний місяць (період) на середньооблікову кількість штатних працівників і на кількість місяців у періоді.","","4544","","","","9812"
"Нараховано в середньому штатному працівнику, за період часу","Місяць","Жінки","Україна","Професії та професійні групи","Професіонали, що не входять в  інші класифікаційні угруповання","Річна","Гривня","Одиниці","Нуль","","","1. Дані підготовлено за результатами державного статистичного спостереження ""Рівень заробітної плати працівників за статтю, віком, освітою та професійними групами"", яким охоплені юридичні особи та відокремлені підрозділи юридичних осіб із кількістю найманих працівників 10 і більше осіб. 2. Дані наведено без урахування тимчасово окупованої території Автономної Республіки Крим, м. Севастополя та частини тимчасово окупованих територій у Донецькій та Луганській областях. 3. Середньомісячна заробітна плата одного штатного працівника розраховується шляхом ділення нарахованого фонду оплати праці штатних працівників за звітний місяць (період) на середньооблікову кількість штатних працівників і на кількість місяців у періоді. Професія – це певний вид трудової діяльності, який потребує спеціальних теоретичних знань та практичних навичок. Професія – рід занять, певна форма трудової діяльності.","","7400","","","","12273"
"Нараховано в середньому штатному працівнику, за період часу","Місяць","Жінки","Україна","Вид економічної діяльності","Оптова та роздрібна торгівля; ремонт автотранспортних засобів і мотоциклів","Річна","Гривня","Одиниці","Нуль","","","1. Дані підготовлено за результатами державного статистичного спостереження ""Рівень заробітної плати працівників за статтю, віком, освітою та професійними групами"", яким охоплені юридичні особи та відокремлені підрозділи юридичних осіб із кількістю найманих працівників 10 і більше осіб. 2. Дані наведено без урахування тимчасово окупованої території Автономної Республіки Крим, м. Севастополя та частини тимчасово окупованих територій у Донецькій та Луганській областях. 3. Середньомісячна заробітна плата одного штатного працівника розраховується шляхом ділення нарахованого фонду оплати праці штатних працівників за звітний місяць (період) на середньооблікову кількість штатних працівників і на кількість місяців у періоді.","","4395","","","","9340"
"Нараховано в середньому штатному працівнику, за період часу","Місяць","Жінки","Україна","Вид економічної діяльності","Будівництво","Річна","Гривня","Одиниці","Нуль","","","1. Дані підготовлено за результатами державного статистичного спостереження ""Рівень заробітної плати працівників за статтю, віком, освітою та професійними групами"", яким охоплені юридичні особи та відокремлені підрозділи юридичних осіб із кількістю найманих працівників 10 і більше осіб. 2. Дані наведено без урахування тимчасово окупованої території Автономної Республіки Крим, м. Севастополя та частини тимчасово окупованих територій у Донецькій та Луганській областях. 3. Середньомісячна заробітна плата одного штатного працівника розраховується шляхом ділення нарахованого фонду оплати праці штатних працівників за звітний місяць (період) на середньооблікову кількість штатних працівників і на кількість місяців у періоді.","","3733","","","","8413"
"Нараховано в середньому штатному працівнику, за період часу","Місяць","Жінки","Україна","Професії та професійні групи","Менеджери (управителі) у сфері операцій з нерухомістю здавання під найом та послуг юридичним особам ","Річна","Гривня","Одиниці","Нуль","","","1. Дані підготовлено за результатами державного статистичного спостереження ""Рівень заробітної плати працівників за статтю, віком, освітою та професійними групами"", яким охоплені юридичні особи та відокремлені підрозділи юридичних осіб із кількістю найманих працівників 10 і більше осіб. 2. Дані наведено без урахування тимчасово окупованої території Автономної Республіки Крим, м. Севастополя та частини тимчасово окупованих територій у Донецькій та Луганській областях. 3. Середньомісячна заробітна плата одного штатного працівника розраховується шляхом ділення нарахованого фонду оплати праці штатних працівників за звітний місяць (період) на середньооблікову кількість штатних працівників і на кількість місяців у періоді. Професія – це певний вид трудової діяльності, який потребує спеціальних теоретичних знань та практичних навичок. Професія – рід занять, певна форма трудової діяльності.","","6432","","","","10866"
"Нараховано в середньому штатному працівнику, за період часу","Місяць","Жінки","Україна","Вікова група","35-44 років","Річна","Гривня","Одиниці","Нуль","","","1. Дані підготовлено за результатами державного статистичного спостереження ""Рівень заробітної плати працівників за статтю, віком, освітою та професійними групами"", яким охоплені юридичні особи та відокремлені підрозділи юридичних осіб із кількістю найманих працівників 10 і більше осіб. 2. Дані наведено без урахування тимчасово окупованої території Автономної Республіки Крим, м. Севастополя та частини тимчасово окупованих територій у Донецькій та Луганській областях. 3. Середньомісячна заробітна плата одного штатного працівника розраховується шляхом ділення нарахованого фонду оплати праці штатних працівників за звітний місяць (період) на середньооблікову кількість штатних працівників і на кількість місяців у періоді.","","4547","","","","11267"
"Нараховано в середньому штатному працівнику, за період часу","Місяць","Жінки","Україна","Рівень освіти","Початкова освіта","Річна","Гривня","Одиниці","Нуль","","","1. Дані підготовлено за результатами державного статистичного спостереження ""Рівень заробітної плати працівників за статтю, віком, освітою та професійними групами"", яким охоплені юридичні особи та відокремлені підрозділи юридичних осіб із кількістю найманих працівників 10 і більше осіб. 2. Дані наведено без урахування тимчасово окупованої території Автономної Республіки Крим, м. Севастополя та частини тимчасово окупованих територій у Донецькій та Луганській областях. 3. Середня заробітна плата штатних працівників за одну оплачену годину  обчислюється шляхом ділення суми нарахованого фонду оплати праці штатних працівників на кількість оплачених їм людино-годин за відповідний період. Освіта – це процес і результат засвоєння людиною систематичних знань, умінь і навичок, розвиток розуму та почуттів, формування світогляду та пізнавальних інтересів.","","2453","","","","5125"
"Нараховано в середньому штатному працівнику, за період часу","Місяць","Жінки","Україна","Професії та професійні групи","Керівники підприємств, установ та організацій ","Річна","Гривня","Одиниці","Нуль","","","1. Дані підготовлено за результатами державного статистичного спостереження ""Рівень заробітної плати працівників за статтю, віком, освітою та професійними групами"", яким охоплені юридичні особи та відокремлені підрозділи юридичних осіб із кількістю найманих працівників 10 і більше осіб. 2. Дані наведено без урахування тимчасово окупованої території Автономної Республіки Крим, м. Севастополя та частини тимчасово окупованих територій у Донецькій та Луганській областях. 3. Середньомісячна заробітна плата одного штатного працівника розраховується шляхом ділення нарахованого фонду оплати праці штатних працівників за звітний місяць (період) на середньооблікову кількість штатних працівників і на кількість місяців у періоді. Професія – це певний вид трудової діяльності, який потребує спеціальних теоретичних знань та практичних навичок. Професія – рід занять, певна форма трудової діяльності.","","6613","","","","16074"
"Нараховано в середньому штатному працівнику, за період часу","Місяць","Жінки","Україна","Професії та професійні групи","Фахівці з дошкільного виховання ","Річна","Гривня","Одиниці","Нуль","","","1. Дані підготовлено за результатами державного статистичного спостереження ""Рівень заробітної плати працівників за статтю, віком, освітою та професійними групами"", яким охоплені юридичні особи та відокремлені підрозділи юридичних осіб із кількістю найманих працівників 10 і більше осіб. 2. Дані наведено без урахування тимчасово окупованої території Автономної Республіки Крим, м. Севастополя та частини тимчасово окупованих територій у Донецькій та Луганській областях. 3. Середньомісячна заробітна плата одного штатного працівника розраховується шляхом ділення нарахованого фонду оплати праці штатних працівників за звітний місяць (період) на середньооблікову кількість штатних працівників і на кількість місяців у періоді. Професія – це певний вид трудової діяльності, який потребує спеціальних теоретичних знань та практичних навичок. Професія – рід занять, певна форма трудової діяльності.","","3568","","","","7674"
"Нараховано в середньому штатному працівнику, за період часу","Місяць","Жінки","Україна","Вид економічної діяльності","Добувна промисловість і розроблення кар'єрів","Річна","Гривня","Одиниці","Нуль","","","1. Дані підготовлено за результатами державного статистичного спостереження ""Рівень заробітної плати працівників за статтю, віком, освітою та професійними групами"", яким охоплені юридичні особи та відокремлені підрозділи юридичних осіб із кількістю найманих працівників 10 і більше осіб. 2. Дані наведено без урахування тимчасово окупованої території Автономної Республіки Крим, м. Севастополя та частини тимчасово окупованих територій у Донецькій та Луганській областях. 3. Середньомісячна заробітна плата одного штатного працівника розраховується шляхом ділення нарахованого фонду оплати праці штатних працівників за звітний місяць (період) на середньооблікову кількість штатних працівників і на кількість місяців у періоді.","","5072","","","","11661"
"Нараховано в середньому штатному працівнику, за період часу","Місяць","Жінки","Україна","Професії та професійні групи","Менеджери (управителі) в оборобній промисловості та у виробництві електроенергії, газу та води","Річна","Гривня","Одиниці","Нуль","","","1. Дані підготовлено за результатами державного статистичного спостереження ""Рівень заробітної плати працівників за статтю, віком, освітою та професійними групами"", яким охоплені юридичні особи та відокремлені підрозділи юридичних осіб із кількістю найманих працівників 10 і більше осіб. 2. Дані наведено без урахування тимчасово окупованої території Автономної Республіки Крим, м. Севастополя та частини тимчасово окупованих територій у Донецькій та Луганській областях. 3. Середньомісячна заробітна плата одного штатного працівника розраховується шляхом ділення нарахованого фонду оплати праці штатних працівників за звітний місяць (період) на середньооблікову кількість штатних працівників і на кількість місяців у періоді. Професія – це певний вид трудової діяльності, який потребує спеціальних теоретичних знань та практичних навичок. Професія – рід занять, певна форма трудової діяльності.","","4570","","","","33431"
"Нараховано в середньому штатному працівнику, за період часу","Місяць","Жінки","Україна","Вікова група","65 років і старші","Річна","Гривня","Одиниці","Нуль","","","1. Дані підготовлено за результатами державного статистичного спостереження ""Рівень заробітної плати працівників за статтю, віком, освітою та професійними групами"", яким охоплені юридичні особи та відокремлені підрозділи юридичних осіб із кількістю найманих працівників 10 і більше осіб. 2. Дані наведено без урахування тимчасово окупованої території Автономної Республіки Крим, м. Севастополя та частини тимчасово окупованих територій у Донецькій та Луганській областях. 3. Середньомісячна заробітна плата одного штатного працівника розраховується шляхом ділення нарахованого фонду оплати праці штатних працівників за звітний місяць (період) на середньооблікову кількість штатних працівників і на кількість місяців у періоді.","","3659","","","","8177"
"Нараховано в середньому штатному працівнику, за період часу","Місяць","Жінки","Україна","Професії та професійні групи","Оператори оптичного та  електронного устаткування","Річна","Гривня","Одиниці","Нуль","","","1. Дані підготовлено за результатами державного статистичного спостереження ""Рівень заробітної плати працівників за статтю, віком, освітою та професійними групами"", яким охоплені юридичні особи та відокремлені підрозділи юридичних осіб із кількістю найманих працівників 10 і більше осіб. 2. Дані наведено без урахування тимчасово окупованої території Автономної Республіки Крим, м. Севастополя та частини тимчасово окупованих територій у Донецькій та Луганській областях. 3. Середньомісячна заробітна плата одного штатного працівника розраховується шляхом ділення нарахованого фонду оплати праці штатних працівників за звітний місяць (період) на середньооблікову кількість штатних працівників і на кількість місяців у періоді. Професія – це певний вид трудової діяльності, який потребує спеціальних теоретичних знань та практичних навичок. Професія – рід занять, певна форма трудової діяльності.","","2931","","","","8738"
"Нараховано в середньому штатному працівнику, за період часу","Місяць","Жінки","Україна","Вид економічної діяльності","Державне управління й оборона; обов'язкове соціальне страхування","Річна","Гривня","Одиниці","Нуль","","","1. Дані підготовлено за результатами державного статистичного спостереження ""Рівень заробітної плати працівників за статтю, віком, освітою та професійними групами"", яким охоплені юридичні особи та відокремлені підрозділи юридичних осіб із кількістю найманих працівників 10 і більше осіб. 2. Дані наведено без урахування тимчасово окупованої території Автономної Республіки Крим, м. Севастополя та частини тимчасово окупованих територій у Донецькій та Луганській областях. 3. Середньомісячна заробітна плата одного штатного працівника розраховується шляхом ділення нарахованого фонду оплати праці штатних працівників за звітний місяць (період) на середньооблікову кількість штатних працівників і на кількість місяців у періоді.","","4162","","","","14934"
"Нараховано в середньому штатному працівнику, за період часу","Місяць","Жінки","Україна","Професії та професійні групи","Технічні фахівці в галузі прикладних наук та техніки","Річна","Гривня","Одиниці","Нуль","","","1. Дані підготовлено за результатами державного статистичного спостереження ""Рівень заробітної плати працівників за статтю, віком, освітою та професійними групами"", яким охоплені юридичні особи та відокремлені підрозділи юридичних осіб із кількістю найманих працівників 10 і більше осіб. 2. Дані наведено без урахування тимчасово окупованої території Автономної Республіки Крим, м. Севастополя та частини тимчасово окупованих територій у Донецькій та Луганській областях. 3. Середня заробітна плата штатних працівників за одну оплачену годину  обчислюється шляхом ділення суми нарахованого фонду оплати праці штатних працівників на кількість оплачених їм людино-годин за відповідний період. Професія – це певний вид трудової діяльності, який потребує спеціальних теоретичних знань та практичних навичок. Професія – рід занять, певна форма трудової діяльності.","","4403","","","","9616"
"Нараховано в середньому штатному працівнику, за період часу","Місяць","Жінки","Україна","Рівень освіти","Перший етап середньої освіти","Річна","Гривня","Одиниці","Нуль","","","1. Дані підготовлено за результатами державного статистичного спостереження ""Рівень заробітної плати працівників за статтю, віком, освітою та професійними групами"", яким охоплені юридичні особи та відокремлені підрозділи юридичних осіб із кількістю найманих працівників 10 і більше осіб. 2. Дані наведено без урахування тимчасово окупованої території Автономної Республіки Крим, м. Севастополя та частини тимчасово окупованих територій у Донецькій та Луганській областях. 3. Середня заробітна плата штатних працівників за одну оплачену годину  обчислюється шляхом ділення суми нарахованого фонду оплати праці штатних працівників на кількість оплачених їм людино-годин за відповідний період. Освіта – це процес і результат засвоєння людиною систематичних знань, умінь і навичок, розвиток розуму та почуттів, формування світогляду та пізнавальних інтересів.","","2587","","","","6347"
"Нараховано в середньому штатному працівнику, за період часу","Місяць","Жінки","Україна","Вид економічної діяльності","Надання інших видів послуг","Річна","Гривня","Одиниці","Нуль","","","1. Дані підготовлено за результатами державного статистичного спостереження ""Рівень заробітної плати працівників за статтю, віком, освітою та професійними групами"", яким охоплені юридичні особи та відокремлені підрозділи юридичних осіб із кількістю найманих працівників 10 і більше осіб. 2. Дані наведено без урахування тимчасово окупованої території Автономної Республіки Крим, м. Севастополя та частини тимчасово окупованих територій у Донецькій та Луганській областях. 3. Середньомісячна заробітна плата одного штатного працівника розраховується шляхом ділення нарахованого фонду оплати праці штатних працівників за звітний місяць (період) на середньооблікову кількість штатних працівників і на кількість місяців у періоді.","","4016","","","","9563"
"Нараховано в середньому штатному працівнику, за період часу","Місяць","Жінки","Україна","Вікова група","До 25 років","Річна","Гривня","Одиниці","Нуль","","","1. Дані підготовлено за результатами державного статистичного спостереження ""Рівень заробітної плати працівників за статтю, віком, освітою та професійними групами"", яким охоплені юридичні особи та відокремлені підрозділи юридичних осіб із кількістю найманих працівників 10 і більше осіб. 2. Дані наведено без урахування тимчасово окупованої території Автономної Республіки Крим, м. Севастополя та частини тимчасово окупованих територій у Донецькій та Луганській областях. 3. Середньомісячна заробітна плата одного штатного працівника розраховується шляхом ділення нарахованого фонду оплати праці штатних працівників за звітний місяць (період) на середньооблікову кількість штатних працівників і на кількість місяців у періоді.","","2937","","","","6958"
"Нараховано в середньому штатному працівнику, за період часу","Місяць","Жінки","Україна","Рівень освіти","Дошкільна освіта","Річна","Гривня","Одиниці","Нуль","Явищ не було","","1. Дані підготовлено за результатами державного статистичного спостереження ""Рівень заробітної плати працівників за статтю, віком, освітою та професійними групами"", яким охоплені юридичні особи та відокремлені підрозділи юридичних осіб із кількістю найманих працівників 10 і більше осіб. 2. Дані наведено без урахування тимчасово окупованої території Автономної Республіки Крим, м. Севастополя та частини тимчасово окупованих територій у Донецькій та Луганській областях. 3. Середня заробітна плата штатних працівників за одну оплачену годину  обчислюється шляхом ділення суми нарахованого фонду оплати праці штатних працівників на кількість оплачених їм людино-годин за відповідний період. Освіта – це процес і результат засвоєння людиною систематичних знань, умінь і навичок, розвиток розуму та почуттів, формування світогляду та пізнавальних інтересів.","","","","","",""
"Нараховано в середньому штатному працівнику, за період часу","Місяць","Жінки","Україна","Вікова група","45-54 років","Річна","Гривня","Одиниці","Нуль","","","1. Дані підготовлено за результатами державного статистичного спостереження ""Рівень заробітної плати працівників за статтю, віком, освітою та професійними групами"", яким охоплені юридичні особи та відокремлені підрозділи юридичних осіб із кількістю найманих працівників 10 і більше осіб. 2. Дані наведено без урахування тимчасово окупованої території Автономної Республіки Крим, м. Севастополя та частини тимчасово окупованих територій у Донецькій та Луганській областях. 3. Середньомісячна заробітна плата одного штатного працівника розраховується шляхом ділення нарахованого фонду оплати праці штатних працівників за звітний місяць (період) на середньооблікову кількість штатних працівників і на кількість місяців у періоді.","","4220","","","","10121"
"Нараховано в середньому штатному працівнику, за період часу","Місяць","Жінки","Україна","Професії та професійні групи","Вчителі спеціалізованих  навчальних закладів","Річна","Гривня","Одиниці","Нуль","","","1. Дані підготовлено за результатами державного статистичного спостереження ""Рівень заробітної плати працівників за статтю, віком, освітою та професійними групами"", яким охоплені юридичні особи та відокремлені підрозділи юридичних осіб із кількістю найманих працівників 10 і більше осіб. 2. Дані наведено без урахування тимчасово окупованої території Автономної Республіки Крим, м. Севастополя та частини тимчасово окупованих територій у Донецькій та Луганській областях. 3. Середньомісячна заробітна плата одного штатного працівника розраховується шляхом ділення нарахованого фонду оплати праці штатних працівників за звітний місяць (період) на середньооблікову кількість штатних працівників і на кількість місяців у періоді. Професія – це певний вид трудової діяльності, який потребує спеціальних теоретичних знань та практичних навичок. Професія – рід занять, певна форма трудової діяльності.","","4634","","","","10963"
"Нараховано в середньому штатному працівнику, за період часу","Місяць","Жінки","Україна","Професії та професійні групи","Професіонали в галузі фізики,  астрономії, метеорології та хімії","Річна","Гривня","Одиниці","Нуль","","","1. Дані підготовлено за результатами державного статистичного спостереження ""Рівень заробітної плати працівників за статтю, віком, освітою та професійними групами"", яким охоплені юридичні особи та відокремлені підрозділи юридичних осіб із кількістю найманих працівників 10 і більше осіб. 2. Дані наведено без урахування тимчасово окупованої території Автономної Республіки Крим, м. Севастополя та частини тимчасово окупованих територій у Донецькій та Луганській областях. 3. Середньомісячна заробітна плата одного штатного працівника розраховується шляхом ділення нарахованого фонду оплати праці штатних працівників за звітний місяць (період) на середньооблікову кількість штатних працівників і на кількість місяців у періоді. Професія – це певний вид трудової діяльності, який потребує спеціальних теоретичних знань та практичних навичок. Професія – рід занять, певна форма трудової діяльності.","","5345","","","","10947"
"Нараховано в середньому штатному працівнику, за період часу","Місяць","Жінки","Україна","Вікова група","25-34 років","Річна","Гривня","Одиниці","Нуль","","","1. Дані підготовлено за результатами державного статистичного спостереження ""Рівень заробітної плати працівників за статтю, віком, освітою та професійними групами"", яким охоплені юридичні особи та відокремлені підрозділи юридичних осіб із кількістю найманих працівників 10 і більше осіб. 2. Дані наведено без урахування тимчасово окупованої території Автономної Республіки Крим, м. Севастополя та частини тимчасово окупованих територій у Донецькій та Луганській областях. 3. Середньомісячна заробітна плата одного штатного працівника розраховується шляхом ділення нарахованого фонду оплати праці штатних працівників за звітний місяць (період) на середньооблікову кількість штатних працівників і на кількість місяців у періоді.","","4375","","","","10272"
"Нараховано в середньому штатному працівнику, за період часу","Місяць","Жінки","Україна","Професії та професійні групи","Садівники та землероби ","Річна","Гривня","Одиниці","Нуль","","","1. Дані підготовлено за результатами державного статистичного спостереження ""Рівень заробітної плати працівників за статтю, віком, освітою та професійними групами"", яким охоплені юридичні особи та відокремлені підрозділи юридичних осіб із кількістю найманих працівників 10 і більше осіб. 2. Дані наведено без урахування тимчасово окупованої території Автономної Республіки Крим, м. Севастополя та частини тимчасово окупованих територій у Донецькій та Луганській областях. 3. Середньомісячна заробітна плата одного штатного працівника розраховується шляхом ділення нарахованого фонду оплати праці штатних працівників за звітний місяць (період) на середньооблікову кількість штатних працівників і на кількість місяців у періоді. Професія – це певний вид трудової діяльності, який потребує спеціальних теоретичних знань та практичних навичок. Професія – рід занять, певна форма трудової діяльності.","","3642","","","","8160"
"Нараховано в середньому штатному працівнику, за період часу","Місяць","Жінки","Україна","Професії та професійні групи","Державні інспектори ","Річна","Гривня","Одиниці","Нуль","","","1. Дані підготовлено за результатами державного статистичного спостереження ""Рівень заробітної плати працівників за статтю, віком, освітою та професійними групами"", яким охоплені юридичні особи та відокремлені підрозділи юридичних осіб із кількістю найманих працівників 10 і більше осіб. 2. Дані наведено без урахування тимчасово окупованої території Автономної Республіки Крим, м. Севастополя та частини тимчасово окупованих територій у Донецькій та Луганській областях. 3. Середньомісячна заробітна плата одного штатного працівника розраховується шляхом ділення нарахованого фонду оплати праці штатних працівників за звітний місяць (період) на середньооблікову кількість штатних працівників і на кількість місяців у періоді. Професія – це певний вид трудової діяльності, який потребує спеціальних теоретичних знань та практичних навичок. Професія – рід занять, певна форма трудової діяльності.","","5435","","","","17808"
"Нараховано в середньому штатному працівнику, за період часу","Місяць","Жінки","Україна","Професії та професійні групи","Робітники рибного промислу, мисливці та мисливці, що ставлять капкани ","Річна","Гривня","Одиниці","Нуль","Явищ не було","","1. Дані підготовлено за результатами державного статистичного спостереження ""Рівень заробітної плати працівників за статтю, віком, освітою та професійними групами"", яким охоплені юридичні особи та відокремлені підрозділи юридичних осіб із кількістю найманих працівників 10 і більше осіб. 2. Дані наведено без урахування тимчасово окупованої території Автономної Республіки Крим, м. Севастополя та частини тимчасово окупованих територій у Донецькій та Луганській областях. 3. Середньомісячна заробітна плата одного штатного працівника розраховується шляхом ділення нарахованого фонду оплати праці штатних працівників за звітний місяць (період) на середньооблікову кількість штатних працівників і на кількість місяців у періоді. Професія – це певний вид трудової діяльності, який потребує спеціальних теоретичних знань та практичних навичок. Професія – рід занять, певна форма трудової діяльності.","","","","","","5590"
"Нараховано в середньому штатному працівнику, за період часу","Місяць","Жінки","Україна","Професії та професійні групи","Робітники, що обслуговують машини з виробництва текстильних, хутряних та шкіряних виробів ","Річна","Гривня","Одиниці","Нуль","","","1. Дані підготовлено за результатами державного статистичного спостереження ""Рівень заробітної плати працівників за статтю, віком, освітою та професійними групами"", яким охоплені юридичні особи та відокремлені підрозділи юридичних осіб із кількістю найманих працівників 10 і більше осіб. 2. Дані наведено без урахування тимчасово окупованої території Автономної Республіки Крим, м. Севастополя та частини тимчасово окупованих територій у Донецькій та Луганській областях. 3. Середньомісячна заробітна плата одного штатного працівника розраховується шляхом ділення нарахованого фонду оплати праці штатних працівників за звітний місяць (період) на середньооблікову кількість штатних працівників і на кількість місяців у періоді. Професія – це певний вид трудової діяльності, який потребує спеціальних теоретичних знань та практичних навичок. Професія – рід занять, певна форма трудової діяльності.","","2805","","","","6415"
"Нараховано в середньому штатному працівнику, за період часу","Місяць","Жінки","Україна","Професії та професійні групи","Допоміжний персонал релігійних організацій, який не має духовного сану ","Річна","Гривня","Одиниці","Нуль","Явищ не було","","1. Дані підготовлено за результатами державного статистичного спостереження ""Рівень заробітної плати працівників за статтю, віком, освітою та професійними групами"", яким охоплені юридичні особи та відокремлені підрозділи юридичних осіб із кількістю найманих працівників 10 і більше осіб. 2. Дані наведено без урахування тимчасово окупованої території Автономної Республіки Крим, м. Севастополя та частини тимчасово окупованих територій у Донецькій та Луганській областях. 3. Середньомісячна заробітна плата одного штатного працівника розраховується шляхом ділення нарахованого фонду оплати праці штатних працівників за звітний місяць (період) на середньооблікову кількість штатних працівників і на кількість місяців у періоді. Професія – це певний вид трудової діяльності, який потребує спеціальних теоретичних знань та практичних навичок. Професія – рід занять, певна форма трудової діяльності.","","1472","","","",""
"Нараховано в середньому штатному працівнику, за період часу","Місяць","Жінки","Україна","Професії та професійні групи","Службовці, пов'язані з інформацією ","Річна","Гривня","Одиниці","Нуль","","","1. Дані підготовлено за результатами державного статистичного спостереження ""Рівень заробітної плати працівників за статтю, віком, освітою та професійними групами"", яким охоплені юридичні особи та відокремлені підрозділи юридичних осіб із кількістю найманих працівників 10 і більше осіб. 2. Дані наведено без урахування тимчасово окупованої території Автономної Республіки Крим, м. Севастополя та частини тимчасово окупованих територій у Донецькій та Луганській областях. 3. Середньомісячна заробітна плата одного штатного працівника розраховується шляхом ділення нарахованого фонду оплати праці штатних працівників за звітний місяць (період) на середньооблікову кількість штатних працівників і на кількість місяців у періоді. Професія – це певний вид трудової діяльності, який потребує спеціальних теоретичних знань та практичних навичок. Професія – рід занять, певна форма трудової діяльності.","","3012","","","","7149"
"Нараховано в середньому штатному працівнику, за період часу","Місяць","Жінки","Україна","Професії та професійні групи","Робітники, що обслуговують устаткування з виробництва хімічних продуктів ","Річна","Гривня","Одиниці","Нуль","","","1. Дані підготовлено за результатами державного статистичного спостереження ""Рівень заробітної плати працівників за статтю, віком, освітою та професійними групами"", яким охоплені юридичні особи та відокремлені підрозділи юридичних осіб із кількістю найманих працівників 10 і більше осіб. 2. Дані наведено без урахування тимчасово окупованої території Автономної Республіки Крим, м. Севастополя та частини тимчасово окупованих територій у Донецькій та Луганській областях. 3. Середньомісячна заробітна плата одного штатного працівника розраховується шляхом ділення нарахованого фонду оплати праці штатних працівників за звітний місяць (період) на середньооблікову кількість штатних працівників і на кількість місяців у періоді. Професія – це певний вид трудової діяльності, який потребує спеціальних теоретичних знань та практичних навичок. Професія – рід занять, певна форма трудової діяльності.","","4537","","","","9464"
"Нараховано в середньому штатному працівнику, за період часу","Місяць","Жінки","Україна","Професії та професійні групи","Робітники-текстильники та швейники ","Річна","Гривня","Одиниці","Нуль","","","1. Дані підготовлено за результатами державного статистичного спостереження ""Рівень заробітної плати працівників за статтю, віком, освітою та професійними групами"", яким охоплені юридичні особи та відокремлені підрозділи юридичних осіб із кількістю найманих працівників 10 і більше осіб. 2. Дані наведено без урахування тимчасово окупованої території Автономної Республіки Крим, м. Севастополя та частини тимчасово окупованих територій у Донецькій та Луганській областях. 3. Середньомісячна заробітна плата одного штатного працівника розраховується шляхом ділення нарахованого фонду оплати праці штатних працівників за звітний місяць (період) на середньооблікову кількість штатних працівників і на кількість місяців у періоді. Професія – це певний вид трудової діяльності, який потребує спеціальних теоретичних знань та практичних навичок. Професія – рід занять, певна форма трудової діяльності.","","3391","","","","7489"
"Нараховано в середньому штатному працівнику, за період часу","Місяць","Жінки","Україна","Професії та професійні групи","Найпростіші професії, що є  загальними для всіх галузей економіки","Річна","Гривня","Одиниці","Нуль","","","1. Дані підготовлено за результатами державного статистичного спостереження ""Рівень заробітної плати працівників за статтю, віком, освітою та професійними групами"", яким охоплені юридичні особи та відокремлені підрозділи юридичних осіб із кількістю найманих працівників 10 і більше осіб. 2. Дані наведено без урахування тимчасово окупованої території Автономної Республіки Крим, м. Севастополя та частини тимчасово окупованих територій у Донецькій та Луганській областях. 3. Середньомісячна заробітна плата одного штатного працівника розраховується шляхом ділення нарахованого фонду оплати праці штатних працівників за звітний місяць (період) на середньооблікову кількість штатних працівників і на кількість місяців у періоді. Професія – це певний вид трудової діяльності, який потребує спеціальних теоретичних знань та практичних навичок. Професія – рід занять, певна форма трудової діяльності.","","2919","","","","7613"
"Нараховано в середньому штатному працівнику, за період часу","Місяць","Жінки","Україна","Професії та професійні групи","Механіки та монтажники електричного та електронного устаткування","Річна","Гривня","Одиниці","Нуль","","","1. Дані підготовлено за результатами державного статистичного спостереження ""Рівень заробітної плати працівників за статтю, віком, освітою та професійними групами"", яким охоплені юридичні особи та відокремлені підрозділи юридичних осіб із кількістю найманих працівників 10 і більше осіб. 2. Дані наведено без урахування тимчасово окупованої території Автономної Республіки Крим, м. Севастополя та частини тимчасово окупованих територій у Донецькій та Луганській областях. 3. Середньомісячна заробітна плата одного штатного працівника розраховується шляхом ділення нарахованого фонду оплати праці штатних працівників за звітний місяць (період) на середньооблікову кількість штатних працівників і на кількість місяців у періоді. Професія – це певний вид трудової діяльності, який потребує спеціальних теоретичних знань та практичних навичок. Професія – рід занять, певна форма трудової діяльності.","","4647","","","","9478"
"Нараховано в середньому штатному працівнику, за період часу","Місяць","Жінки","Україна","Професії та професійні групи","Робітники з видобутку корисних копалин і на будівництві","Річна","Гривня","Одиниці","Нуль","","","1. Дані підготовлено за результатами державного статистичного спостереження ""Рівень заробітної плати працівників за статтю, віком, освітою та професійними групами"", яким охоплені юридичні особи та відокремлені підрозділи юридичних осіб із кількістю найманих працівників 10 і більше осіб. 2. Дані наведено без урахування тимчасово окупованої території Автономної Республіки Крим, м. Севастополя та частини тимчасово окупованих територій у Донецькій та Луганській областях. 3. Середньомісячна заробітна плата одного штатного працівника розраховується шляхом ділення нарахованого фонду оплати праці штатних працівників за звітний місяць (період) на середньооблікову кількість штатних працівників і на кількість місяців у періоді. Професія – це певний вид трудової діяльності, який потребує спеціальних теоретичних знань та практичних навичок. Професія – рід занять, певна форма трудової діяльності.","","3577","","","","7905"
"Нараховано в середньому штатному працівнику, за період часу","Місяць","Жінки","Україна","Професії та професійні групи","Працівники, що здійснюють догляд за окремими особами ","Річна","Гривня","Одиниці","Нуль","","","1. Дані підготовлено за результатами державного статистичного спостереження ""Рівень заробітної плати працівників за статтю, віком, освітою та професійними групами"", яким охоплені юридичні особи та відокремлені підрозділи юридичних осіб із кількістю найманих працівників 10 і більше осіб. 2. Дані наведено без урахування тимчасово окупованої території Автономної Республіки Крим, м. Севастополя та частини тимчасово окупованих територій у Донецькій та Луганській областях. 3. Середньомісячна заробітна плата одного штатного працівника розраховується шляхом ділення нарахованого фонду оплати праці штатних працівників за звітний місяць (період) на середньооблікову кількість штатних працівників і на кількість місяців у періоді. Професія – це певний вид трудової діяльності, який потребує спеціальних теоретичних знань та практичних навичок. Професія – рід занять, певна форма трудової діяльності.","","2173","","","","6282"
"Нараховано в середньому штатному працівнику, за період часу","Місяць","Жінки","Україна","Професії та професійні групи","Найпростіші професії з чищення взуття та інших вуличних послуг","Річна","Гривня","Одиниці","Нуль","Явищ не було","","1. Дані підготовлено за результатами державного статистичного спостереження ""Рівень заробітної плати працівників за статтю, віком, освітою та професійними групами"", яким охоплені юридичні особи та відокремлені підрозділи юридичних осіб із кількістю найманих працівників 10 і більше осіб. 2. Дані наведено без урахування тимчасово окупованої території Автономної Республіки Крим, м. Севастополя та частини тимчасово окупованих територій у Донецькій та Луганській областях. 3. Середньомісячна заробітна плата одного штатного працівника розраховується шляхом ділення нарахованого фонду оплати праці штатних працівників за звітний місяць (період) на середньооблікову кількість штатних працівників і на кількість місяців у періоді. Професія – це певний вид трудової діяльності, який потребує спеціальних теоретичних знань та практичних навичок. Професія – рід занять, певна форма трудової діяльності.","","","","","","5091"
"Нараховано в середньому штатному працівнику, за період часу","Місяць","Жінки","Україна","Професії та професійні групи","Найпростіші професії у видобувних галузях та будівництві ","Річна","Гривня","Одиниці","Нуль","","","1. Дані підготовлено за результатами державного статистичного спостереження ""Рівень заробітної плати працівників за статтю, віком, освітою та професійними групами"", яким охоплені юридичні особи та відокремлені підрозділи юридичних осіб із кількістю найманих працівників 10 і більше осіб. 2. Дані наведено без урахування тимчасово окупованої території Автономної Республіки Крим, м. Севастополя та частини тимчасово окупованих територій у Донецькій та Луганській областях. 3. Середньомісячна заробітна плата одного штатного працівника розраховується шляхом ділення нарахованого фонду оплати праці штатних працівників за звітний місяць (період) на середньооблікову кількість штатних працівників і на кількість місяців у періоді. Професія – це певний вид трудової діяльності, який потребує спеціальних теоретичних знань та практичних навичок. Професія – рід занять, певна форма трудової діяльності.","","4278","","","","10493"
"Нараховано в середньому штатному працівнику, за період часу","Місяць","Жінки","Україна","Професії та професійні групи","Бригадир на дільницях основного виробництва (інші виробництва)","Річна","Гривня","Одиниці","Нуль","","","1. Дані підготовлено за результатами державного статистичного спостереження ""Рівень заробітної плати працівників за статтю, віком, освітою та професійними групами"", яким охоплені юридичні особи та відокремлені підрозділи юридичних осіб із кількістю найманих працівників 10 і більше осіб. 2. Дані наведено без урахування тимчасово окупованої території Автономної Республіки Крим, м. Севастополя та частини тимчасово окупованих територій у Донецькій та Луганській областях. 3. Середньомісячна заробітна плата одного штатного працівника розраховується шляхом ділення нарахованого фонду оплати праці штатних працівників за звітний місяць (період) на середньооблікову кількість штатних працівників і на кількість місяців у періоді. Професія – це певний вид трудової діяльності, який потребує спеціальних теоретичних знань та практичних навичок. Професія – рід занять, певна форма трудової діяльності.","","4202","","","","11995"
"Нараховано в середньому штатному працівнику, за період часу","Місяць","Жінки","Україна","Професії та професійні групи","Фахівці з бродильного виробництва та виноробства","Річна","Гривня","Одиниці","Нуль","Явищ не було","","1. Дані підготовлено за результатами державного статистичного спостереження ""Рівень заробітної плати працівників за статтю, віком, освітою та професійними групами"", яким охоплені юридичні особи та відокремлені підрозділи юридичних осіб із кількістю найманих працівників 10 і більше осіб. 2. Дані наведено без урахування тимчасово окупованої території Автономної Республіки Крим, м. Севастополя та частини тимчасово окупованих територій у Донецькій та Луганській областях. 3. Середньомісячна заробітна плата одного штатного працівника розраховується шляхом ділення нарахованого фонду оплати праці штатних працівників за звітний місяць (період) на середньооблікову кількість штатних працівників і на кількість місяців у періоді. Професія – це певний вид трудової діяльності, який потребує спеціальних теоретичних знань та практичних навичок. Професія – рід занять, певна форма трудової діяльності.","","","","","","7246"
"Нараховано в середньому штатному працівнику, за період часу","Місяць","Жінки","Україна","Професії та професійні групи","Збирачі сміття та подібні до них чорнороби","Річна","Гривня","Одиниці","Нуль","","","1. Дані підготовлено за результатами державного статистичного спостереження ""Рівень заробітної плати працівників за статтю, віком, освітою та професійними групами"", яким охоплені юридичні особи та відокремлені підрозділи юридичних осіб із кількістю найманих працівників 10 і більше осіб. 2. Дані наведено без урахування тимчасово окупованої території Автономної Республіки Крим, м. Севастополя та частини тимчасово окупованих територій у Донецькій та Луганській областях. 3. Середньомісячна заробітна плата одного штатного працівника розраховується шляхом ділення нарахованого фонду оплати праці штатних працівників за звітний місяць (період) на середньооблікову кількість штатних працівників і на кількість місяців у періоді. Професія – це певний вид трудової діяльності, який потребує спеціальних теоретичних знань та практичних навичок. Професія – рід занять, певна форма трудової діяльності.","","2340","","","","6438"
"Нараховано в середньому штатному працівнику, за період часу","Місяць","Жінки","Україна","Професії та професійні групи","Суднова палубна команда ","Річна","Гривня","Одиниці","Нуль","","","1. Дані підготовлено за результатами державного статистичного спостереження ""Рівень заробітної плати працівників за статтю, віком, освітою та професійними групами"", яким охоплені юридичні особи та відокремлені підрозділи юридичних осіб із кількістю найманих працівників 10 і більше осіб. 2. Дані наведено без урахування тимчасово окупованої території Автономної Республіки Крим, м. Севастополя та частини тимчасово окупованих територій у Донецькій та Луганській областях. 3. Середньомісячна заробітна плата одного штатного працівника розраховується шляхом ділення нарахованого фонду оплати праці штатних працівників за звітний місяць (період) на середньооблікову кількість штатних працівників і на кількість місяців у періоді. Професія – це певний вид трудової діяльності, який потребує спеціальних теоретичних знань та практичних навичок. Професія – рід занять, певна форма трудової діяльності.","","3824","","","","3749"
"Нараховано в середньому штатному працівнику, за період часу","Місяць","Жінки","Україна","Професії та професійні групи","Фахівці зі зберігання та переробки зерна ","Річна","Гривня","Одиниці","Нуль","","","1. Дані підготовлено за результатами державного статистичного спостереження ""Рівень заробітної плати працівників за статтю, віком, освітою та професійними групами"", яким охоплені юридичні особи та відокремлені підрозділи юридичних осіб із кількістю найманих працівників 10 і більше осіб. 2. Дані наведено без урахування тимчасово окупованої території Автономної Республіки Крим, м. Севастополя та частини тимчасово окупованих територій у Донецькій та Луганській областях. 3. Середньомісячна заробітна плата одного штатного працівника розраховується шляхом ділення нарахованого фонду оплати праці штатних працівників за звітний місяць (період) на середньооблікову кількість штатних працівників і на кількість місяців у періоді. Професія – це певний вид трудової діяльності, який потребує спеціальних теоретичних знань та практичних навичок. Професія – рід занять, певна форма трудової діяльності.","","6905","","","","13591"
"Нараховано в середньому штатному працівнику, за період часу","Місяць","Жінки","Україна","Професії та професійні групи","Службовці, зайняті з цифровими   даними ","Річна","Гривня","Одиниці","Нуль","","","1. Дані підготовлено за результатами державного статистичного спостереження ""Рівень заробітної плати працівників за статтю, віком, освітою та професійними групами"", яким охоплені юридичні особи та відокремлені підрозділи юридичних осіб із кількістю найманих працівників 10 і більше осіб. 2. Дані наведено без урахування тимчасово окупованої території Автономної Республіки Крим, м. Севастополя та частини тимчасово окупованих територій у Донецькій та Луганській областях. 3. Середньомісячна заробітна плата одного штатного працівника розраховується шляхом ділення нарахованого фонду оплати праці штатних працівників за звітний місяць (період) на середньооблікову кількість штатних працівників і на кількість місяців у періоді. Професія – це певний вид трудової діяльності, який потребує спеціальних теоретичних знань та практичних навичок. Професія – рід занять, певна форма трудової діяльності.","","3524","","","","7523"
"Нараховано в середньому штатному працівнику, за період часу","Місяць","Жінки","Україна","Професії та професійні групи","Робітники, що обслуговують хімічні установки ","Річна","Гривня","Одиниці","Нуль","","","1. Дані підготовлено за результатами державного статистичного спостереження ""Рівень заробітної плати працівників за статтю, віком, освітою та професійними групами"", яким охоплені юридичні особи та відокремлені підрозділи юридичних осіб із кількістю найманих працівників 10 і більше осіб. 2. Дані наведено без урахування тимчасово окупованої території Автономної Республіки Крим, м. Севастополя та частини тимчасово окупованих територій у Донецькій та Луганській областях. 3. Середньомісячна заробітна плата одного штатного працівника розраховується шляхом ділення нарахованого фонду оплати праці штатних працівників за звітний місяць (період) на середньооблікову кількість штатних працівників і на кількість місяців у періоді. Професія – це певний вид трудової діяльності, який потребує спеціальних теоретичних знань та практичних навичок. Професія – рід занять, певна форма трудової діяльності.","","3906","","","","8002"
"Нараховано в середньому штатному працівнику, за період часу","Місяць","Жінки","Україна","Професії та професійні групи","Працівники, що надають інші послуги юридичним та фізичним особам ","Річна","Гривня","Одиниці","Нуль","","","1. Дані підготовлено за результатами державного статистичного спостереження ""Рівень заробітної плати працівників за статтю, віком, освітою та професійними групами"", яким охоплені юридичні особи та відокремлені підрозділи юридичних осіб із кількістю найманих працівників 10 і більше осіб. 2. Дані наведено без урахування тимчасово окупованої території Автономної Республіки Крим, м. Севастополя та частини тимчасово окупованих територій у Донецькій та Луганській областях. 3. Середньомісячна заробітна плата одного штатного працівника розраховується шляхом ділення нарахованого фонду оплати праці штатних працівників за звітний місяць (період) на середньооблікову кількість штатних працівників і на кількість місяців у періоді. Професія – це певний вид трудової діяльності, який потребує спеціальних теоретичних знань та практичних навичок. Професія – рід занять, певна форма трудової діяльності.","","6992","","","","7478"
"Нараховано в середньому штатному працівнику, за період часу","Місяць","Жінки","Україна","Професії та професійні групи","Робітники, що обслуговують гірниче устаткування та устаткування для перероблення корисних копалин ","Річна","Гривня","Одиниці","Нуль","","","1. Дані підготовлено за результатами державного статистичного спостереження ""Рівень заробітної плати працівників за статтю, віком, освітою та професійними групами"", яким охоплені юридичні особи та відокремлені підрозділи юридичних осіб із кількістю найманих працівників 10 і більше осіб. 2. Дані наведено без урахування тимчасово окупованої території Автономної Республіки Крим, м. Севастополя та частини тимчасово окупованих територій у Донецькій та Луганській областях. 3. Середньомісячна заробітна плата одного штатного працівника розраховується шляхом ділення нарахованого фонду оплати праці штатних працівників за звітний місяць (період) на середньооблікову кількість штатних працівників і на кількість місяців у періоді. Професія – це певний вид трудової діяльності, який потребує спеціальних теоретичних знань та практичних навичок. Професія – рід занять, певна форма трудової діяльності.","","4541","","","","10342"
"Нараховано в середньому штатному працівнику, за період часу","Місяць","Жінки","Україна","Професії та професійні групи","Гончарі та виробники скляних виробів","Річна","Гривня","Одиниці","Нуль","","","1. Дані підготовлено за результатами державного статистичного спостереження ""Рівень заробітної плати працівників за статтю, віком, освітою та професійними групами"", яким охоплені юридичні особи та відокремлені підрозділи юридичних осіб із кількістю найманих працівників 10 і більше осіб. 2. Дані наведено без урахування тимчасово окупованої території Автономної Республіки Крим, м. Севастополя та частини тимчасово окупованих територій у Донецькій та Луганській областях. 3. Середньомісячна заробітна плата одного штатного працівника розраховується шляхом ділення нарахованого фонду оплати праці штатних працівників за звітний місяць (період) на середньооблікову кількість штатних працівників і на кількість місяців у періоді. Професія – це певний вид трудової діяльності, який потребує спеціальних теоретичних знань та практичних навичок. Професія – рід занять, певна форма трудової діяльності.","","4007","","","","8367"
"Нараховано в середньому штатному працівнику, за період часу","Місяць","Жінки","Україна","Професії та професійні групи","Кваліфіковані робітники з інструментом","Річна","Гривня","Одиниці","Нуль","","","1. Дані підготовлено за результатами державного статистичного спостереження ""Рівень заробітної плати працівників за статтю, віком, освітою та професійними групами"", яким охоплені юридичні особи та відокремлені підрозділи юридичних осіб із кількістю найманих працівників 10 і більше осіб. 2. Дані наведено без урахування тимчасово окупованої території Автономної Республіки Крим, м. Севастополя та частини тимчасово окупованих територій у Донецькій та Луганській областях. 3. Середньомісячна заробітна плата одного штатного працівника розраховується шляхом ділення нарахованого фонду оплати праці штатних працівників за звітний місяць (період) на середньооблікову кількість штатних працівників і на кількість місяців у періоді. Професія – це певний вид трудової діяльності, який потребує спеціальних теоретичних знань та практичних навичок. Професія – рід занять, певна форма трудової діяльності.","","3700","","","","8051"
"Нараховано в середньому штатному працівнику, за період часу","Місяць","Жінки","Україна","Професії та професійні групи","Водії та робітники з  обслуговування пересувної техніки та установок","Річна","Гривня","Одиниці","Нуль","","","1. Дані підготовлено за результатами державного статистичного спостереження ""Рівень заробітної плати працівників за статтю, віком, освітою та професійними групами"", яким охоплені юридичні особи та відокремлені підрозділи юридичних осіб із кількістю найманих працівників 10 і більше осіб. 2. Дані наведено без урахування тимчасово окупованої території Автономної Республіки Крим, м. Севастополя та частини тимчасово окупованих територій у Донецькій та Луганській областях. 3. Середньомісячна заробітна плата одного штатного працівника розраховується шляхом ділення нарахованого фонду оплати праці штатних працівників за звітний місяць (період) на середньооблікову кількість штатних працівників і на кількість місяців у періоді. Професія – це певний вид трудової діяльності, який потребує спеціальних теоретичних знань та практичних навичок. Професія – рід занять, певна форма трудової діяльності.","","4006","","","","9881"
"Нараховано в середньому штатному працівнику, за період часу","Місяць","Жінки","Україна","Професії та професійні групи","Будівельники-лицювальники та подібні до них професійні назви робіт","Річна","Гривня","Одиниці","Нуль","","","1. Дані підготовлено за результатами державного статистичного спостереження ""Рівень заробітної плати працівників за статтю, віком, освітою та професійними групами"", яким охоплені юридичні особи та відокремлені підрозділи юридичних осіб із кількістю найманих працівників 10 і більше осіб. 2. Дані наведено без урахування тимчасово окупованої території Автономної Республіки Крим, м. Севастополя та частини тимчасово окупованих територій у Донецькій та Луганській областях. 3. Середньомісячна заробітна плата одного штатного працівника розраховується шляхом ділення нарахованого фонду оплати праці штатних працівників за звітний місяць (період) на середньооблікову кількість штатних працівників і на кількість місяців у періоді. Професія – це певний вид трудової діяльності, який потребує спеціальних теоретичних знань та практичних навичок. Професія – рід занять, певна форма трудової діяльності.","","3302","","","","7507"
"Нараховано в середньому штатному працівнику, за період часу","Місяць","Жінки","Україна","Професії та професійні групи","Робітники, що обслуговують устаткування з виробництва харчових та подібних продуктів ","Річна","Гривня","Одиниці","Нуль","","","1. Дані підготовлено за результатами державного статистичного спостереження ""Рівень заробітної плати працівників за статтю, віком, освітою та професійними групами"", яким охоплені юридичні особи та відокремлені підрозділи юридичних осіб із кількістю найманих працівників 10 і більше осіб. 2. Дані наведено без урахування тимчасово окупованої території Автономної Республіки Крим, м. Севастополя та частини тимчасово окупованих територій у Донецькій та Луганській областях. 3. Середньомісячна заробітна плата одного штатного працівника розраховується шляхом ділення нарахованого фонду оплати праці штатних працівників за звітний місяць (період) на середньооблікову кількість штатних працівників і на кількість місяців у періоді. Професія – це певний вид трудової діяльності, який потребує спеціальних теоретичних знань та практичних навичок. Професія – рід занять, певна форма трудової діяльності.","","3780","","","","8215"
"Нараховано в середньому штатному працівнику, за період часу","Місяць","Жінки","Україна","Професії та професійні групи","Інші кваліфіковані сільськогосподарські робітники та рибалки","Річна","Гривня","Одиниці","Нуль","","","1. Дані підготовлено за результатами державного статистичного спостереження ""Рівень заробітної плати працівників за статтю, віком, освітою та професійними групами"", яким охоплені юридичні особи та відокремлені підрозділи юридичних осіб із кількістю найманих працівників 10 і більше осіб. 2. Дані наведено без урахування тимчасово окупованої території Автономної Республіки Крим, м. Севастополя та частини тимчасово окупованих територій у Донецькій та Луганській областях. 3. Середньомісячна заробітна плата одного штатного працівника розраховується шляхом ділення нарахованого фонду оплати праці штатних працівників за звітний місяць (період) на середньооблікову кількість штатних працівників і на кількість місяців у періоді. Професія – це певний вид трудової діяльності, який потребує спеціальних теоретичних знань та практичних навичок. Професія – рід занять, певна форма трудової діяльності.","","8572","","","","9740"
"Нараховано в середньому штатному працівнику, за період часу","Місяць","Жінки","Україна","Професії та професійні групи","Інспектори право охоронних органів, кримінально-виконавчої служби, воєнізованої охорони, приватні детективи та фахівці з дізнання","Річна","Гривня","Одиниці","Нуль","","","1. Дані підготовлено за результатами державного статистичного спостереження ""Рівень заробітної плати працівників за статтю, віком, освітою та професійними групами"", яким охоплені юридичні особи та відокремлені підрозділи юридичних осіб із кількістю найманих працівників 10 і більше осіб. 2. Дані наведено без урахування тимчасово окупованої території Автономної Республіки Крим, м. Севастополя та частини тимчасово окупованих територій у Донецькій та Луганській областях. 3. Середньомісячна заробітна плата одного штатного працівника розраховується шляхом ділення нарахованого фонду оплати праці штатних працівників за звітний місяць (період) на середньооблікову кількість штатних працівників і на кількість місяців у періоді. Професія – це певний вид трудової діяльності, який потребує спеціальних теоретичних знань та практичних навичок. Професія – рід занять, певна форма трудової діяльності.","","9187","","","","10571"
"Нараховано в середньому штатному працівнику, за період часу","Місяць","Жінки","Україна","Професії та професійні групи","Робітники, зайняті в лісовому господарстві ","Річна","Гривня","Одиниці","Нуль","","","1. Дані підготовлено за результатами державного статистичного спостереження ""Рівень заробітної плати працівників за статтю, віком, освітою та професійними групами"", яким охоплені юридичні особи та відокремлені підрозділи юридичних осіб із кількістю найманих працівників 10 і більше осіб. 2. Дані наведено без урахування тимчасово окупованої території Автономної Республіки Крим, м. Севастополя та частини тимчасово окупованих територій у Донецькій та Луганській областях. 3. Середньомісячна заробітна плата одного штатного працівника розраховується шляхом ділення нарахованого фонду оплати праці штатних працівників за звітний місяць (період) на середньооблікову кількість штатних працівників і на кількість місяців у періоді. Професія – це певний вид трудової діяльності, який потребує спеціальних теоретичних знань та практичних навичок. Професія – рід занять, певна форма трудової діяльності.","","3587","","","","6549"
"Нараховано в середньому штатному працівнику, за період часу","Місяць","Жінки","Україна","Професії та професійні групи","Робітники, що обслуговують друкарські та палітурні машини а також машини для виробництва виробів з паперу ","Річна","Гривня","Одиниці","Нуль","","","1. Дані підготовлено за результатами державного статистичного спостереження ""Рівень заробітної плати працівників за статтю, віком, освітою та професійними групами"", яким охоплені юридичні особи та відокремлені підрозділи юридичних осіб із кількістю найманих працівників 10 і більше осіб. 2. Дані наведено без урахування тимчасово окупованої території Автономної Республіки Крим, м. Севастополя та частини тимчасово окупованих територій у Донецькій та Луганській областях. 3. Середньомісячна заробітна плата одного штатного працівника розраховується шляхом ділення нарахованого фонду оплати праці штатних працівників за звітний місяць (період) на середньооблікову кількість штатних працівників і на кількість місяців у періоді. Професія – це певний вид трудової діяльності, який потребує спеціальних теоретичних знань та практичних навичок. Професія – рід занять, певна форма трудової діяльності.","","3488","","","","7447"
"Нараховано в середньому штатному працівнику, за період часу","Місяць","Жінки","Україна","Професії та професійні групи","Лаборанти та техніки в інших видах економічної діяльності ","Річна","Гривня","Одиниці","Нуль","","","1. Дані підготовлено за результатами державного статистичного спостереження ""Рівень заробітної плати працівників за статтю, віком, освітою та професійними групами"", яким охоплені юридичні особи та відокремлені підрозділи юридичних осіб із кількістю найманих працівників 10 і більше осіб. 2. Дані наведено без урахування тимчасово окупованої території Автономної Республіки Крим, м. Севастополя та частини тимчасово окупованих територій у Донецькій та Луганській областях. 3. Середньомісячна заробітна плата одного штатного працівника розраховується шляхом ділення нарахованого фонду оплати праці штатних працівників за звітний місяць (період) на середньооблікову кількість штатних працівників і на кількість місяців у періоді. Професія – це певний вид трудової діяльності, який потребує спеціальних теоретичних знань та практичних навичок. Професія – рід занять, певна форма трудової діяльності.","","2439","","","","6302"
"Нараховано в середньому штатному працівнику, за період часу","Місяць","Жінки","Україна","Стаж роботи","20 і більше років","Річна","Гривня","Одиниці","Нуль","","","1. Дані підготовлено за результатами державного статистичного спостереження ""Рівень заробітної плати працівників за статтю, віком, освітою та професійними групами"", яким охоплені юридичні особи та відокремлені підрозділи юридичних осіб із кількістю найманих працівників 10 і більше осіб. 2. Дані наведено без урахування тимчасово окупованої території Автономної Республіки Крим, м. Севастополя та частини тимчасово окупованих територій у Донецькій та Луганській областях. 3. Середньомісячна заробітна плата одного штатного працівника розраховується шляхом ділення нарахованого фонду оплати праці штатних працівників за звітний місяць (період) на середньооблікову кількість штатних працівників і на кількість місяців у періоді.","","4530","","","","10382"
"Нараховано в середньому штатному працівнику, за період часу","Місяць","Жінки","Україна","Професії та професійні групи","Робітники, що обслуговують устаткування з виробництва метало- та мінералопродуктів ","Річна","Гривня","Одиниці","Нуль","","","1. Дані підготовлено за результатами державного статистичного спостереження ""Рівень заробітної плати працівників за статтю, віком, освітою та професійними групами"", яким охоплені юридичні особи та відокремлені підрозділи юридичних осіб із кількістю найманих працівників 10 і більше осіб. 2. Дані наведено без урахування тимчасово окупованої території Автономної Республіки Крим, м. Севастополя та частини тимчасово окупованих територій у Донецькій та Луганській областях. 3. Середньомісячна заробітна плата одного штатного працівника розраховується шляхом ділення нарахованого фонду оплати праці штатних працівників за звітний місяць (період) на середньооблікову кількість штатних працівників і на кількість місяців у періоді. Професія – це певний вид трудової діяльності, який потребує спеціальних теоретичних знань та практичних навичок. Професія – рід занять, певна форма трудової діяльності.","","3982","","","","9121"
"Нараховано в середньому штатному працівнику, за період часу","Місяць","Жінки","Україна","Стаж роботи","10-14 років","Річна","Гривня","Одиниці","Нуль","","","1. Дані підготовлено за результатами державного статистичного спостереження ""Рівень заробітної плати працівників за статтю, віком, освітою та професійними групами"", яким охоплені юридичні особи та відокремлені підрозділи юридичних осіб із кількістю найманих працівників 10 і більше осіб. 2. Дані наведено без урахування тимчасово окупованої території Автономної Республіки Крим, м. Севастополя та частини тимчасово окупованих територій у Донецькій та Луганській областях. 3. Середньомісячна заробітна плата одного штатного працівника розраховується шляхом ділення нарахованого фонду оплати праці штатних працівників за звітний місяць (період) на середньооблікову кількість штатних працівників і на кількість місяців у періоді.","","4492","","","","10820"
"Нараховано в середньому штатному працівнику, за період часу","Місяць","Жінки","Україна","Професії та професійні групи","Працівники служб, що надають захисні послуги ","Річна","Гривня","Одиниці","Нуль","","","1. Дані підготовлено за результатами державного статистичного спостереження ""Рівень заробітної плати працівників за статтю, віком, освітою та професійними групами"", яким охоплені юридичні особи та відокремлені підрозділи юридичних осіб із кількістю найманих працівників 10 і більше осіб. 2. Дані наведено без урахування тимчасово окупованої території Автономної Республіки Крим, м. Севастополя та частини тимчасово окупованих територій у Донецькій та Луганській областях. 3. Середньомісячна заробітна плата одного штатного працівника розраховується шляхом ділення нарахованого фонду оплати праці штатних працівників за звітний місяць (період) на середньооблікову кількість штатних працівників і на кількість місяців у періоді. Професія – це певний вид трудової діяльності, який потребує спеціальних теоретичних знань та практичних навичок. Професія – рід занять, певна форма трудової діяльності.","","3038","","","","6554"
"Нараховано в середньому штатному працівнику, за період часу","Місяць","Жінки","Україна","Професії та професійні групи","Деревообробники та столяри- червонодеревники","Річна","Гривня","Одиниці","Нуль","","","1. Дані підготовлено за результатами державного статистичного спостереження ""Рівень заробітної плати працівників за статтю, віком, освітою та професійними групами"", яким охоплені юридичні особи та відокремлені підрозділи юридичних осіб із кількістю найманих працівників 10 і більше осіб. 2. Дані наведено без урахування тимчасово окупованої території Автономної Республіки Крим, м. Севастополя та частини тимчасово окупованих територій у Донецькій та Луганській областях. 3. Середньомісячна заробітна плата одного штатного працівника розраховується шляхом ділення нарахованого фонду оплати праці штатних працівників за звітний місяць (період) на середньооблікову кількість штатних працівників і на кількість місяців у періоді. Професія – це певний вид трудової діяльності, який потребує спеціальних теоретичних знань та практичних навичок. Професія – рід занять, певна форма трудової діяльності.","","3848","","","","7799"
"Нараховано в середньому штатному працівнику, за період часу","Місяць","Жінки","Україна","Професії та професійні групи","Механіки та монтажники механічного устаткування ","Річна","Гривня","Одиниці","Нуль","","","1. Дані підготовлено за результатами державного статистичного спостереження ""Рівень заробітної плати працівників за статтю, віком, освітою та професійними групами"", яким охоплені юридичні особи та відокремлені підрозділи юридичних осіб із кількістю найманих працівників 10 і більше осіб. 2. Дані наведено без урахування тимчасово окупованої території Автономної Республіки Крим, м. Севастополя та частини тимчасово окупованих територій у Донецькій та Луганській областях. 3. Середньомісячна заробітна плата одного штатного працівника розраховується шляхом ділення нарахованого фонду оплати праці штатних працівників за звітний місяць (період) на середньооблікову кількість штатних працівників і на кількість місяців у періоді. Професія – це певний вид трудової діяльності, який потребує спеціальних теоретичних знань та практичних навичок. Професія – рід занять, певна форма трудової діяльності.","","3939","","","","7938"
"Нараховано в середньому штатному працівнику, за період часу","Місяць","Жінки","Україна","Професії та професійні групи","Доглядачі будинків та працівники закладів ресторанного господарства ","Річна","Гривня","Одиниці","Нуль","","","1. Дані підготовлено за результатами державного статистичного спостереження ""Рівень заробітної плати працівників за статтю, віком, освітою та професійними групами"", яким охоплені юридичні особи та відокремлені підрозділи юридичних осіб із кількістю найманих працівників 10 і більше осіб. 2. Дані наведено без урахування тимчасово окупованої території Автономної Республіки Крим, м. Севастополя та частини тимчасово окупованих територій у Донецькій та Луганській областях. 3. Середньомісячна заробітна плата одного штатного працівника розраховується шляхом ділення нарахованого фонду оплати праці штатних працівників за звітний місяць (період) на середньооблікову кількість штатних працівників і на кількість місяців у періоді. Професія – це певний вид трудової діяльності, який потребує спеціальних теоретичних знань та практичних навичок. Професія – рід занять, певна форма трудової діяльності.","","2434","","","","5977"
"Нараховано в середньому штатному працівнику, за період часу","Місяць","Жінки","Україна","Професії та професійні групи","Найпростіші професії у  видобувних галузях, будівництві, промисловості та на транспорті ","Річна","Гривня","Одиниці","Нуль","","","1. Дані підготовлено за результатами державного статистичного спостереження ""Рівень заробітної плати працівників за статтю, віком, освітою та професійними групами"", яким охоплені юридичні особи та відокремлені підрозділи юридичних осіб із кількістю найманих працівників 10 і більше осіб. 2. Дані наведено без урахування тимчасово окупованої території Автономної Республіки Крим, м. Севастополя та частини тимчасово окупованих територій у Донецькій та Луганській областях. 3. Середньомісячна заробітна плата одного штатного працівника розраховується шляхом ділення нарахованого фонду оплати праці штатних працівників за звітний місяць (період) на середньооблікову кількість штатних працівників і на кількість місяців у періоді. Професія – це певний вид трудової діяльності, який потребує спеціальних теоретичних знань та практичних навичок. Професія – рід занять, певна форма трудової діяльності.","","3014","","","","7016"
"Нараховано в середньому штатному працівнику, за період часу","Місяць","Жінки","Україна","Професії та професійні групи","Працівники, що надають персональні та захисні послуги","Річна","Гривня","Одиниці","Нуль","","","1. Дані підготовлено за результатами державного статистичного спостереження ""Рівень заробітної плати працівників за статтю, віком, освітою та професійними групами"", яким охоплені юридичні особи та відокремлені підрозділи юридичних осіб із кількістю найманих працівників 10 і більше осіб. 2. Дані наведено без урахування тимчасово окупованої території Автономної Республіки Крим, м. Севастополя та частини тимчасово окупованих територій у Донецькій та Луганській областях. 3. Середньомісячна заробітна плата одного штатного працівника розраховується шляхом ділення нарахованого фонду оплати праці штатних працівників за звітний місяць (період) на середньооблікову кількість штатних працівників і на кількість місяців у періоді. Професія – це певний вид трудової діяльності, який потребує спеціальних теоретичних знань та практичних навичок. Професія – рід занять, певна форма трудової діяльності.","","2368","","","","6248"
"Нараховано в середньому штатному працівнику, за період часу","Місяць","Жінки","Україна","Професії та професійні групи","Домашня прислуга, прибиральники та прачки ","Річна","Гривня","Одиниці","Нуль","","","1. Дані підготовлено за результатами державного статистичного спостереження ""Рівень заробітної плати працівників за статтю, віком, освітою та професійними групами"", яким охоплені юридичні особи та відокремлені підрозділи юридичних осіб із кількістю найманих працівників 10 і більше осіб. 2. Дані наведено без урахування тимчасово окупованої території Автономної Республіки Крим, м. Севастополя та частини тимчасово окупованих територій у Донецькій та Луганській областях. 3. Середньомісячна заробітна плата одного штатного працівника розраховується шляхом ділення нарахованого фонду оплати праці штатних працівників за звітний місяць (період) на середньооблікову кількість штатних працівників і на кількість місяців у періоді. Професія – це певний вид трудової діяльності, який потребує спеціальних теоретичних знань та практичних навичок. Професія – рід занять, певна форма трудової діяльності.","","2181","","","","5428"
"Нараховано в середньому штатному працівнику, за період часу","Місяць","Жінки","Україна","Професії та професійні групи","Працівники з надання послуг у сфері мистецтва ","Річна","Гривня","Одиниці","Нуль","","","1. Дані підготовлено за результатами державного статистичного спостереження ""Рівень заробітної плати працівників за статтю, віком, освітою та професійними групами"", яким охоплені юридичні особи та відокремлені підрозділи юридичних осіб із кількістю найманих працівників 10 і більше осіб. 2. Дані наведено без урахування тимчасово окупованої території Автономної Республіки Крим, м. Севастополя та частини тимчасово окупованих територій у Донецькій та Луганській областях. 3. Середньомісячна заробітна плата одного штатного працівника розраховується шляхом ділення нарахованого фонду оплати праці штатних працівників за звітний місяць (період) на середньооблікову кількість штатних працівників і на кількість місяців у періоді. Професія – це певний вид трудової діяльності, який потребує спеціальних теоретичних знань та практичних навичок. Професія – рід занять, певна форма трудової діяльності.","","6992","","","","7478"
"Нараховано в середньому штатному працівнику, за період часу","Місяць","Жінки","Україна","Професії та професійні групи","Найпростіші професії в промисловості","Річна","Гривня","Одиниці","Нуль","","","1. Дані підготовлено за результатами державного статистичного спостереження ""Рівень заробітної плати працівників за статтю, віком, освітою та професійними групами"", яким охоплені юридичні особи та відокремлені підрозділи юридичних осіб із кількістю найманих працівників 10 і більше осіб. 2. Дані наведено без урахування тимчасово окупованої території Автономної Республіки Крим, м. Севастополя та частини тимчасово окупованих територій у Донецькій та Луганській областях. 3. Середньомісячна заробітна плата одного штатного працівника розраховується шляхом ділення нарахованого фонду оплати праці штатних працівників за звітний місяць (період) на середньооблікову кількість штатних працівників і на кількість місяців у періоді. Професія – це певний вид трудової діяльності, який потребує спеціальних теоретичних знань та практичних навичок. Професія – рід занять, певна форма трудової діяльності.","","2911","","","","6891"
"Нараховано в середньому штатному працівнику, за період часу","Місяць","Жінки","Україна","Стаж роботи","До 2 років","Річна","Гривня","Одиниці","Нуль","","","1. Дані підготовлено за результатами державного статистичного спостереження ""Рівень заробітної плати працівників за статтю, віком, освітою та професійними групами"", яким охоплені юридичні особи та відокремлені підрозділи юридичних осіб із кількістю найманих працівників 10 і більше осіб. 2. Дані наведено без урахування тимчасово окупованої території Автономної Республіки Крим, м. Севастополя та частини тимчасово окупованих територій у Донецькій та Луганській областях. 3. Середньомісячна заробітна плата одного штатного працівника розраховується шляхом ділення нарахованого фонду оплати праці штатних працівників за звітний місяць (період) на середньооблікову кількість штатних працівників і на кількість місяців у періоді.","","3215","","","","7992"
"Нараховано в середньому штатному працівнику, за період часу","Місяць","Жінки","Україна","Професії та професійні групи","Робітники, що обслуговують сільськогосподарські та інші пересувні установки ","Річна","Гривня","Одиниці","Нуль","","","1. Дані підготовлено за результатами державного статистичного спостереження ""Рівень заробітної плати працівників за статтю, віком, освітою та професійними групами"", яким охоплені юридичні особи та відокремлені підрозділи юридичних осіб із кількістю найманих працівників 10 і більше осіб. 2. Дані наведено без урахування тимчасово окупованої території Автономної Республіки Крим, м. Севастополя та частини тимчасово окупованих територій у Донецькій та Луганській областях. 3. Середньомісячна заробітна плата одного штатного працівника розраховується шляхом ділення нарахованого фонду оплати праці штатних працівників за звітний місяць (період) на середньооблікову кількість штатних працівників і на кількість місяців у періоді. Професія – це певний вид трудової діяльності, який потребує спеціальних теоретичних знань та практичних навичок. Професія – рід занять, певна форма трудової діяльності.","","3972","","","","9603"
"Нараховано в середньому штатному працівнику, за період часу","Місяць","Жінки","Україна","Професії та професійні групи","Службовці, що займаються реєстрацією матеріальних цінностей та транспортуванням ","Річна","Гривня","Одиниці","Нуль","","","1. Дані підготовлено за результатами державного статистичного спостереження ""Рівень заробітної плати працівників за статтю, віком, освітою та професійними групами"", яким охоплені юридичні особи та відокремлені підрозділи юридичних осіб із кількістю найманих працівників 10 і більше осіб. 2. Дані наведено без урахування тимчасово окупованої території Автономної Республіки Крим, м. Севастополя та частини тимчасово окупованих територій у Донецькій та Луганській областях. 3. Середньомісячна заробітна плата одного штатного працівника розраховується шляхом ділення нарахованого фонду оплати праці штатних працівників за звітний місяць (період) на середньооблікову кількість штатних працівників і на кількість місяців у періоді. Професія – це певний вид трудової діяльності, який потребує спеціальних теоретичних знань та практичних навичок. Професія – рід занять, певна форма трудової діяльності.","","3721","","","","7342"
"Нараховано в середньому штатному працівнику, за період часу","Місяць","Жінки","Україна","Професії та професійні групи","Фахівці з виробництва молочних продуктів","Річна","Гривня","Одиниці","Нуль","Явищ не було","","1. Дані підготовлено за результатами державного статистичного спостереження ""Рівень заробітної плати працівників за статтю, віком, освітою та професійними групами"", яким охоплені юридичні особи та відокремлені підрозділи юридичних осіб із кількістю найманих працівників 10 і більше осіб. 2. Дані наведено без урахування тимчасово окупованої території Автономної Республіки Крим, м. Севастополя та частини тимчасово окупованих територій у Донецькій та Луганській областях. 3. Середньомісячна заробітна плата одного штатного працівника розраховується шляхом ділення нарахованого фонду оплати праці штатних працівників за звітний місяць (період) на середньооблікову кількість штатних працівників і на кількість місяців у періоді. Професія – це певний вид трудової діяльності, який потребує спеціальних теоретичних знань та практичних навичок. Професія – рід занять, певна форма трудової діяльності.","","","","","","10769"
"Нараховано в середньому штатному працівнику, за період часу","Місяць","Жінки","Україна","Професії та професійні групи","Робітники, що обслуговують деревообробні та папероробні установки","Річна","Гривня","Одиниці","Нуль","","","1. Дані підготовлено за результатами державного статистичного спостереження ""Рівень заробітної плати працівників за статтю, віком, освітою та професійними групами"", яким охоплені юридичні особи та відокремлені підрозділи юридичних осіб із кількістю найманих працівників 10 і більше осіб. 2. Дані наведено без урахування тимчасово окупованої території Автономної Республіки Крим, м. Севастополя та частини тимчасово окупованих територій у Донецькій та Луганській областях. 3. Середньомісячна заробітна плата одного штатного працівника розраховується шляхом ділення нарахованого фонду оплати праці штатних працівників за звітний місяць (період) на середньооблікову кількість штатних працівників і на кількість місяців у періоді. Професія – це певний вид трудової діяльності, який потребує спеціальних теоретичних знань та практичних навичок. Професія – рід занять, певна форма трудової діяльності.","","3911","","","","7743"
"Нараховано в середньому штатному працівнику, за період часу","Місяць","Жінки","Україна","Професії та професійні групи","Моделі, продавці та демонстратори","Річна","Гривня","Одиниці","Нуль","","","1. Дані підготовлено за результатами державного статистичного спостереження ""Рівень заробітної плати працівників за статтю, віком, освітою та професійними групами"", яким охоплені юридичні особи та відокремлені підрозділи юридичних осіб із кількістю найманих працівників 10 і більше осіб. 2. Дані наведено без урахування тимчасово окупованої території Автономної Республіки Крим, м. Севастополя та частини тимчасово окупованих територій у Донецькій та Луганській областях. 3. Середньомісячна заробітна плата одного штатного працівника розраховується шляхом ділення нарахованого фонду оплати праці штатних працівників за звітний місяць (період) на середньооблікову кількість штатних працівників і на кількість місяців у періоді. Професія – це певний вид трудової діяльності, який потребує спеціальних теоретичних знань та практичних навичок. Професія – рід занять, певна форма трудової діяльності.","","2926","","","","7896"
"Нараховано в середньому штатному працівнику, за період часу","Місяць","Жінки","Україна","Професії та професійні групи","Фахівці з технології харчування ","Річна","Гривня","Одиниці","Нуль","","","1. Дані підготовлено за результатами державного статистичного спостереження ""Рівень заробітної плати працівників за статтю, віком, освітою та професійними групами"", яким охоплені юридичні особи та відокремлені підрозділи юридичних осіб із кількістю найманих працівників 10 і більше осіб. 2. Дані наведено без урахування тимчасово окупованої території Автономної Республіки Крим, м. Севастополя та частини тимчасово окупованих територій у Донецькій та Луганській областях. 3. Середньомісячна заробітна плата одного штатного працівника розраховується шляхом ділення нарахованого фонду оплати праці штатних працівників за звітний місяць (період) на середньооблікову кількість штатних працівників і на кількість місяців у періоді. Професія – це певний вид трудової діяльності, який потребує спеціальних теоретичних знань та практичних навичок. Професія – рід занять, певна форма трудової діяльності.","","3187","","","","5756"
"Нараховано в середньому штатному працівнику, за період часу","Місяць","Жінки","Україна","Професії та професійні групи","Інші професійні назви робіт кваліфікованих робітників з інструментом","Річна","Гривня","Одиниці","Нуль","","","1. Дані підготовлено за результатами державного статистичного спостереження ""Рівень заробітної плати працівників за статтю, віком, освітою та професійними групами"", яким охоплені юридичні особи та відокремлені підрозділи юридичних осіб із кількістю найманих працівників 10 і більше осіб. 2. Дані наведено без урахування тимчасово окупованої території Автономної Республіки Крим, м. Севастополя та частини тимчасово окупованих територій у Донецькій та Луганській областях. 3. Середньомісячна заробітна плата одного штатного працівника розраховується шляхом ділення нарахованого фонду оплати праці штатних працівників за звітний місяць (період) на середньооблікову кількість штатних працівників і на кількість місяців у періоді. Професія – це певний вид трудової діяльності, який потребує спеціальних теоретичних знань та практичних навичок. Професія – рід занять, певна форма трудової діяльності.","","4958","","","","10977"
"Нараховано в середньому штатному працівнику, за період часу","Місяць","Жінки","Україна","Професії та професійні групи","Кваліфіковані робітники сільського та лісового господарств, риборозведення та рибальства","Річна","Гривня","Одиниці","Нуль","","","1. Дані підготовлено за результатами державного статистичного спостереження ""Рівень заробітної плати працівників за статтю, віком, освітою та професійними групами"", яким охоплені юридичні особи та відокремлені підрозділи юридичних осіб із кількістю найманих працівників 10 і більше осіб. 2. Дані наведено без урахування тимчасово окупованої території Автономної Республіки Крим, м. Севастополя та частини тимчасово окупованих територій у Донецькій та Луганській областях. 3. Середньомісячна заробітна плата одного штатного працівника розраховується шляхом ділення нарахованого фонду оплати праці штатних працівників за звітний місяць (період) на середньооблікову кількість штатних працівників і на кількість місяців у періоді. Професія – це певний вид трудової діяльності, який потребує спеціальних теоретичних знань та практичних навичок. Професія – рід занять, певна форма трудової діяльності.","","3256","","","","7921"
"Нараховано в середньому штатному працівнику, за період часу","Місяць","Жінки","Україна","Професії та професійні групи","Робітники, що виконують високоточні роботи в металі та подібних матеріалах ","Річна","Гривня","Одиниці","Нуль","","","1. Дані підготовлено за результатами державного статистичного спостереження ""Рівень заробітної плати працівників за статтю, віком, освітою та професійними групами"", яким охоплені юридичні особи та відокремлені підрозділи юридичних осіб із кількістю найманих працівників 10 і більше осіб. 2. Дані наведено без урахування тимчасово окупованої території Автономної Республіки Крим, м. Севастополя та частини тимчасово окупованих територій у Донецькій та Луганській областях. 3. Середньомісячна заробітна плата одного штатного працівника розраховується шляхом ділення нарахованого фонду оплати праці штатних працівників за звітний місяць (період) на середньооблікову кількість штатних працівників і на кількість місяців у періоді. Професія – це певний вид трудової діяльності, який потребує спеціальних теоретичних знань та практичних навичок. Професія – рід занять, певна форма трудової діяльності.","","3342","","","","7796"
"Нараховано в середньому штатному працівнику, за період часу","Місяць","Жінки","Україна","Професії та професійні групи","Будівельники будівель та споруд ","Річна","Гривня","Одиниці","Нуль","","","1. Дані підготовлено за результатами державного статистичного спостереження ""Рівень заробітної плати працівників за статтю, віком, освітою та професійними групами"", яким охоплені юридичні особи та відокремлені підрозділи юридичних осіб із кількістю найманих працівників 10 і більше осіб. 2. Дані наведено без урахування тимчасово окупованої території Автономної Республіки Крим, м. Севастополя та частини тимчасово окупованих територій у Донецькій та Луганській областях. 3. Середньомісячна заробітна плата одного штатного працівника розраховується шляхом ділення нарахованого фонду оплати праці штатних працівників за звітний місяць (період) на середньооблікову кількість штатних працівників і на кількість місяців у періоді. Професія – це певний вид трудової діяльності, який потребує спеціальних теоретичних знань та практичних навичок. Професія – рід занять, певна форма трудової діяльності.","","3108","","","","6338"
"Нараховано в середньому штатному працівнику, за період часу","Місяць","Жінки","Україна","Професії та професійні групи","Продавці, що ведуть торгівлю з лотків та на ринках ","Річна","Гривня","Одиниці","Нуль","","","1. Дані підготовлено за результатами державного статистичного спостереження ""Рівень заробітної плати працівників за статтю, віком, освітою та професійними групами"", яким охоплені юридичні особи та відокремлені підрозділи юридичних осіб із кількістю найманих працівників 10 і більше осіб. 2. Дані наведено без урахування тимчасово окупованої території Автономної Республіки Крим, м. Севастополя та частини тимчасово окупованих територій у Донецькій та Луганській областях. 3. Середньомісячна заробітна плата одного штатного працівника розраховується шляхом ділення нарахованого фонду оплати праці штатних працівників за звітний місяць (період) на середньооблікову кількість штатних працівників і на кількість місяців у періоді. Професія – це певний вид трудової діяльності, який потребує спеціальних теоретичних знань та практичних навичок. Професія – рід занять, певна форма трудової діяльності.","","1734","","","","3276"
"Нараховано в середньому штатному працівнику, за період часу","Місяць","Жінки","Україна","Професії та професійні групи","Робітники, що обслуговують машини, та складальники машин","Річна","Гривня","Одиниці","Нуль","","","1. Дані підготовлено за результатами державного статистичного спостереження ""Рівень заробітної плати працівників за статтю, віком, освітою та професійними групами"", яким охоплені юридичні особи та відокремлені підрозділи юридичних осіб із кількістю найманих працівників 10 і більше осіб. 2. Дані наведено без урахування тимчасово окупованої території Автономної Республіки Крим, м. Севастополя та частини тимчасово окупованих територій у Донецькій та Луганській областях. 3. Середньомісячна заробітна плата одного штатного працівника розраховується шляхом ділення нарахованого фонду оплати праці штатних працівників за звітний місяць (період) на середньооблікову кількість штатних працівників і на кількість місяців у періоді. Професія – це певний вид трудової діяльності, який потребує спеціальних теоретичних знань та практичних навичок. Професія – рід занять, певна форма трудової діяльності.","","3606","","","","7988"
"Нараховано в середньому штатному працівнику, за період часу","Місяць","Жінки","Україна","Професії та професійні групи","Робітники сільського господарства, що займаються як землеробством, так і тваринництвом ","Річна","Гривня","Одиниці","Нуль","","","1. Дані підготовлено за результатами державного статистичного спостереження ""Рівень заробітної плати працівників за статтю, віком, освітою та професійними групами"", яким охоплені юридичні особи та відокремлені підрозділи юридичних осіб із кількістю найманих працівників 10 і більше осіб. 2. Дані наведено без урахування тимчасово окупованої території Автономної Республіки Крим, м. Севастополя та частини тимчасово окупованих територій у Донецькій та Луганській областях. 3. Середньомісячна заробітна плата одного штатного працівника розраховується шляхом ділення нарахованого фонду оплати праці штатних працівників за звітний місяць (період) на середньооблікову кількість штатних працівників і на кількість місяців у періоді. Професія – це певний вид трудової діяльності, який потребує спеціальних теоретичних знань та практичних навичок. Професія – рід занять, певна форма трудової діяльності.","","2147","","","","5994"
"Нараховано в середньому штатному працівнику, за період часу","Місяць","Жінки","Україна","Професії та професійні групи","Касири, касири в банках та білетери ","Річна","Гривня","Одиниці","Нуль","","","1. Дані підготовлено за результатами державного статистичного спостереження ""Рівень заробітної плати працівників за статтю, віком, освітою та професійними групами"", яким охоплені юридичні особи та відокремлені підрозділи юридичних осіб із кількістю найманих працівників 10 і більше осіб. 2. Дані наведено без урахування тимчасово окупованої території Автономної Республіки Крим, м. Севастополя та частини тимчасово окупованих територій у Донецькій та Луганській областях. 3. Середньомісячна заробітна плата одного штатного працівника розраховується шляхом ділення нарахованого фонду оплати праці штатних працівників за звітний місяць (період) на середньооблікову кількість штатних працівників і на кількість місяців у періоді. Професія – це певний вид трудової діяльності, який потребує спеціальних теоретичних знань та практичних навичок. Професія – рід занять, певна форма трудової діяльності.","","3496","","","","7142"
"Нараховано в середньому штатному працівнику, за період часу","Місяць","Жінки","Україна","Професії та професійні групи","Робітники, що обслуговують устаткування з виробництва продукції з деревини ","Річна","Гривня","Одиниці","Нуль","","","1. Дані підготовлено за результатами державного статистичного спостереження ""Рівень заробітної плати працівників за статтю, віком, освітою та професійними групами"", яким охоплені юридичні особи та відокремлені підрозділи юридичних осіб із кількістю найманих працівників 10 і більше осіб. 2. Дані наведено без урахування тимчасово окупованої території Автономної Республіки Крим, м. Севастополя та частини тимчасово окупованих територій у Донецькій та Луганській областях. 3. Середньомісячна заробітна плата одного штатного працівника розраховується шляхом ділення нарахованого фонду оплати праці штатних працівників за звітний місяць (період) на середньооблікову кількість штатних працівників і на кількість місяців у періоді. Професія – це певний вид трудової діяльності, який потребує спеціальних теоретичних знань та практичних навичок. Професія – рід занять, певна форма трудової діяльності.","","3246","","","","7989"
"Нараховано в середньому штатному працівнику, за період часу","Місяць","Жінки","Україна","Професії та професійні групи","Соціальні працівники ","Річна","Гривня","Одиниці","Нуль","","","1. Дані підготовлено за результатами державного статистичного спостереження ""Рівень заробітної плати працівників за статтю, віком, освітою та професійними групами"", яким охоплені юридичні особи та відокремлені підрозділи юридичних осіб із кількістю найманих працівників 10 і більше осіб. 2. Дані наведено без урахування тимчасово окупованої території Автономної Республіки Крим, м. Севастополя та частини тимчасово окупованих територій у Донецькій та Луганській областях. 3. Середньомісячна заробітна плата одного штатного працівника розраховується шляхом ділення нарахованого фонду оплати праці штатних працівників за звітний місяць (період) на середньооблікову кількість штатних працівників і на кількість місяців у періоді. Професія – це певний вид трудової діяльності, який потребує спеціальних теоретичних знань та практичних навичок. Професія – рід занять, певна форма трудової діяльності.","","2536","","","","7607"
"Нараховано в середньому штатному працівнику, за період часу","Місяць","Жінки","Україна","Професії та професійні групи","Інші професійні назви робіт з обслуговування та експлуатації","Річна","Гривня","Одиниці","Нуль","","","1. Дані підготовлено за результатами державного статистичного спостереження ""Рівень заробітної плати працівників за статтю, віком, освітою та професійними групами"", яким охоплені юридичні особи та відокремлені підрозділи юридичних осіб із кількістю найманих працівників 10 і більше осіб. 2. Дані наведено без урахування тимчасово окупованої території Автономної Республіки Крим, м. Севастополя та частини тимчасово окупованих територій у Донецькій та Луганській областях. 3. Середньомісячна заробітна плата одного штатного працівника розраховується шляхом ділення нарахованого фонду оплати праці штатних працівників за звітний місяць (період) на середньооблікову кількість штатних працівників і на кількість місяців у періоді. Професія – це певний вид трудової діяльності, який потребує спеціальних теоретичних знань та практичних навичок. Професія – рід занять, певна форма трудової діяльності.","","4202","","","","11995"
"Нараховано в середньому штатному працівнику, за період часу","Місяць","Жінки","Україна","Професії та професійні групи","Астрологи та ворожки","Річна","Гривня","Одиниці","Нуль","","","1. Дані підготовлено за результатами державного статистичного спостереження ""Рівень заробітної плати працівників за статтю, віком, освітою та професійними групами"", яким охоплені юридичні особи та відокремлені підрозділи юридичних осіб із кількістю найманих працівників 10 і більше осіб. 2. Дані наведено без урахування тимчасово окупованої території Автономної Республіки Крим, м. Севастополя та частини тимчасово окупованих територій у Донецькій та Луганській областях. 3. Середня заробітна плата штатних працівників за одну оплачену годину  обчислюється шляхом ділення суми нарахованого фонду оплати праці штатних працівників на кількість оплачених їм людино-годин за відповідний період. Професія – це певний вид трудової діяльності, який потребує спеціальних теоретичних знань та практичних навичок. Професія – рід занять, певна форма трудової діяльності.","","3610","","","",""
"Нараховано в середньому штатному працівнику, за період часу","Місяць","Жінки","Україна","Професії та професійні групи","Ковалі ручного кування та інструментальники ","Річна","Гривня","Одиниці","Нуль","","","1. Дані підготовлено за результатами державного статистичного спостереження ""Рівень заробітної плати працівників за статтю, віком, освітою та професійними групами"", яким охоплені юридичні особи та відокремлені підрозділи юридичних осіб із кількістю найманих працівників 10 і більше осіб. 2. Дані наведено без урахування тимчасово окупованої території Автономної Республіки Крим, м. Севастополя та частини тимчасово окупованих територій у Донецькій та Луганській областях. 3. Середньомісячна заробітна плата одного штатного працівника розраховується шляхом ділення нарахованого фонду оплати праці штатних працівників за звітний місяць (період) на середньооблікову кількість штатних працівників і на кількість місяців у періоді. Професія – це певний вид трудової діяльності, який потребує спеціальних теоретичних знань та практичних навичок. Професія – рід занять, певна форма трудової діяльності.","","4123","","","","7911"
"Нараховано в середньому штатному працівнику, за період часу","Місяць","Жінки","Україна","Професії та професійні групи","Робітники в галузі точної  механіки, ручних ремесел та друкування","Річна","Гривня","Одиниці","Нуль","","","1. Дані підготовлено за результатами державного статистичного спостереження ""Рівень заробітної плати працівників за статтю, віком, освітою та професійними групами"", яким охоплені юридичні особи та відокремлені підрозділи юридичних осіб із кількістю найманих працівників 10 і більше осіб. 2. Дані наведено без урахування тимчасово окупованої території Автономної Республіки Крим, м. Севастополя та частини тимчасово окупованих територій у Донецькій та Луганській областях. 3. Середньомісячна заробітна плата одного штатного працівника розраховується шляхом ділення нарахованого фонду оплати праці штатних працівників за звітний місяць (період) на середньооблікову кількість штатних працівників і на кількість місяців у періоді. Професія – це певний вид трудової діяльності, який потребує спеціальних теоретичних знань та практичних навичок. Професія – рід занять, певна форма трудової діяльності.","","3399","","","","7348"
"Нараховано в середньому штатному працівнику, за період часу","Місяць","Жінки","Україна","Професії та професійні групи","Працівники, що надають   послуги в дорозі ","Річна","Гривня","Одиниці","Нуль","","","1. Дані підготовлено за результатами державного статистичного спостереження ""Рівень заробітної плати працівників за статтю, віком, освітою та професійними групами"", яким охоплені юридичні особи та відокремлені підрозділи юридичних осіб із кількістю найманих працівників 10 і більше осіб. 2. Дані наведено без урахування тимчасово окупованої території Автономної Республіки Крим, м. Севастополя та частини тимчасово окупованих територій у Донецькій та Луганській областях. 3. Середньомісячна заробітна плата одного штатного працівника розраховується шляхом ділення нарахованого фонду оплати праці штатних працівників за звітний місяць (період) на середньооблікову кількість штатних працівників і на кількість місяців у періоді. Професія – це певний вид трудової діяльності, який потребує спеціальних теоретичних знань та практичних навичок. Професія – рід занять, певна форма трудової діяльності.","","4930","","","","8346"
"Нараховано в середньому штатному працівнику, за період часу","Місяць","Жінки","Україна","Професії та професійні групи","Робітники, що обслуговують автоматизовані складальні лінії ","Річна","Гривня","Одиниці","Нуль","","","1. Дані підготовлено за результатами державного статистичного спостереження ""Рівень заробітної плати працівників за статтю, віком, освітою та професійними групами"", яким охоплені юридичні особи та відокремлені підрозділи юридичних осіб із кількістю найманих працівників 10 і більше осіб. 2. Дані наведено без урахування тимчасово окупованої території Автономної Республіки Крим, м. Севастополя та частини тимчасово окупованих територій у Донецькій та Луганській областях. 3. Середньомісячна заробітна плата одного штатного працівника розраховується шляхом ділення нарахованого фонду оплати праці штатних працівників за звітний місяць (період) на середньооблікову кількість штатних працівників і на кількість місяців у періоді. Професія – це певний вид трудової діяльності, який потребує спеціальних теоретичних знань та практичних навичок. Професія – рід занять, певна форма трудової діяльності.","","4089","","","","9563"
"Нараховано в середньому штатному працівнику, за період часу","Місяць","Жінки","Україна","Професії та професійні групи","Найпростіші професії в  сільському господарстві та подібних галузях ","Річна","Гривня","Одиниці","Нуль","","","1. Дані підготовлено за результатами державного статистичного спостереження ""Рівень заробітної плати працівників за статтю, віком, освітою та професійними групами"", яким охоплені юридичні особи та відокремлені підрозділи юридичних осіб із кількістю найманих працівників 10 і більше осіб. 2. Дані наведено без урахування тимчасово окупованої території Автономної Республіки Крим, м. Севастополя та частини тимчасово окупованих територій у Донецькій та Луганській областях. 3. Середньомісячна заробітна плата одного штатного працівника розраховується шляхом ділення нарахованого фонду оплати праці штатних працівників за звітний місяць (період) на середньооблікову кількість штатних працівників і на кількість місяців у періоді. Професія – це певний вид трудової діяльності, який потребує спеціальних теоретичних знань та практичних навичок. Професія – рід занять, певна форма трудової діяльності.","","2353","","","","4897"
"Нараховано в середньому штатному працівнику, за період часу","Місяць","Жінки","Україна","Професії та професійні групи","Вантажники та інші найпростіші професії на транспорті ","Річна","Гривня","Одиниці","Нуль","","","1. Дані підготовлено за результатами державного статистичного спостереження ""Рівень заробітної плати працівників за статтю, віком, освітою та професійними групами"", яким охоплені юридичні особи та відокремлені підрозділи юридичних осіб із кількістю найманих працівників 10 і більше осіб. 2. Дані наведено без урахування тимчасово окупованої території Автономної Республіки Крим, м. Севастополя та частини тимчасово окупованих територій у Донецькій та Луганській областях. 3. Середньомісячна заробітна плата одного штатного працівника розраховується шляхом ділення нарахованого фонду оплати праці штатних працівників за звітний місяць (період) на середньооблікову кількість штатних працівників і на кількість місяців у періоді. Професія – це певний вид трудової діяльності, який потребує спеціальних теоретичних знань та практичних навичок. Професія – рід занять, певна форма трудової діяльності.","","3475","","","","7757"
"Нараховано в середньому штатному працівнику, за період часу","Місяць","Жінки","Україна","Професії та професійні групи","Доглядачі будинків та мийники вікон","Річна","Гривня","Одиниці","Нуль","","","1. Дані підготовлено за результатами державного статистичного спостереження ""Рівень заробітної плати працівників за статтю, віком, освітою та професійними групами"", яким охоплені юридичні особи та відокремлені підрозділи юридичних осіб із кількістю найманих працівників 10 і більше осіб. 2. Дані наведено без урахування тимчасово окупованої території Автономної Республіки Крим, м. Севастополя та частини тимчасово окупованих територій у Донецькій та Луганській областях. 3. Середньомісячна заробітна плата одного штатного працівника розраховується шляхом ділення нарахованого фонду оплати праці штатних працівників за звітний місяць (період) на середньооблікову кількість штатних працівників і на кількість місяців у періоді. Професія – це певний вид трудової діяльності, який потребує спеціальних теоретичних знань та практичних навичок. Професія – рід занять, певна форма трудової діяльності.","","2403","","","","5746"
"Нараховано в середньому штатному працівнику, за період часу","Місяць","Жінки","Україна","Професії та професійні групи","Робітники з приготування харчових продуктів ","Річна","Гривня","Одиниці","Нуль","","","1. Дані підготовлено за результатами державного статистичного спостереження ""Рівень заробітної плати працівників за статтю, віком, освітою та професійними групами"", яким охоплені юридичні особи та відокремлені підрозділи юридичних осіб із кількістю найманих працівників 10 і більше осіб. 2. Дані наведено без урахування тимчасово окупованої території Автономної Республіки Крим, м. Севастополя та частини тимчасово окупованих територій у Донецькій та Луганській областях. 3. Середньомісячна заробітна плата одного штатного працівника розраховується шляхом ділення нарахованого фонду оплати праці штатних працівників за звітний місяць (період) на середньооблікову кількість штатних працівників і на кількість місяців у періоді. Професія – це певний вид трудової діяльності, який потребує спеціальних теоретичних знань та практичних навичок. Професія – рід занять, певна форма трудової діяльності.","","3038","","","","7757"
"Нараховано в середньому штатному працівнику, за період часу","Місяць","Жінки","Україна","Професії та професійні групи","Водії автотранспортних та мототранспортних засобів та інші робітники з обслуговування автотранспортної та мототранспортної техніки ","Річна","Гривня","Одиниці","Нуль","","","1. Дані підготовлено за результатами державного статистичного спостереження ""Рівень заробітної плати працівників за статтю, віком, освітою та професійними групами"", яким охоплені юридичні особи та відокремлені підрозділи юридичних осіб із кількістю найманих працівників 10 і більше осіб. 2. Дані наведено без урахування тимчасово окупованої території Автономної Республіки Крим, м. Севастополя та частини тимчасово окупованих територій у Донецькій та Луганській областях. 3. Середньомісячна заробітна плата одного штатного працівника розраховується шляхом ділення нарахованого фонду оплати праці штатних працівників за звітний місяць (період) на середньооблікову кількість штатних працівників і на кількість місяців у періоді. Професія – це певний вид трудової діяльності, який потребує спеціальних теоретичних знань та практичних навичок. Професія – рід занять, певна форма трудової діяльності.","","4426","","","","11525"
"Нараховано в середньому штатному працівнику, за період часу","Місяць","Жінки","Україна","Професії та професійні групи","Службовці, що зайняті в бібліотеці, на пошті та подібними роботами ","Річна","Гривня","Одиниці","Нуль","","","1. Дані підготовлено за результатами державного статистичного спостереження ""Рівень заробітної плати працівників за статтю, віком, освітою та професійними групами"", яким охоплені юридичні особи та відокремлені підрозділи юридичних осіб із кількістю найманих працівників 10 і більше осіб. 2. Дані наведено без урахування тимчасово окупованої території Автономної Республіки Крим, м. Севастополя та частини тимчасово окупованих територій у Донецькій та Луганській областях. 3. Середньомісячна заробітна плата одного штатного працівника розраховується шляхом ділення нарахованого фонду оплати праці штатних працівників за звітний місяць (період) на середньооблікову кількість штатних працівників і на кількість місяців у періоді. Професія – це певний вид трудової діяльності, який потребує спеціальних теоретичних знань та практичних навичок. Професія – рід занять, певна форма трудової діяльності.","","2521","","","","7473"
"Нараховано в середньому штатному працівнику, за період часу","Місяць","Жінки","Україна","Професії та професійні групи","Фахівці з виробництва м'ясних продуктів","Річна","Гривня","Одиниці","Нуль","","","1. Дані підготовлено за результатами державного статистичного спостереження ""Рівень заробітної плати працівників за статтю, віком, освітою та професійними групами"", яким охоплені юридичні особи та відокремлені підрозділи юридичних осіб із кількістю найманих працівників 10 і більше осіб. 2. Дані наведено без урахування тимчасово окупованої території Автономної Республіки Крим, м. Севастополя та частини тимчасово окупованих територій у Донецькій та Луганській областях. 3. Середньомісячна заробітна плата одного штатного працівника розраховується шляхом ділення нарахованого фонду оплати праці штатних працівників за звітний місяць (період) на середньооблікову кількість штатних працівників і на кількість місяців у періоді. Професія – це певний вид трудової діяльності, який потребує спеціальних теоретичних знань та практичних навичок. Професія – рід занять, певна форма трудової діяльності.","","2564","","","","4382"
"Нараховано в середньому штатному працівнику, за період часу","Місяць","Жінки","Україна","Стаж роботи","2-4 років","Річна","Гривня","Одиниці","Нуль","","","1. Дані підготовлено за результатами державного статистичного спостереження ""Рівень заробітної плати працівників за статтю, віком, освітою та професійними групами"", яким охоплені юридичні особи та відокремлені підрозділи юридичних осіб із кількістю найманих працівників 10 і більше осіб. 2. Дані наведено без урахування тимчасово окупованої території Автономної Республіки Крим, м. Севастополя та частини тимчасово окупованих територій у Донецькій та Луганській областях. 3. Середньомісячна заробітна плата одного штатного працівника розраховується шляхом ділення нарахованого фонду оплати праці штатних працівників за звітний місяць (період) на середньооблікову кількість штатних працівників і на кількість місяців у періоді.","","4249","","","","10359"
"Нараховано в середньому штатному працівнику, за період часу","Місяць","Жінки","Україна","Професії та професійні групи","Робітники, що обслуговують установки скляного, керамічного виробництва, та робітники на подібному устаткуванні ","Річна","Гривня","Одиниці","Нуль","","","1. Дані підготовлено за результатами державного статистичного спостереження ""Рівень заробітної плати працівників за статтю, віком, освітою та професійними групами"", яким охоплені юридичні особи та відокремлені підрозділи юридичних осіб із кількістю найманих працівників 10 і більше осіб. 2. Дані наведено без урахування тимчасово окупованої території Автономної Республіки Крим, м. Севастополя та частини тимчасово окупованих територій у Донецькій та Луганській областях. 3. Середньомісячна заробітна плата одного штатного працівника розраховується шляхом ділення нарахованого фонду оплати праці штатних працівників за звітний місяць (період) на середньооблікову кількість штатних працівників і на кількість місяців у періоді. Професія – це певний вид трудової діяльності, який потребує спеціальних теоретичних знань та практичних навичок. Професія – рід занять, певна форма трудової діяльності.","","2935","","","","8767"
"Нараховано в середньому штатному працівнику, за період часу","Місяць","Жінки","Україна","Професії та професійні групи","Інші кваліфіковані робітники з  інструментом","Річна","Гривня","Одиниці","Нуль","","","1. Дані підготовлено за результатами державного статистичного спостереження ""Рівень заробітної плати працівників за статтю, віком, освітою та професійними групами"", яким охоплені юридичні особи та відокремлені підрозділи юридичних осіб із кількістю найманих працівників 10 і більше осіб. 2. Дані наведено без урахування тимчасово окупованої території Автономної Республіки Крим, м. Севастополя та частини тимчасово окупованих територій у Донецькій та Луганській областях. 3. Середньомісячна заробітна плата одного штатного працівника розраховується шляхом ділення нарахованого фонду оплати праці штатних працівників за звітний місяць (період) на середньооблікову кількість штатних працівників і на кількість місяців у періоді. Професія – це певний вид трудової діяльності, який потребує спеціальних теоретичних знань та практичних навичок. Професія – рід занять, певна форма трудової діяльності.","","3282","","","","7609"
"Нараховано в середньому штатному працівнику, за період часу","Місяць","Жінки","Україна","Стаж роботи","Усього","Річна","Гривня","Одиниці","Нуль","","","1. Дані підготовлено за результатами державного статистичного спостереження ""Рівень заробітної плати працівників за статтю, віком, освітою та професійними групами"", яким охоплені юридичні особи та відокремлені підрозділи юридичних осіб із кількістю найманих працівників 10 і більше осіб. 2. Дані наведено без урахування тимчасово окупованої території Автономної Республіки Крим, м. Севастополя та частини тимчасово окупованих територій у Донецькій та Луганській областях. 3. Середньомісячна заробітна плата одного штатного працівника розраховується шляхом ділення нарахованого фонду оплати праці штатних працівників за звітний місяць (період) на середньооблікову кількість штатних працівників і на кількість місяців у періоді.","","4229","","","","10049"
"Нараховано в середньому штатному працівнику, за період часу","Місяць","Жінки","Україна","Професії та професійні групи","Усього","Річна","Гривня","Одиниці","Нуль","","","1. Дані підготовлено за результатами державного статистичного спостереження ""Рівень заробітної плати працівників за статтю, віком, освітою та професійними групами"", яким охоплені юридичні особи та відокремлені підрозділи юридичних осіб із кількістю найманих працівників 10 і більше осіб. 2. Дані наведено без урахування тимчасово окупованої території Автономної Республіки Крим, м. Севастополя та частини тимчасово окупованих територій у Донецькій та Луганській областях. 3. Середньомісячна заробітна плата одного штатного працівника розраховується шляхом ділення нарахованого фонду оплати праці штатних працівників за звітний місяць (період) на середньооблікову кількість штатних працівників і на кількість місяців у періоді. Професія – це певний вид трудової діяльності, який потребує спеціальних теоретичних знань та практичних навичок. Професія – рід занять, певна форма трудової діяльності.","","4229","","","","10049"
"Нараховано в середньому штатному працівнику, за період часу","Місяць","Жінки","Україна","Професії та професійні групи","Друкарі та робітники подібних професій","Річна","Гривня","Одиниці","Нуль","","","1. Дані підготовлено за результатами державного статистичного спостереження ""Рівень заробітної плати працівників за статтю, віком, освітою та професійними групами"", яким охоплені юридичні особи та відокремлені підрозділи юридичних осіб із кількістю найманих працівників 10 і більше осіб. 2. Дані наведено без урахування тимчасово окупованої території Автономної Республіки Крим, м. Севастополя та частини тимчасово окупованих територій у Донецькій та Луганській областях. 3. Середньомісячна заробітна плата одного штатного працівника розраховується шляхом ділення нарахованого фонду оплати праці штатних працівників за звітний місяць (період) на середньооблікову кількість штатних працівників і на кількість місяців у періоді. Професія – це певний вид трудової діяльності, який потребує спеціальних теоретичних знань та практичних навичок. Професія – рід занять, певна форма трудової діяльності.","","3013","","","","6669"
"Нараховано в середньому штатному працівнику, за період часу","Місяць","Жінки","Україна","Професії та професійні групи","Працівники сфери торгівлі та послуг","Річна","Гривня","Одиниці","Нуль","","","1. Дані підготовлено за результатами державного статистичного спостереження ""Рівень заробітної плати працівників за статтю, віком, освітою та професійними групами"", яким охоплені юридичні особи та відокремлені підрозділи юридичних осіб із кількістю найманих працівників 10 і більше осіб. 2. Дані наведено без урахування тимчасово окупованої території Автономної Республіки Крим, м. Севастополя та частини тимчасово окупованих територій у Донецькій та Луганській областях. 3. Середньомісячна заробітна плата одного штатного працівника розраховується шляхом ділення нарахованого фонду оплати праці штатних працівників за звітний місяць (період) на середньооблікову кількість штатних працівників і на кількість місяців у періоді. Професія – це певний вид трудової діяльності, який потребує спеціальних теоретичних знань та практичних навичок. Професія – рід занять, певна форма трудової діяльності.","","2472","","","","6699"
"Нараховано в середньому штатному працівнику, за період часу","Місяць","Жінки","Україна","Професії та професійні групи","Гірники, вибуховики, різальники каменю та каменотеси ","Річна","Гривня","Одиниці","Нуль","","","1. Дані підготовлено за результатами державного статистичного спостереження ""Рівень заробітної плати працівників за статтю, віком, освітою та професійними групами"", яким охоплені юридичні особи та відокремлені підрозділи юридичних осіб із кількістю найманих працівників 10 і більше осіб. 2. Дані наведено без урахування тимчасово окупованої території Автономної Республіки Крим, м. Севастополя та частини тимчасово окупованих територій у Донецькій та Луганській областях. 3. Середньомісячна заробітна плата одного штатного працівника розраховується шляхом ділення нарахованого фонду оплати праці штатних працівників за звітний місяць (період) на середньооблікову кількість штатних працівників і на кількість місяців у періоді. Професія – це певний вид трудової діяльності, який потребує спеціальних теоретичних знань та практичних навичок. Професія – рід занять, певна форма трудової діяльності.","","3486","","","","9352"
"Нараховано в середньому штатному працівнику, за період часу","Місяць","Жінки","Україна","Професії та професійні групи","Найпростіші професії  ","Річна","Гривня","Одиниці","Нуль","","","1. Дані підготовлено за результатами державного статистичного спостереження ""Рівень заробітної плати працівників за статтю, віком, освітою та професійними групами"", яким охоплені юридичні особи та відокремлені підрозділи юридичних осіб із кількістю найманих працівників 10 і більше осіб. 2. Дані наведено без урахування тимчасово окупованої території Автономної Республіки Крим, м. Севастополя та частини тимчасово окупованих територій у Донецькій та Луганській областях. 3. Середньомісячна заробітна плата одного штатного працівника розраховується шляхом ділення нарахованого фонду оплати праці штатних працівників за звітний місяць (період) на середньооблікову кількість штатних працівників і на кількість місяців у періоді. Професія – це певний вид трудової діяльності, який потребує спеціальних теоретичних знань та практичних навичок. Професія – рід занять, певна форма трудової діяльності.","","2423","","","","6171"
"Нараховано в середньому штатному працівнику, за період часу","Місяць","Жінки","Україна","Професії та професійні групи","Інші робітники з обслуговування та складання машин ","Річна","Гривня","Одиниці","Нуль","","","1. Дані підготовлено за результатами державного статистичного спостереження ""Рівень заробітної плати працівників за статтю, віком, освітою та професійними групами"", яким охоплені юридичні особи та відокремлені підрозділи юридичних осіб із кількістю найманих працівників 10 і більше осіб. 2. Дані наведено без урахування тимчасово окупованої території Автономної Республіки Крим, м. Севастополя та частини тимчасово окупованих територій у Донецькій та Луганській областях. 3. Середньомісячна заробітна плата одного штатного працівника розраховується шляхом ділення нарахованого фонду оплати праці штатних працівників за звітний місяць (період) на середньооблікову кількість штатних працівників і на кількість місяців у періоді. Професія – це певний вид трудової діяльності, який потребує спеціальних теоретичних знань та практичних навичок. Професія – рід занять, певна форма трудової діяльності.","","3965","","","","7966"
"Нараховано в середньому штатному працівнику, за період часу","Місяць","Жінки","Україна","Професії та професійні групи","Продавці в магазинах ","Річна","Гривня","Одиниці","Нуль","","","1. Дані підготовлено за результатами державного статистичного спостереження ""Рівень заробітної плати працівників за статтю, віком, освітою та професійними групами"", яким охоплені юридичні особи та відокремлені підрозділи юридичних осіб із кількістю найманих працівників 10 і більше осіб. 2. Дані наведено без урахування тимчасово окупованої території Автономної Республіки Крим, м. Севастополя та частини тимчасово окупованих територій у Донецькій та Луганській областях. 3. Середньомісячна заробітна плата одного штатного працівника розраховується шляхом ділення нарахованого фонду оплати праці штатних працівників за звітний місяць (період) на середньооблікову кількість штатних працівників і на кількість місяців у періоді. Професія – це певний вид трудової діяльності, який потребує спеціальних теоретичних знань та практичних навичок. Професія – рід занять, певна форма трудової діяльності.","","2954","","","","7918"
"Нараховано в середньому штатному працівнику, за період часу","Місяць","Жінки","Україна","Професії та професійні групи","Робітники, що обслуговують  промислове устаткування ","Річна","Гривня","Одиниці","Нуль","","","1. Дані підготовлено за результатами державного статистичного спостереження ""Рівень заробітної плати працівників за статтю, віком, освітою та професійними групами"", яким охоплені юридичні особи та відокремлені підрозділи юридичних осіб із кількістю найманих працівників 10 і більше осіб. 2. Дані наведено без урахування тимчасово окупованої території Автономної Республіки Крим, м. Севастополя та частини тимчасово окупованих територій у Донецькій та Луганській областях. 3. Середньомісячна заробітна плата одного штатного працівника розраховується шляхом ділення нарахованого фонду оплати праці штатних працівників за звітний місяць (період) на середньооблікову кількість штатних працівників і на кількість місяців у періоді. Професія – це певний вид трудової діяльності, який потребує спеціальних теоретичних знань та практичних навичок. Професія – рід занять, певна форма трудової діяльності.","","3748","","","","8462"
"Нараховано в середньому штатному працівнику, за період часу","Місяць","Жінки","Україна","Професії та професійні групи","Інші професійні назви робіт кваліфікованих робітників з інструментом","Річна","Гривня","Одиниці","Нуль","","","1. Дані підготовлено за результатами державного статистичного спостереження ""Рівень заробітної плати працівників за статтю, віком, освітою та професійними групами"", яким охоплені юридичні особи та відокремлені підрозділи юридичних осіб із кількістю найманих працівників 10 і більше осіб. 2. Дані наведено без урахування тимчасово окупованої території Автономної Республіки Крим, м. Севастополя та частини тимчасово окупованих територій у Донецькій та Луганській областях. 3. Середня заробітна плата штатних працівників за одну оплачену годину  обчислюється шляхом ділення суми нарахованого фонду оплати праці штатних працівників на кількість оплачених їм людино-годин за відповідний період. Професія – це певний вид трудової діяльності, який потребує спеціальних теоретичних знань та практичних навичок. Професія – рід занять, певна форма трудової діяльності. 4. За 2016 рік дані наведено за класом ""Бригадир на дільницях основного виробництва (інші кваліфіковані роботи)"" відповідно Класифікатора професій ДК 003:2005.","","4958","","","","10977"
"Нараховано в середньому штатному працівнику, за період часу","Місяць","Жінки","Україна","Професії та професійні групи","Найпростіші професії в сільському господарстві, рибальстві та подібних галузях ","Річна","Гривня","Одиниці","Нуль","","","1. Дані підготовлено за результатами державного статистичного спостереження ""Рівень заробітної плати працівників за статтю, віком, освітою та професійними групами"", яким охоплені юридичні особи та відокремлені підрозділи юридичних осіб із кількістю найманих працівників 10 і більше осіб. 2. Дані наведено без урахування тимчасово окупованої території Автономної Республіки Крим, м. Севастополя та частини тимчасово окупованих територій у Донецькій та Луганській областях. 3. Середньомісячна заробітна плата одного штатного працівника розраховується шляхом ділення нарахованого фонду оплати праці штатних працівників за звітний місяць (період) на середньооблікову кількість штатних працівників і на кількість місяців у періоді. Професія – це певний вид трудової діяльності, який потребує спеціальних теоретичних знань та практичних навичок. Професія – рід занять, певна форма трудової діяльності.","","2353","","","","4897"
"Нараховано в середньому штатному працівнику, за період часу","Місяць","Жінки","Україна","Професії та професійні групи","Тваринники ","Річна","Гривня","Одиниці","Нуль","","","1. Дані підготовлено за результатами державного статистичного спостереження ""Рівень заробітної плати працівників за статтю, віком, освітою та професійними групами"", яким охоплені юридичні особи та відокремлені підрозділи юридичних осіб із кількістю найманих працівників 10 і більше осіб. 2. Дані наведено без урахування тимчасово окупованої території Автономної Республіки Крим, м. Севастополя та частини тимчасово окупованих територій у Донецькій та Луганській областях. 3. Середньомісячна заробітна плата одного штатного працівника розраховується шляхом ділення нарахованого фонду оплати праці штатних працівників за звітний місяць (період) на середньооблікову кількість штатних працівників і на кількість місяців у періоді. Професія – це певний вид трудової діяльності, який потребує спеціальних теоретичних знань та практичних навичок. Професія – рід занять, певна форма трудової діяльності.","","3332","","","","8389"
"Нараховано в середньому штатному працівнику, за період часу","Місяць","Жінки","Україна","Професії та професійні групи","Технічні фахівці в галузі управління ","Річна","Гривня","Одиниці","Нуль","","","1. Дані підготовлено за результатами державного статистичного спостереження ""Рівень заробітної плати працівників за статтю, віком, освітою та професійними групами"", яким охоплені юридичні особи та відокремлені підрозділи юридичних осіб із кількістю найманих працівників 10 і більше осіб. 2. Дані наведено без урахування тимчасово окупованої території Автономної Республіки Крим, м. Севастополя та частини тимчасово окупованих територій у Донецькій та Луганській областях. 3. Середньомісячна заробітна плата одного штатного працівника розраховується шляхом ділення нарахованого фонду оплати праці штатних працівників за звітний місяць (період) на середньооблікову кількість штатних працівників і на кількість місяців у періоді. Професія – це певний вид трудової діяльності, який потребує спеціальних теоретичних знань та практичних навичок. Професія – рід занять, певна форма трудової діяльності.","","5389","","","","11712"
"Нараховано в середньому штатному працівнику, за період часу","Місяць","Жінки","Україна","Професії та професійні групи","Агенти з інформування клієнтів ","Річна","Гривня","Одиниці","Нуль","","","1. Дані підготовлено за результатами державного статистичного спостереження ""Рівень заробітної плати працівників за статтю, віком, освітою та професійними групами"", яким охоплені юридичні особи та відокремлені підрозділи юридичних осіб із кількістю найманих працівників 10 і більше осіб. 2. Дані наведено без урахування тимчасово окупованої території Автономної Республіки Крим, м. Севастополя та частини тимчасово окупованих територій у Донецькій та Луганській областях. 3. Середньомісячна заробітна плата одного штатного працівника розраховується шляхом ділення нарахованого фонду оплати праці штатних працівників за звітний місяць (період) на середньооблікову кількість штатних працівників і на кількість місяців у періоді. Професія – це певний вид трудової діяльності, який потребує спеціальних теоретичних знань та практичних навичок. Професія – рід занять, певна форма трудової діяльності.","","3082","","","","6591"
"Нараховано в середньому штатному працівнику, за період часу","Місяць","Жінки","Україна","Професії та професійні групи","Службовці, що обслуговують клієнтів","Річна","Гривня","Одиниці","Нуль","","","1. Дані підготовлено за результатами державного статистичного спостереження ""Рівень заробітної плати працівників за статтю, віком, освітою та професійними групами"", яким охоплені юридичні особи та відокремлені підрозділи юридичних осіб із кількістю найманих працівників 10 і більше осіб. 2. Дані наведено без урахування тимчасово окупованої території Автономної Республіки Крим, м. Севастополя та частини тимчасово окупованих територій у Донецькій та Луганській областях. 3. Середньомісячна заробітна плата одного штатного працівника розраховується шляхом ділення нарахованого фонду оплати праці штатних працівників за звітний місяць (період) на середньооблікову кількість штатних працівників і на кількість місяців у періоді. Професія – це певний вид трудової діяльності, який потребує спеціальних теоретичних знань та практичних навичок. Професія – рід занять, певна форма трудової діяльності.","","3339","","","","6933"
"Нараховано в середньому штатному працівнику, за період часу","Місяць","Жінки","Україна","Професії та професійні групи","Робітники, що обслуговують устаткування з виробництва продукції з гуми та пластика ","Річна","Гривня","Одиниці","Нуль","","","1. Дані підготовлено за результатами державного статистичного спостереження ""Рівень заробітної плати працівників за статтю, віком, освітою та професійними групами"", яким охоплені юридичні особи та відокремлені підрозділи юридичних осіб із кількістю найманих працівників 10 і більше осіб. 2. Дані наведено без урахування тимчасово окупованої території Автономної Республіки Крим, м. Севастополя та частини тимчасово окупованих територій у Донецькій та Луганській областях. 3. Середньомісячна заробітна плата одного штатного працівника розраховується шляхом ділення нарахованого фонду оплати праці штатних працівників за звітний місяць (період) на середньооблікову кількість штатних працівників і на кількість місяців у періоді. Професія – це певний вид трудової діяльності, який потребує спеціальних теоретичних знань та практичних навичок. Професія – рід занять, певна форма трудової діяльності.","","3863","","","","7870"
"Нараховано в середньому штатному працівнику, за період часу","Місяць","Жінки","Україна","Професії та професійні групи","Декоратори, артисти, спортсмени та організатори у сфері культури та мистецтва","Річна","Гривня","Одиниці","Нуль","","","1. Дані підготовлено за результатами державного статистичного спостереження ""Рівень заробітної плати працівників за статтю, віком, освітою та професійними групами"", яким охоплені юридичні особи та відокремлені підрозділи юридичних осіб із кількістю найманих працівників 10 і більше осіб. 2. Дані наведено без урахування тимчасово окупованої території Автономної Республіки Крим, м. Севастополя та частини тимчасово окупованих територій у Донецькій та Луганській областях. 3. Середньомісячна заробітна плата одного штатного працівника розраховується шляхом ділення нарахованого фонду оплати праці штатних працівників за звітний місяць (період) на середньооблікову кількість штатних працівників і на кількість місяців у періоді. Професія – це певний вид трудової діяльності, який потребує спеціальних теоретичних знань та практичних навичок. Професія – рід занять, певна форма трудової діяльності.","","3485","","","","10640"
"Нараховано в середньому штатному працівнику, за період часу","Місяць","Жінки","Україна","Професії та професійні групи","Найпростіші професії торгівлі  та сфери послуг","Річна","Гривня","Одиниці","Нуль","","","1. Дані підготовлено за результатами державного статистичного спостереження ""Рівень заробітної плати працівників за статтю, віком, освітою та професійними групами"", яким охоплені юридичні особи та відокремлені підрозділи юридичних осіб із кількістю найманих працівників 10 і більше осіб. 2. Дані наведено без урахування тимчасово окупованої території Автономної Республіки Крим, м. Севастополя та частини тимчасово окупованих територій у Донецькій та Луганській областях. 3. Середньомісячна заробітна плата одного штатного працівника розраховується шляхом ділення нарахованого фонду оплати праці штатних працівників за звітний місяць (період) на середньооблікову кількість штатних працівників і на кількість місяців у періоді. Професія – це певний вид трудової діяльності, який потребує спеціальних теоретичних знань та практичних навичок. Професія – рід занять, певна форма трудової діяльності.","","2252","","","","5675"
"Нараховано в середньому штатному працівнику, за період часу","Місяць","Жінки","Україна","Професії та професійні групи","Робітники-шкіряники та взуттьовики","Річна","Гривня","Одиниці","Нуль","","","1. Дані підготовлено за результатами державного статистичного спостереження ""Рівень заробітної плати працівників за статтю, віком, освітою та професійними групами"", яким охоплені юридичні особи та відокремлені підрозділи юридичних осіб із кількістю найманих працівників 10 і більше осіб. 2. Дані наведено без урахування тимчасово окупованої території Автономної Республіки Крим, м. Севастополя та частини тимчасово окупованих територій у Донецькій та Луганській областях. 3. Середньомісячна заробітна плата одного штатного працівника розраховується шляхом ділення нарахованого фонду оплати праці штатних працівників за звітний місяць (період) на середньооблікову кількість штатних працівників і на кількість місяців у періоді. Професія – це певний вид трудової діяльності, який потребує спеціальних теоретичних знань та практичних навичок. Професія – рід занять, певна форма трудової діяльності.","","2703","","","","6524"
"Нараховано в середньому штатному працівнику, за період часу","Місяць","Жінки","Україна","Професії та професійні групи","Формувальники, зварники, прокатники, бляхарі та монтажники металоконструкцій ","Річна","Гривня","Одиниці","Нуль","","","1. Дані підготовлено за результатами державного статистичного спостереження ""Рівень заробітної плати працівників за статтю, віком, освітою та професійними групами"", яким охоплені юридичні особи та відокремлені підрозділи юридичних осіб із кількістю найманих працівників 10 і більше осіб. 2. Дані наведено без урахування тимчасово окупованої території Автономної Республіки Крим, м. Севастополя та частини тимчасово окупованих територій у Донецькій та Луганській областях. 3. Середньомісячна заробітна плата одного штатного працівника розраховується шляхом ділення нарахованого фонду оплати праці штатних працівників за звітний місяць (період) на середньооблікову кількість штатних працівників і на кількість місяців у періоді. Професія – це певний вид трудової діяльності, який потребує спеціальних теоретичних знань та практичних навичок. Професія – рід занять, певна форма трудової діяльності.","","4427","","","","8665"
"Нараховано в середньому штатному працівнику, за період часу","Місяць","Жінки","Україна","Професії та професійні групи","Робітники металургійних та  машинобудівних професій","Річна","Гривня","Одиниці","Нуль","","","1. Дані підготовлено за результатами державного статистичного спостереження ""Рівень заробітної плати працівників за статтю, віком, освітою та професійними групами"", яким охоплені юридичні особи та відокремлені підрозділи юридичних осіб із кількістю найманих працівників 10 і більше осіб. 2. Дані наведено без урахування тимчасово окупованої території Автономної Республіки Крим, м. Севастополя та частини тимчасово окупованих територій у Донецькій та Луганській областях. 3. Середньомісячна заробітна плата одного штатного працівника розраховується шляхом ділення нарахованого фонду оплати праці штатних працівників за звітний місяць (період) на середньооблікову кількість штатних працівників і на кількість місяців у періоді. Професія – це певний вид трудової діяльності, який потребує спеціальних теоретичних знань та практичних навичок. Професія – рід занять, певна форма трудової діяльності.","","4444","","","","9008"
"Нараховано в середньому штатному працівнику, за період часу","Місяць","Жінки","Україна","Професії та професійні групи","Інші працівники, пов'язані з наданням послуг окремим особам ","Річна","Гривня","Одиниці","Нуль","","","1. Дані підготовлено за результатами державного статистичного спостереження ""Рівень заробітної плати працівників за статтю, віком, освітою та професійними групами"", яким охоплені юридичні особи та відокремлені підрозділи юридичних осіб із кількістю найманих працівників 10 і більше осіб. 2. Дані наведено без урахування тимчасово окупованої території Автономної Республіки Крим, м. Севастополя та частини тимчасово окупованих територій у Донецькій та Луганській областях. 3. Середньомісячна заробітна плата одного штатного працівника розраховується шляхом ділення нарахованого фонду оплати праці штатних працівників за звітний місяць (період) на середньооблікову кількість штатних працівників і на кількість місяців у періоді. Професія – це певний вид трудової діяльності, який потребує спеціальних теоретичних знань та практичних навичок. Професія – рід занять, певна форма трудової діяльності.","","2416","","","","4948"
"Нараховано в середньому штатному працівнику, за період часу","Місяць","Жінки","Україна","Професії та професійні групи","Робітники, що обслуговують установки з вироблення електроенергії, та робітники на подібному устаткуванні ","Річна","Гривня","Одиниці","Нуль","","","1. Дані підготовлено за результатами державного статистичного спостереження ""Рівень заробітної плати працівників за статтю, віком, освітою та професійними групами"", яким охоплені юридичні особи та відокремлені підрозділи юридичних осіб із кількістю найманих працівників 10 і більше осіб. 2. Дані наведено без урахування тимчасово окупованої території Автономної Республіки Крим, м. Севастополя та частини тимчасово окупованих територій у Донецькій та Луганській областях. 3. Середньомісячна заробітна плата одного штатного працівника розраховується шляхом ділення нарахованого фонду оплати праці штатних працівників за звітний місяць (період) на середньооблікову кількість штатних працівників і на кількість місяців у періоді. Професія – це певний вид трудової діяльності, який потребує спеціальних теоретичних знань та практичних навичок. Професія – рід занять, певна форма трудової діяльності.","","3417","","","","7986"
"Нараховано в середньому штатному працівнику, за період часу","Місяць","Жінки","Україна","Стаж роботи","5-9 років","Річна","Гривня","Одиниці","Нуль","","","1. Дані підготовлено за результатами державного статистичного спостереження ""Рівень заробітної плати працівників за статтю, віком, освітою та професійними групами"", яким охоплені юридичні особи та відокремлені підрозділи юридичних осіб із кількістю найманих працівників 10 і більше осіб. 2. Дані наведено без урахування тимчасово окупованої території Автономної Республіки Крим, м. Севастополя та частини тимчасово окупованих територій у Донецькій та Луганській областях. 3. Середньомісячна заробітна плата одного штатного працівника розраховується шляхом ділення нарахованого фонду оплати праці штатних працівників за звітний місяць (період) на середньооблікову кількість штатних працівників і на кількість місяців у періоді.","","4467","","","","10741"
"Нараховано в середньому штатному працівнику, за період часу","Місяць","Жінки","Україна","Професії та професійні групи","Інші службовці, пов'язані з інформацією ","Річна","Гривня","Одиниці","Нуль","","","1. Дані підготовлено за результатами державного статистичного спостереження ""Рівень заробітної плати працівників за статтю, віком, освітою та професійними групами"", яким охоплені юридичні особи та відокремлені підрозділи юридичних осіб із кількістю найманих працівників 10 і більше осіб. 2. Дані наведено без урахування тимчасово окупованої території Автономної Республіки Крим, м. Севастополя та частини тимчасово окупованих територій у Донецькій та Луганській областях. 3. Середньомісячна заробітна плата одного штатного працівника розраховується шляхом ділення нарахованого фонду оплати праці штатних працівників за звітний місяць (період) на середньооблікову кількість штатних працівників і на кількість місяців у періоді. Професія – це певний вид трудової діяльності, який потребує спеціальних теоретичних знань та практичних навичок. Професія – рід занять, певна форма трудової діяльності.","","2710","","","","7232"
"Нараховано в середньому штатному працівнику, за період часу","Місяць","Жінки","Україна","Професії та професійні групи","Фахівці з переробки плодоовочевої продукції","Річна","Гривня","Одиниці","Нуль","","","1. Дані підготовлено за результатами державного статистичного спостереження ""Рівень заробітної плати працівників за статтю, віком, освітою та професійними групами"", яким охоплені юридичні особи та відокремлені підрозділи юридичних осіб із кількістю найманих працівників 10 і більше осіб. 2. Дані наведено без урахування тимчасово окупованої території Автономної Республіки Крим, м. Севастополя та частини тимчасово окупованих територій у Донецькій та Луганській областях. 3. Середня заробітна плата штатних працівників за одну оплачену годину  обчислюється шляхом ділення суми нарахованого фонду оплати праці штатних працівників на кількість оплачених їм людино-годин за відповідний період. Професія – це певний вид трудової діяльності, який потребує спеціальних теоретичних знань та практичних навичок. Професія – рід занять, певна форма трудової діяльності.","","2534","","","",""
"Нараховано в середньому штатному працівнику, за період часу","Місяць","Жінки","Україна","Професії та професійні групи","Машиністи локомотивів та подібні до них робітники ","Річна","Гривня","Одиниці","Нуль","","","1. Дані підготовлено за результатами державного статистичного спостереження ""Рівень заробітної плати працівників за статтю, віком, освітою та професійними групами"", яким охоплені юридичні особи та відокремлені підрозділи юридичних осіб із кількістю найманих працівників 10 і більше осіб. 2. Дані наведено без урахування тимчасово окупованої території Автономної Республіки Крим, м. Севастополя та частини тимчасово окупованих територій у Донецькій та Луганській областях. 3. Середньомісячна заробітна плата одного штатного працівника розраховується шляхом ділення нарахованого фонду оплати праці штатних працівників за звітний місяць (період) на середньооблікову кількість штатних працівників і на кількість місяців у періоді. Професія – це певний вид трудової діяльності, який потребує спеціальних теоретичних знань та практичних навичок. Професія – рід занять, певна форма трудової діяльності.","","3730","","","","7915"
"Нараховано в середньому штатному працівнику, за період часу","Місяць","Жінки","Україна","Професії та професійні групи","Фахівці з виробництва борошняних, кондитерських виробів та харчоконцентратів ","Річна","Гривня","Одиниці","Нуль","","","1. Дані підготовлено за результатами державного статистичного спостереження ""Рівень заробітної плати працівників за статтю, віком, освітою та професійними групами"", яким охоплені юридичні особи та відокремлені підрозділи юридичних осіб із кількістю найманих працівників 10 і більше осіб. 2. Дані наведено без урахування тимчасово окупованої території Автономної Республіки Крим, м. Севастополя та частини тимчасово окупованих територій у Донецькій та Луганській областях. 3. Середньомісячна заробітна плата одного штатного працівника розраховується шляхом ділення нарахованого фонду оплати праці штатних працівників за звітний місяць (період) на середньооблікову кількість штатних працівників і на кількість місяців у періоді. Професія – це певний вид трудової діяльності, який потребує спеціальних теоретичних знань та практичних навичок. Професія – рід занять, певна форма трудової діяльності.","","3190","","","","10175"
"Нараховано в середньому штатному працівнику, за період часу","Місяць","Жінки","Україна","Професії та професійні групи","Посильні, носії та швейцари ","Річна","Гривня","Одиниці","Нуль","","","1. Дані підготовлено за результатами державного статистичного спостереження ""Рівень заробітної плати працівників за статтю, віком, освітою та професійними групами"", яким охоплені юридичні особи та відокремлені підрозділи юридичних осіб із кількістю найманих працівників 10 і більше осіб. 2. Дані наведено без урахування тимчасово окупованої території Автономної Республіки Крим, м. Севастополя та частини тимчасово окупованих територій у Донецькій та Луганській областях. 3. Середньомісячна заробітна плата одного штатного працівника розраховується шляхом ділення нарахованого фонду оплати праці штатних працівників за звітний місяць (період) на середньооблікову кількість штатних працівників і на кількість місяців у періоді. Професія – це певний вид трудової діяльності, який потребує спеціальних теоретичних знань та практичних навичок. Професія – рід занять, певна форма трудової діяльності.","","2421","","","","5668"
"Нараховано в середньому штатному працівнику, за період часу","Місяць","Жінки","Україна","Професії та професійні групи","Інші фахівці в галузі харчової та переробної промисловості","Річна","Гривня","Одиниці","Нуль","Явищ не було","","1. Дані підготовлено за результатами державного статистичного спостереження ""Рівень заробітної плати працівників за статтю, віком, освітою та професійними групами"", яким охоплені юридичні особи та відокремлені підрозділи юридичних осіб із кількістю найманих працівників 10 і більше осіб. 2. Дані наведено без урахування тимчасово окупованої території Автономної Республіки Крим, м. Севастополя та частини тимчасово окупованих територій у Донецькій та Луганській областях. 3. Середньомісячна заробітна плата одного штатного працівника розраховується шляхом ділення нарахованого фонду оплати праці штатних працівників за звітний місяць (період) на середньооблікову кількість штатних працівників і на кількість місяців у періоді. Професія – це певний вид трудової діяльності, який потребує спеціальних теоретичних знань та практичних навичок. Професія – рід занять, певна форма трудової діяльності.","","","","","","7345"
"Нараховано в середньому штатному працівнику, за період часу","Місяць","Жінки","Україна","Професії та професійні групи","Секретарі та службовці, що виконують операції за допомогою клавіатури","Річна","Гривня","Одиниці","Нуль","","","1. Дані підготовлено за результатами державного статистичного спостереження ""Рівень заробітної плати працівників за статтю, віком, освітою та професійними групами"", яким охоплені юридичні особи та відокремлені підрозділи юридичних осіб із кількістю найманих працівників 10 і більше осіб. 2. Дані наведено без урахування тимчасово окупованої території Автономної Республіки Крим, м. Севастополя та частини тимчасово окупованих територій у Донецькій та Луганській областях. 3. Середньомісячна заробітна плата одного штатного працівника розраховується шляхом ділення нарахованого фонду оплати праці штатних працівників за звітний місяць (період) на середньооблікову кількість штатних працівників і на кількість місяців у періоді. Професія – це певний вид трудової діяльності, який потребує спеціальних теоретичних знань та практичних навичок. Професія – рід занять, певна форма трудової діяльності.","","3041","","","","6852"
"Нараховано в середньому штатному працівнику, за період часу","Місяць","Жінки","Україна","Професії та професійні групи","Робітники, що обслуговують рудо- та металопереробне устаткування ","Річна","Гривня","Одиниці","Нуль","","","1. Дані підготовлено за результатами державного статистичного спостереження ""Рівень заробітної плати працівників за статтю, віком, освітою та професійними групами"", яким охоплені юридичні особи та відокремлені підрозділи юридичних осіб із кількістю найманих працівників 10 і більше осіб. 2. Дані наведено без урахування тимчасово окупованої території Автономної Республіки Крим, м. Севастополя та частини тимчасово окупованих територій у Донецькій та Луганській областях. 3. Середньомісячна заробітна плата одного штатного працівника розраховується шляхом ділення нарахованого фонду оплати праці штатних працівників за звітний місяць (період) на середньооблікову кількість штатних працівників і на кількість місяців у періоді. Професія – це певний вид трудової діяльності, який потребує спеціальних теоретичних знань та практичних навичок. Професія – рід занять, певна форма трудової діяльності.","","4407","","","","10691"
"Нараховано в середньому штатному працівнику, за період часу","Місяць","Жінки","Україна","Професії та професійні групи","Фахівці в галузі харчової та переробної промисловості ","Річна","Гривня","Одиниці","Нуль","","","1. Дані підготовлено за результатами державного статистичного спостереження ""Рівень заробітної плати працівників за статтю, віком, освітою та професійними групами"", яким охоплені юридичні особи та відокремлені підрозділи юридичних осіб із кількістю найманих працівників 10 і більше осіб. 2. Дані наведено без урахування тимчасово окупованої території Автономної Республіки Крим, м. Севастополя та частини тимчасово окупованих територій у Донецькій та Луганській областях. 3. Середньомісячна заробітна плата одного штатного працівника розраховується шляхом ділення нарахованого фонду оплати праці штатних працівників за звітний місяць (період) на середньооблікову кількість штатних працівників і на кількість місяців у періоді. Професія – це певний вид трудової діяльності, який потребує спеціальних теоретичних знань та практичних навичок. Професія – рід занять, певна форма трудової діяльності.","","3970","","","","8279"
"Нараховано в середньому штатному працівнику, за період часу","Місяць","Жінки","Україна","Професії та професійні групи","Ремісники з ручного оброблення дерева, тканини, шкіри та подібних матеріалів ","Річна","Гривня","Одиниці","Нуль","","","1. Дані підготовлено за результатами державного статистичного спостереження ""Рівень заробітної плати працівників за статтю, віком, освітою та професійними групами"", яким охоплені юридичні особи та відокремлені підрозділи юридичних осіб із кількістю найманих працівників 10 і більше осіб. 2. Дані наведено без урахування тимчасово окупованої території Автономної Республіки Крим, м. Севастополя та частини тимчасово окупованих територій у Донецькій та Луганській областях. 3. Середньомісячна заробітна плата одного штатного працівника розраховується шляхом ділення нарахованого фонду оплати праці штатних працівників за звітний місяць (період) на середньооблікову кількість штатних працівників і на кількість місяців у періоді. Професія – це певний вид трудової діяльності, який потребує спеціальних теоретичних знань та практичних навичок. Професія – рід занять, певна форма трудової діяльності.","","3625","","","","6088"
"Нараховано в середньому штатному працівнику, за період часу","Місяць","Жінки","Україна","Професії та професійні групи","Робітники з обслуговування  експлуатації та контролювання за роботою технологічного устаткування, складання устаткування та машин ","Річна","Гривня","Одиниці","Нуль","","","1. Дані підготовлено за результатами державного статистичного спостереження ""Рівень заробітної плати працівників за статтю, віком, освітою та професійними групами"", яким охоплені юридичні особи та відокремлені підрозділи юридичних осіб із кількістю найманих працівників 10 і більше осіб. 2. Дані наведено без урахування тимчасово окупованої території Автономної Республіки Крим, м. Севастополя та частини тимчасово окупованих територій у Донецькій та Луганській областях. 3. Середньомісячна заробітна плата одного штатного працівника розраховується шляхом ділення нарахованого фонду оплати праці штатних працівників за звітний місяць (період) на середньооблікову кількість штатних працівників і на кількість місяців у періоді. Професія – це певний вид трудової діяльності, який потребує спеціальних теоретичних знань та практичних навичок. Професія – рід занять, певна форма трудової діяльності.","","3732","","","","8493"
"Нараховано в середньому штатному працівнику, за період часу","Місяць","Жінки","Україна","Професії та професійні групи","Маляри та чистильники структурних частин будівель ","Річна","Гривня","Одиниці","Нуль","","","1. Дані підготовлено за результатами державного статистичного спостереження ""Рівень заробітної плати працівників за статтю, віком, освітою та професійними групами"", яким охоплені юридичні особи та відокремлені підрозділи юридичних осіб із кількістю найманих працівників 10 і більше осіб. 2. Дані наведено без урахування тимчасово окупованої території Автономної Республіки Крим, м. Севастополя та частини тимчасово окупованих територій у Донецькій та Луганській областях. 3. Середньомісячна заробітна плата одного штатного працівника розраховується шляхом ділення нарахованого фонду оплати праці штатних працівників за звітний місяць (період) на середньооблікову кількість штатних працівників і на кількість місяців у періоді. Професія – це певний вид трудової діяльності, який потребує спеціальних теоретичних знань та практичних навичок. Професія – рід занять, певна форма трудової діяльності.","","4134","","","","8784"
"Нараховано в середньому штатному працівнику, за період часу","Місяць","Жінки","Україна","Професії та професійні групи","Кваліфіковані сільськогосподарські робітники та рибалки","Річна","Гривня","Одиниці","Нуль","","","1. Дані підготовлено за результатами державного статистичного спостереження ""Рівень заробітної плати працівників за статтю, віком, освітою та професійними групами"", яким охоплені юридичні особи та відокремлені підрозділи юридичних осіб із кількістю найманих працівників 10 і більше осіб. 2. Дані наведено без урахування тимчасово окупованої території Автономної Республіки Крим, м. Севастополя та частини тимчасово окупованих територій у Донецькій та Луганській областях. 3. Середньомісячна заробітна плата одного штатного працівника розраховується шляхом ділення нарахованого фонду оплати праці штатних працівників за звітний місяць (період) на середньооблікову кількість штатних працівників і на кількість місяців у періоді. Професія – це певний вид трудової діяльності, який потребує спеціальних теоретичних знань та практичних навичок. Професія – рід занять, певна форма трудової діяльності.","","3256","","","","7921"
"Нараховано в середньому штатному працівнику, за період часу","Місяць","Жінки","Україна","Професії та професійні групи","Складальники","Річна","Гривня","Одиниці","Нуль","","","1. Дані підготовлено за результатами державного статистичного спостереження ""Рівень заробітної плати працівників за статтю, віком, освітою та професійними групами"", яким охоплені юридичні особи та відокремлені підрозділи юридичних осіб із кількістю найманих працівників 10 і більше осіб. 2. Дані наведено без урахування тимчасово окупованої території Автономної Республіки Крим, м. Севастополя та частини тимчасово окупованих територій у Донецькій та Луганській областях. 3. Середньомісячна заробітна плата одного штатного працівника розраховується шляхом ділення нарахованого фонду оплати праці штатних працівників за звітний місяць (період) на середньооблікову кількість штатних працівників і на кількість місяців у періоді. Професія – це певний вид трудової діяльності, який потребує спеціальних теоретичних знань та практичних навичок. Професія – рід занять, певна форма трудової діяльності.","","3371","","","","7482"
"Нараховано в середньому штатному працівнику, за період часу","Місяць","Жінки","Україна","Професії та професійні групи","Манекенники та інші моделі","Річна","Гривня","Одиниці","Нуль","Явищ не було","","1. Дані підготовлено за результатами державного статистичного спостереження ""Рівень заробітної плати працівників за статтю, віком, освітою та професійними групами"", яким охоплені юридичні особи та відокремлені підрозділи юридичних осіб із кількістю найманих працівників 10 і більше осіб. 2. Дані наведено без урахування тимчасово окупованої території Автономної Республіки Крим, м. Севастополя та частини тимчасово окупованих територій у Донецькій та Луганській областях. 3. Середня заробітна плата штатних працівників за одну оплачену годину  обчислюється шляхом ділення суми нарахованого фонду оплати праці штатних працівників на кількість оплачених їм людино-годин за відповідний період. Професія – це певний вид трудової діяльності, який потребує спеціальних теоретичних знань та практичних навичок. Професія – рід занять, певна форма трудової діяльності.","","","","","",""
"Нараховано в середньому штатному працівнику, за період часу","Місяць","Жінки","Україна","Професії та професійні групи","Технічні службовці ","Річна","Гривня","Одиниці","Нуль","","","1. Дані підготовлено за результатами державного статистичного спостереження ""Рівень заробітної плати працівників за статтю, віком, освітою та професійними групами"", яким охоплені юридичні особи та відокремлені підрозділи юридичних осіб із кількістю найманих працівників 10 і більше осіб. 2. Дані наведено без урахування тимчасово окупованої території Автономної Республіки Крим, м. Севастополя та частини тимчасово окупованих територій у Донецькій та Луганській областях. 3. Середньомісячна заробітна плата одного штатного працівника розраховується шляхом ділення нарахованого фонду оплати праці штатних працівників за звітний місяць (період) на середньооблікову кількість штатних працівників і на кількість місяців у періоді. Професія – це певний вид трудової діяльності, який потребує спеціальних теоретичних знань та практичних навичок. Професія – рід занять, певна форма трудової діяльності.","","3167","","","","7019"
"Нараховано в середньому штатному працівнику, за період часу","Місяць","Жінки","Україна","Стаж роботи","15-19 років","Річна","Гривня","Одиниці","Нуль","","","1. Дані підготовлено за результатами державного статистичного спостереження ""Рівень заробітної плати працівників за статтю, віком, освітою та професійними групами"", яким охоплені юридичні особи та відокремлені підрозділи юридичних осіб із кількістю найманих працівників 10 і більше осіб. 2. Дані наведено без урахування тимчасово окупованої території Автономної Республіки Крим, м. Севастополя та частини тимчасово окупованих територій у Донецькій та Луганській областях. 3. Середньомісячна заробітна плата одного штатного працівника розраховується шляхом ділення нарахованого фонду оплати праці штатних працівників за звітний місяць (період) на середньооблікову кількість штатних працівників і на кількість місяців у періоді.","","4603","","","","11313"
"Нараховано в середньому штатному працівнику, за період часу","Місяць","Жінки","Україна","Професії та професійні групи","Комірники та вагарі ","Річна","Гривня","Одиниці","Нуль","","","1. Дані підготовлено за результатами державного статистичного спостереження ""Рівень заробітної плати працівників за статтю, віком, освітою та професійними групами"", яким охоплені юридичні особи та відокремлені підрозділи юридичних осіб із кількістю найманих працівників 10 і більше осіб. 2. Дані наведено без урахування тимчасово окупованої території Автономної Республіки Крим, м. Севастополя та частини тимчасово окупованих територій у Донецькій та Луганській областях. 3. Середньомісячна заробітна плата одного штатного працівника розраховується шляхом ділення нарахованого фонду оплати праці штатних працівників за звітний місяць (період) на середньооблікову кількість штатних працівників і на кількість місяців у періоді. Професія – це певний вид трудової діяльності, який потребує спеціальних теоретичних знань та практичних навичок. Професія – рід занять, певна форма трудової діяльності.","","2919","","","","7613"
"Нараховано в середньому штатному працівнику, за період часу","Місяць","Чоловіки","Україна","Професії та професійні групи","Професіонали в галузі  художньої творчості","Річна","Гривня","Одиниці","Нуль","","","1. Дані підготовлено за результатами державного статистичного спостереження ""Рівень заробітної плати працівників за статтю, віком, освітою та професійними групами"", яким охоплені юридичні особи та відокремлені підрозділи юридичних осіб із кількістю найманих працівників 10 і більше осіб. 2. Дані наведено без урахування тимчасово окупованої території Автономної Республіки Крим, м. Севастополя та частини тимчасово окупованих територій у Донецькій та Луганській областях. 3. Середньомісячна заробітна плата одного штатного працівника розраховується шляхом ділення нарахованого фонду оплати праці штатних працівників за звітний місяць (період) на середньооблікову кількість штатних працівників і на кількість місяців у періоді. Професія – це певний вид трудової діяльності, який потребує спеціальних теоретичних знань та практичних навичок. Професія – рід занять, певна форма трудової діяльності.","","5240","","","","14092"
"Нараховано в середньому штатному працівнику, за період часу","Місяць","Чоловіки","Україна","Професії та професійні групи","Інші професіонали","Річна","Гривня","Одиниці","Нуль","","","1. Дані підготовлено за результатами державного статистичного спостереження ""Рівень заробітної плати працівників за статтю, віком, освітою та професійними групами"", яким охоплені юридичні особи та відокремлені підрозділи юридичних осіб із кількістю найманих працівників 10 і більше осіб. 2. Дані наведено без урахування тимчасово окупованої території Автономної Республіки Крим, м. Севастополя та частини тимчасово окупованих територій у Донецькій та Луганській областях. 3. Середньомісячна заробітна плата одного штатного працівника розраховується шляхом ділення нарахованого фонду оплати праці штатних працівників за звітний місяць (період) на середньооблікову кількість штатних працівників і на кількість місяців у періоді. Професія – це певний вид трудової діяльності, який потребує спеціальних теоретичних знань та практичних навичок. Професія – рід занять, певна форма трудової діяльності.","","7439","","","","19641"
"Нараховано в середньому штатному працівнику, за період часу","Місяць","Чоловіки","Україна","Вид економічної діяльності","Промисловість","Річна","Гривня","Одиниці","Нуль","","","1. Дані підготовлено за результатами державного статистичного спостереження ""Рівень заробітної плати працівників за статтю, віком, освітою та професійними групами"", яким охоплені юридичні особи та відокремлені підрозділи юридичних осіб із кількістю найманих працівників 10 і більше осіб. 2. Дані наведено без урахування тимчасово окупованої території Автономної Республіки Крим, м. Севастополя та частини тимчасово окупованих територій у Донецькій та Луганській областях. 3. Середньомісячна заробітна плата одного штатного працівника розраховується шляхом ділення нарахованого фонду оплати праці штатних працівників за звітний місяць (період) на середньооблікову кількість штатних працівників і на кількість місяців у періоді.","","5972","","","","12558"
"Нараховано в середньому штатному працівнику, за період часу","Місяць","Чоловіки","Україна","Вікова група","65 років і старші","Річна","Гривня","Одиниці","Нуль","","","1. Дані підготовлено за результатами державного статистичного спостереження ""Рівень заробітної плати працівників за статтю, віком, освітою та професійними групами"", яким охоплені юридичні особи та відокремлені підрозділи юридичних осіб із кількістю найманих працівників 10 і більше осіб. 2. Дані наведено без урахування тимчасово окупованої території Автономної Республіки Крим, м. Севастополя та частини тимчасово окупованих територій у Донецькій та Луганській областях. 3. Середньомісячна заробітна плата одного штатного працівника розраховується шляхом ділення нарахованого фонду оплати праці штатних працівників за звітний місяць (період) на середньооблікову кількість штатних працівників і на кількість місяців у періоді.","","4710","","","","9946"
"Нараховано в середньому штатному працівнику, за період часу","Місяць","Чоловіки","Україна","Професії та професійні групи","Професіонали в галузі медицини (крім медичних сестер)","Річна","Гривня","Одиниці","Нуль","","","1. Дані підготовлено за результатами державного статистичного спостереження ""Рівень заробітної плати працівників за статтю, віком, освітою та професійними групами"", яким охоплені юридичні особи та відокремлені підрозділи юридичних осіб із кількістю найманих працівників 10 і більше осіб. 2. Дані наведено без урахування тимчасово окупованої території Автономної Республіки Крим, м. Севастополя та частини тимчасово окупованих територій у Донецькій та Луганській областях. 3. Середньомісячна заробітна плата одного штатного працівника розраховується шляхом ділення нарахованого фонду оплати праці штатних працівників за звітний місяць (період) на середньооблікову кількість штатних працівників і на кількість місяців у періоді. Професія – це певний вид трудової діяльності, який потребує спеціальних теоретичних знань та практичних навичок. Професія – рід занять, певна форма трудової діяльності.","","4506","","","","12078"
"Нараховано в середньому штатному працівнику, за період часу","Місяць","Чоловіки","Україна","Професії та професійні групи","Професіонали в сфері державної  служби, аудиту, бухгалтерського обліку, праці та зайнятості, маркетингу, ефективності підприємництва, раціоналізації виробництва та інтелектуальної власності","Річна","Гривня","Одиниці","Нуль","","","1. Дані підготовлено за результатами державного статистичного спостереження ""Рівень заробітної плати працівників за статтю, віком, освітою та професійними групами"", яким охоплені юридичні особи та відокремлені підрозділи юридичних осіб із кількістю найманих працівників 10 і більше осіб. 2. Дані наведено без урахування тимчасово окупованої території Автономної Республіки Крим, м. Севастополя та частини тимчасово окупованих територій у Донецькій та Луганській областях. 3. Середньомісячна заробітна плата одного штатного працівника розраховується шляхом ділення нарахованого фонду оплати праці штатних працівників за звітний місяць (період) на середньооблікову кількість штатних працівників і на кількість місяців у періоді. Професія – це певний вид трудової діяльності, який потребує спеціальних теоретичних знань та практичних навичок. Професія – рід занять, певна форма трудової діяльності.","","7292","","","","18388"
"Нараховано в середньому штатному працівнику, за період часу","Місяць","Чоловіки","Україна","Вікова група","До 25 років","Річна","Гривня","Одиниці","Нуль","","","1. Дані підготовлено за результатами державного статистичного спостереження ""Рівень заробітної плати працівників за статтю, віком, освітою та професійними групами"", яким охоплені юридичні особи та відокремлені підрозділи юридичних осіб із кількістю найманих працівників 10 і більше осіб. 2. Дані наведено без урахування тимчасово окупованої території Автономної Республіки Крим, м. Севастополя та частини тимчасово окупованих територій у Донецькій та Луганській областях. 3. Середньомісячна заробітна плата одного штатного працівника розраховується шляхом ділення нарахованого фонду оплати праці штатних працівників за звітний місяць (період) на середньооблікову кількість штатних працівників і на кількість місяців у періоді.","","3828","","","","8817"
"Нараховано в середньому штатному працівнику, за період часу","Місяць","Чоловіки","Україна","Професії та професійні групи","Професіонали, що не входять в  інші класифікаційні угруповання","Річна","Гривня","Одиниці","Нуль","","","1. Дані підготовлено за результатами державного статистичного спостереження ""Рівень заробітної плати працівників за статтю, віком, освітою та професійними групами"", яким охоплені юридичні особи та відокремлені підрозділи юридичних осіб із кількістю найманих працівників 10 і більше осіб. 2. Дані наведено без урахування тимчасово окупованої території Автономної Республіки Крим, м. Севастополя та частини тимчасово окупованих територій у Донецькій та Луганській областях. 3. Середньомісячна заробітна плата одного штатного працівника розраховується шляхом ділення нарахованого фонду оплати праці штатних працівників за звітний місяць (період) на середньооблікову кількість штатних працівників і на кількість місяців у періоді. Професія – це певний вид трудової діяльності, який потребує спеціальних теоретичних знань та практичних навичок. Професія – рід занять, певна форма трудової діяльності.","","8998","","","","22319"
"Нараховано в середньому штатному працівнику, за період часу","Місяць","Чоловіки","Україна","Вікова група","45-54 років","Річна","Гривня","Одиниці","Нуль","","","1. Дані підготовлено за результатами державного статистичного спостереження ""Рівень заробітної плати працівників за статтю, віком, освітою та професійними групами"", яким охоплені юридичні особи та відокремлені підрозділи юридичних осіб із кількістю найманих працівників 10 і більше осіб. 2. Дані наведено без урахування тимчасово окупованої території Автономної Республіки Крим, м. Севастополя та частини тимчасово окупованих територій у Донецькій та Луганській областях. 3. Середньомісячна заробітна плата одного штатного працівника розраховується шляхом ділення нарахованого фонду оплати праці штатних працівників за звітний місяць (період) на середньооблікову кількість штатних працівників і на кількість місяців у періоді.","","5326","","","","12055"
"Нараховано в середньому штатному працівнику, за період часу","Місяць","Чоловіки","Україна","Професії та професійні групи","Менеджери (управителі) у сфері операцій з нерухомістю здавання під найом та послуг юридичним особам ","Річна","Гривня","Одиниці","Нуль","","","1. Дані підготовлено за результатами державного статистичного спостереження ""Рівень заробітної плати працівників за статтю, віком, освітою та професійними групами"", яким охоплені юридичні особи та відокремлені підрозділи юридичних осіб із кількістю найманих працівників 10 і більше осіб. 2. Дані наведено без урахування тимчасово окупованої території Автономної Республіки Крим, м. Севастополя та частини тимчасово окупованих територій у Донецькій та Луганській областях. 3. Середньомісячна заробітна плата одного штатного працівника розраховується шляхом ділення нарахованого фонду оплати праці штатних працівників за звітний місяць (період) на середньооблікову кількість штатних працівників і на кількість місяців у періоді. Професія – це певний вид трудової діяльності, який потребує спеціальних теоретичних знань та практичних навичок. Професія – рід занять, певна форма трудової діяльності.","","8007","","","","12638"
"Нараховано в середньому штатному працівнику, за період часу","Місяць","Чоловіки","Україна","Вид економічної діяльності","Переробна промисловість","Річна","Гривня","Одиниці","Нуль","","","1. Дані підготовлено за результатами державного статистичного спостереження ""Рівень заробітної плати працівників за статтю, віком, освітою та професійними групами"", яким охоплені юридичні особи та відокремлені підрозділи юридичних осіб із кількістю найманих працівників 10 і більше осіб. 2. Дані наведено без урахування тимчасово окупованої території Автономної Республіки Крим, м. Севастополя та частини тимчасово окупованих територій у Донецькій та Луганській областях. 3. Середньомісячна заробітна плата одного штатного працівника розраховується шляхом ділення нарахованого фонду оплати праці штатних працівників за звітний місяць (період) на середньооблікову кількість штатних працівників і на кількість місяців у періоді.","","5543","","","","11748"
"Нараховано в середньому штатному працівнику, за період часу","Місяць","Чоловіки","Україна","Вид економічної діяльності","Оптова та роздрібна торгівля; ремонт автотранспортних засобів і мотоциклів","Річна","Гривня","Одиниці","Нуль","","","1. Дані підготовлено за результатами державного статистичного спостереження ""Рівень заробітної плати працівників за статтю, віком, освітою та професійними групами"", яким охоплені юридичні особи та відокремлені підрозділи юридичних осіб із кількістю найманих працівників 10 і більше осіб. 2. Дані наведено без урахування тимчасово окупованої території Автономної Республіки Крим, м. Севастополя та частини тимчасово окупованих територій у Донецькій та Луганській областях. 3. Середньомісячна заробітна плата одного штатного працівника розраховується шляхом ділення нарахованого фонду оплати праці штатних працівників за звітний місяць (період) на середньооблікову кількість штатних працівників і на кількість місяців у періоді.","","5824","","","","11214"
"Нараховано в середньому штатному працівнику, за період часу","Місяць","Чоловіки","Україна","Професії та професійні групи","Фахівці з початкової освіти","Річна","Гривня","Одиниці","Нуль","","","1. Дані підготовлено за результатами державного статистичного спостереження ""Рівень заробітної плати працівників за статтю, віком, освітою та професійними групами"", яким охоплені юридичні особи та відокремлені підрозділи юридичних осіб із кількістю найманих працівників 10 і більше осіб. 2. Дані наведено без урахування тимчасово окупованої території Автономної Республіки Крим, м. Севастополя та частини тимчасово окупованих територій у Донецькій та Луганській областях. 3. Середньомісячна заробітна плата одного штатного працівника розраховується шляхом ділення нарахованого фонду оплати праці штатних працівників за звітний місяць (період) на середньооблікову кількість штатних працівників і на кількість місяців у періоді. Професія – це певний вид трудової діяльності, який потребує спеціальних теоретичних знань та практичних навичок. Професія – рід занять, певна форма трудової діяльності.","","4561","","","","4184"
"Нараховано в середньому штатному працівнику, за період часу","Місяць","Чоловіки","Україна","Рівень освіти","Дошкільна освіта","Річна","Гривня","Одиниці","Нуль","Явищ не було","","1. Дані підготовлено за результатами державного статистичного спостереження ""Рівень заробітної плати працівників за статтю, віком, освітою та професійними групами"", яким охоплені юридичні особи та відокремлені підрозділи юридичних осіб із кількістю найманих працівників 10 і більше осіб. 2. Дані наведено без урахування тимчасово окупованої території Автономної Республіки Крим, м. Севастополя та частини тимчасово окупованих територій у Донецькій та Луганській областях. 3. Середня заробітна плата штатних працівників за одну оплачену годину  обчислюється шляхом ділення суми нарахованого фонду оплати праці штатних працівників на кількість оплачених їм людино-годин за відповідний період. Освіта – це процес і результат засвоєння людиною систематичних знань, умінь і навичок, розвиток розуму та почуттів, формування світогляду та пізнавальних інтересів.","","","","","",""
"Нараховано в середньому штатному працівнику, за період часу","Місяць","Чоловіки","Україна","Вид економічної діяльності","Усього","Річна","Гривня","Одиниці","Нуль","","","1. Дані підготовлено за результатами державного статистичного спостереження ""Рівень заробітної плати працівників за статтю, віком, освітою та професійними групами"", яким охоплені юридичні особи та відокремлені підрозділи юридичних осіб із кількістю найманих працівників 10 і більше осіб. 2. Дані наведено без урахування тимчасово окупованої території Автономної Республіки Крим, м. Севастополя та частини тимчасово окупованих територій у Донецькій та Луганській областях. 3. Середньомісячна заробітна плата одного штатного працівника розраховується шляхом ділення нарахованого фонду оплати праці штатних працівників за звітний місяць (період) на середньооблікову кількість штатних працівників і на кількість місяців у періоді.","","5500","","","","12035"
"Нараховано в середньому штатному працівнику, за період часу","Місяць","Чоловіки","Україна","Професії та професійні групи","Технічні фахівці в галузі обчислювальної техніки","Річна","Гривня","Одиниці","Нуль","","","1. Дані підготовлено за результатами державного статистичного спостереження ""Рівень заробітної плати працівників за статтю, віком, освітою та професійними групами"", яким охоплені юридичні особи та відокремлені підрозділи юридичних осіб із кількістю найманих працівників 10 і більше осіб. 2. Дані наведено без урахування тимчасово окупованої території Автономної Республіки Крим, м. Севастополя та частини тимчасово окупованих територій у Донецькій та Луганській областях. 3. Середньомісячна заробітна плата одного штатного працівника розраховується шляхом ділення нарахованого фонду оплати праці штатних працівників за звітний місяць (період) на середньооблікову кількість штатних працівників і на кількість місяців у періоді. Професія – це певний вид трудової діяльності, який потребує спеціальних теоретичних знань та практичних навичок. Професія – рід занять, певна форма трудової діяльності.","","8394","","","","18679"
"Нараховано в середньому штатному працівнику, за період часу","Місяць","Чоловіки","Україна","Вікова група","60-64 роки","Річна","Гривня","Одиниці","Нуль","","","1. Дані підготовлено за результатами державного статистичного спостереження ""Рівень заробітної плати працівників за статтю, віком, освітою та професійними групами"", яким охоплені юридичні особи та відокремлені підрозділи юридичних осіб із кількістю найманих працівників 10 і більше осіб. 2. Дані наведено без урахування тимчасово окупованої території Автономної Республіки Крим, м. Севастополя та частини тимчасово окупованих територій у Донецькій та Луганській областях. 3. Середньомісячна заробітна плата одного штатного працівника розраховується шляхом ділення нарахованого фонду оплати праці штатних працівників за звітний місяць (період) на середньооблікову кількість штатних працівників і на кількість місяців у періоді.","","4811","","","","10301"
"Нараховано в середньому штатному працівнику, за період часу","Місяць","Чоловіки","Україна","Професії та професійні групи","Менеджери (управителі) в оборобній промисловості та у виробництві електроенергії, газу та води","Річна","Гривня","Одиниці","Нуль","","","1. Дані підготовлено за результатами державного статистичного спостереження ""Рівень заробітної плати працівників за статтю, віком, освітою та професійними групами"", яким охоплені юридичні особи та відокремлені підрозділи юридичних осіб із кількістю найманих працівників 10 і більше осіб. 2. Дані наведено без урахування тимчасово окупованої території Автономної Республіки Крим, м. Севастополя та частини тимчасово окупованих територій у Донецькій та Луганській областях. 3. Середньомісячна заробітна плата одного штатного працівника розраховується шляхом ділення нарахованого фонду оплати праці штатних працівників за звітний місяць (період) на середньооблікову кількість штатних працівників і на кількість місяців у періоді. Професія – це певний вид трудової діяльності, який потребує спеціальних теоретичних знань та практичних навичок. Професія – рід занять, певна форма трудової діяльності.","","11449","","","","12772"
"Нараховано в середньому штатному працівнику, за період часу","Місяць","Чоловіки","Україна","Рівень освіти","Усього","Річна","Гривня","Одиниці","Нуль","","","1. Дані підготовлено за результатами державного статистичного спостереження ""Рівень заробітної плати працівників за статтю, віком, освітою та професійними групами"", яким охоплені юридичні особи та відокремлені підрозділи юридичних осіб із кількістю найманих працівників 10 і більше осіб. 2. Дані наведено без урахування тимчасово окупованої території Автономної Республіки Крим, м. Севастополя та частини тимчасово окупованих територій у Донецькій та Луганській областях. 3. Середньомісячна заробітна плата одного штатного працівника розраховується шляхом ділення нарахованого фонду оплати праці штатних працівників за звітний місяць (період) на середньооблікову кількість штатних працівників і на кількість місяців у періоді. Освіта – це процес і результат засвоєння людиною систематичних знань, умінь і навичок, розвиток розуму та почуттів, формування світогляду та пізнавальних інтересів.","","5500","","","","12035"
"Нараховано в середньому штатному працівнику, за період часу","Місяць","Чоловіки","Україна","Вид економічної діяльності","Надання інших видів послуг","Річна","Гривня","Одиниці","Нуль","","","1. Дані підготовлено за результатами державного статистичного спостереження ""Рівень заробітної плати працівників за статтю, віком, освітою та професійними групами"", яким охоплені юридичні особи та відокремлені підрозділи юридичних осіб із кількістю найманих працівників 10 і більше осіб. 2. Дані наведено без урахування тимчасово окупованої території Автономної Республіки Крим, м. Севастополя та частини тимчасово окупованих територій у Донецькій та Луганській областях. 3. Середньомісячна заробітна плата одного штатного працівника розраховується шляхом ділення нарахованого фонду оплати праці штатних працівників за звітний місяць (період) на середньооблікову кількість штатних працівників і на кількість місяців у періоді.","","5086","","","","10084"
"Нараховано в середньому штатному працівнику, за період часу","Місяць","Чоловіки","Україна","Професії та професійні групи","Вчителі спеціалізованих  навчальних закладів","Річна","Гривня","Одиниці","Нуль","","","1. Дані підготовлено за результатами державного статистичного спостереження ""Рівень заробітної плати працівників за статтю, віком, освітою та професійними групами"", яким охоплені юридичні особи та відокремлені підрозділи юридичних осіб із кількістю найманих працівників 10 і більше осіб. 2. Дані наведено без урахування тимчасово окупованої території Автономної Республіки Крим, м. Севастополя та частини тимчасово окупованих територій у Донецькій та Луганській областях. 3. Середньомісячна заробітна плата одного штатного працівника розраховується шляхом ділення нарахованого фонду оплати праці штатних працівників за звітний місяць (період) на середньооблікову кількість штатних працівників і на кількість місяців у періоді. Професія – це певний вид трудової діяльності, який потребує спеціальних теоретичних знань та практичних навичок. Професія – рід занять, певна форма трудової діяльності.","","5665","","","","11885"
"Нараховано в середньому штатному працівнику, за період часу","Місяць","Чоловіки","Україна","Професії та професійні групи","Професіонали в галузі фізики,  астрономії, метеорології та хімії","Річна","Гривня","Одиниці","Нуль","","","1. Дані підготовлено за результатами державного статистичного спостереження ""Рівень заробітної плати працівників за статтю, віком, освітою та професійними групами"", яким охоплені юридичні особи та відокремлені підрозділи юридичних осіб із кількістю найманих працівників 10 і більше осіб. 2. Дані наведено без урахування тимчасово окупованої території Автономної Республіки Крим, м. Севастополя та частини тимчасово окупованих територій у Донецькій та Луганській областях. 3. Середньомісячна заробітна плата одного штатного працівника розраховується шляхом ділення нарахованого фонду оплати праці штатних працівників за звітний місяць (період) на середньооблікову кількість штатних працівників і на кількість місяців у періоді. Професія – це певний вид трудової діяльності, який потребує спеціальних теоретичних знань та практичних навичок. Професія – рід занять, певна форма трудової діяльності.","","6005","","","","12824"
"Нараховано в середньому штатному працівнику, за період часу","Місяць","Чоловіки","Україна","Професії та професійні групи","Технічні фахівці в галузі прикладних наук та техніки","Річна","Гривня","Одиниці","Нуль","","","1. Дані підготовлено за результатами державного статистичного спостереження ""Рівень заробітної плати працівників за статтю, віком, освітою та професійними групами"", яким охоплені юридичні особи та відокремлені підрозділи юридичних осіб із кількістю найманих працівників 10 і більше осіб. 2. Дані наведено без урахування тимчасово окупованої території Автономної Республіки Крим, м. Севастополя та частини тимчасово окупованих територій у Донецькій та Луганській областях. 3. Середня заробітна плата штатних працівників за одну оплачену годину  обчислюється шляхом ділення суми нарахованого фонду оплати праці штатних працівників на кількість оплачених їм людино-годин за відповідний період. Професія – це певний вид трудової діяльності, який потребує спеціальних теоретичних знань та практичних навичок. Професія – рід занять, певна форма трудової діяльності.","","6613","","","","13186"
"Нараховано в середньому штатному працівнику, за період часу","Місяць","Чоловіки","Україна","Професії та професійні групи","Керівники підприємств, установ та організацій ","Річна","Гривня","Одиниці","Нуль","","","1. Дані підготовлено за результатами державного статистичного спостереження ""Рівень заробітної плати працівників за статтю, віком, освітою та професійними групами"", яким охоплені юридичні особи та відокремлені підрозділи юридичних осіб із кількістю найманих працівників 10 і більше осіб. 2. Дані наведено без урахування тимчасово окупованої території Автономної Республіки Крим, м. Севастополя та частини тимчасово окупованих територій у Донецькій та Луганській областях. 3. Середньомісячна заробітна плата одного штатного працівника розраховується шляхом ділення нарахованого фонду оплати праці штатних працівників за звітний місяць (період) на середньооблікову кількість штатних працівників і на кількість місяців у періоді. Професія – це певний вид трудової діяльності, який потребує спеціальних теоретичних знань та практичних навичок. Професія – рід занять, певна форма трудової діяльності.","","8742","","","","18481"
"Нараховано в середньому штатному працівнику, за період часу","Місяць","Чоловіки","Україна","Рівень освіти","Початкова освіта","Річна","Гривня","Одиниці","Нуль","","","1. Дані підготовлено за результатами державного статистичного спостереження ""Рівень заробітної плати працівників за статтю, віком, освітою та професійними групами"", яким охоплені юридичні особи та відокремлені підрозділи юридичних осіб із кількістю найманих працівників 10 і більше осіб. 2. Дані наведено без урахування тимчасово окупованої території Автономної Республіки Крим, м. Севастополя та частини тимчасово окупованих територій у Донецькій та Луганській областях. 3. Середня заробітна плата штатних працівників за одну оплачену годину  обчислюється шляхом ділення суми нарахованого фонду оплати праці штатних працівників на кількість оплачених їм людино-годин за відповідний період. Освіта – це процес і результат засвоєння людиною систематичних знань, умінь і навичок, розвиток розуму та почуттів, формування світогляду та пізнавальних інтересів.","","3251","","","","6445"
"Нараховано в середньому штатному працівнику, за період часу","Місяць","Чоловіки","Україна","Вид економічної діяльності","Фінансова та страхова діяльність","Річна","Гривня","Одиниці","Нуль","","","1. Дані підготовлено за результатами державного статистичного спостереження ""Рівень заробітної плати працівників за статтю, віком, освітою та професійними групами"", яким охоплені юридичні особи та відокремлені підрозділи юридичних осіб із кількістю найманих працівників 10 і більше осіб. 2. Дані наведено без урахування тимчасово окупованої території Автономної Республіки Крим, м. Севастополя та частини тимчасово окупованих територій у Донецькій та Луганській областях. 3. Середньомісячна заробітна плата одного штатного працівника розраховується шляхом ділення нарахованого фонду оплати праці штатних працівників за звітний місяць (період) на середньооблікову кількість штатних працівників і на кількість місяців у періоді.","","11323","","","","21480"
"Нараховано в середньому штатному працівнику, за період часу","Місяць","Чоловіки","Україна","Вид економічної діяльності","Державне управління й оборона; обов'язкове соціальне страхування","Річна","Гривня","Одиниці","Нуль","","","1. Дані підготовлено за результатами державного статистичного спостереження ""Рівень заробітної плати працівників за статтю, віком, освітою та професійними групами"", яким охоплені юридичні особи та відокремлені підрозділи юридичних осіб із кількістю найманих працівників 10 і більше осіб. 2. Дані наведено без урахування тимчасово окупованої території Автономної Республіки Крим, м. Севастополя та частини тимчасово окупованих територій у Донецькій та Луганській областях. 3. Середньомісячна заробітна плата одного штатного працівника розраховується шляхом ділення нарахованого фонду оплати праці штатних працівників за звітний місяць (період) на середньооблікову кількість штатних працівників і на кількість місяців у періоді.","","4520","","","","16622"
"Нараховано в середньому штатному працівнику, за період часу","Місяць","Чоловіки","Україна","Професії та професійні групи","Медичні сестри та акушерки,  що асистують професіоналам","Річна","Гривня","Одиниці","Нуль","","","1. Дані підготовлено за результатами державного статистичного спостереження ""Рівень заробітної плати працівників за статтю, віком, освітою та професійними групами"", яким охоплені юридичні особи та відокремлені підрозділи юридичних осіб із кількістю найманих працівників 10 і більше осіб. 2. Дані наведено без урахування тимчасово окупованої території Автономної Республіки Крим, м. Севастополя та частини тимчасово окупованих територій у Донецькій та Луганській областях. 3. Середньомісячна заробітна плата одного штатного працівника розраховується шляхом ділення нарахованого фонду оплати праці штатних працівників за звітний місяць (період) на середньооблікову кількість штатних працівників і на кількість місяців у періоді. Професія – це певний вид трудової діяльності, який потребує спеціальних теоретичних знань та практичних навичок. Професія – рід занять, певна форма трудової діяльності.","","3338","","","","8325"
"Нараховано в середньому штатному працівнику, за період часу","Місяць","Чоловіки","Україна","Професії та професійні групи","Професіонали в галузі  правознавства, прокурорського нагляду, правосуддя та правоохоронної діяльності","Річна","Гривня","Одиниці","Нуль","","","1. Дані підготовлено за результатами державного статистичного спостереження ""Рівень заробітної плати працівників за статтю, віком, освітою та професійними групами"", яким охоплені юридичні особи та відокремлені підрозділи юридичних осіб із кількістю найманих працівників 10 і більше осіб. 2. Дані наведено без урахування тимчасово окупованої території Автономної Республіки Крим, м. Севастополя та частини тимчасово окупованих територій у Донецькій та Луганській областях. 3. Середньомісячна заробітна плата одного штатного працівника розраховується шляхом ділення нарахованого фонду оплати праці штатних працівників за звітний місяць (період) на середньооблікову кількість штатних працівників і на кількість місяців у періоді. Професія – це певний вид трудової діяльності, який потребує спеціальних теоретичних знань та практичних навичок. Професія – рід занять, певна форма трудової діяльності.","","9437","","","","26004"
"Нараховано в середньому штатному працівнику, за період часу","Місяць","Чоловіки","Україна","Професії та професійні групи","Професійні медичні сестри та  акушерки","Річна","Гривня","Одиниці","Нуль","","","1. Дані підготовлено за результатами державного статистичного спостереження ""Рівень заробітної плати працівників за статтю, віком, освітою та професійними групами"", яким охоплені юридичні особи та відокремлені підрозділи юридичних осіб із кількістю найманих працівників 10 і більше осіб. 2. Дані наведено без урахування тимчасово окупованої території Автономної Республіки Крим, м. Севастополя та частини тимчасово окупованих територій у Донецькій та Луганській областях. 3. Середньомісячна заробітна плата одного штатного працівника розраховується шляхом ділення нарахованого фонду оплати праці штатних працівників за звітний місяць (період) на середньооблікову кількість штатних працівників і на кількість місяців у періоді. Професія – це певний вид трудової діяльності, який потребує спеціальних теоретичних знань та практичних навичок. Професія – рід занять, певна форма трудової діяльності.","","2939","","","","5984"
"Нараховано в середньому штатному працівнику, за період часу","Місяць","Чоловіки","Україна","Професії та професійні групи","Професіонали в галузі фізичних, математичних та технічних наук ","Річна","Гривня","Одиниці","Нуль","","","1. Дані підготовлено за результатами державного статистичного спостереження ""Рівень заробітної плати працівників за статтю, віком, освітою та професійними групами"", яким охоплені юридичні особи та відокремлені підрозділи юридичних осіб із кількістю найманих працівників 10 і більше осіб. 2. Дані наведено без урахування тимчасово окупованої території Автономної Республіки Крим, м. Севастополя та частини тимчасово окупованих територій у Донецькій та Луганській областях. 3. Середньомісячна заробітна плата одного штатного працівника розраховується шляхом ділення нарахованого фонду оплати праці штатних працівників за звітний місяць (період) на середньооблікову кількість штатних працівників і на кількість місяців у періоді. Професія – це певний вид трудової діяльності, який потребує спеціальних теоретичних знань та практичних навичок. Професія – рід занять, певна форма трудової діяльності.","","7498","","","","15469"
"Нараховано в середньому штатному працівнику, за період часу","Місяць","Чоловіки","Україна","Вікова група","25-34 років","Річна","Гривня","Одиниці","Нуль","","","1. Дані підготовлено за результатами державного статистичного спостереження ""Рівень заробітної плати працівників за статтю, віком, освітою та професійними групами"", яким охоплені юридичні особи та відокремлені підрозділи юридичних осіб із кількістю найманих працівників 10 і більше осіб. 2. Дані наведено без урахування тимчасово окупованої території Автономної Республіки Крим, м. Севастополя та частини тимчасово окупованих територій у Донецькій та Луганській областях. 3. Середньомісячна заробітна плата одного штатного працівника розраховується шляхом ділення нарахованого фонду оплати праці штатних працівників за звітний місяць (період) на середньооблікову кількість штатних працівників і на кількість місяців у періоді.","","5770","","","","12770"
"Нараховано в середньому штатному працівнику, за період часу","Місяць","Чоловіки","Україна","Рівень освіти","Післясередня не вища освіта","Річна","Гривня","Одиниці","Нуль","","","1. Дані підготовлено за результатами державного статистичного спостереження ""Рівень заробітної плати працівників за статтю, віком, освітою та професійними групами"", яким охоплені юридичні особи та відокремлені підрозділи юридичних осіб із кількістю найманих працівників 10 і більше осіб. 2. Дані наведено без урахування тимчасово окупованої території Автономної Республіки Крим, м. Севастополя та частини тимчасово окупованих територій у Донецькій та Луганській областях. 3. Середня заробітна плата штатних працівників за одну оплачену годину  обчислюється шляхом ділення суми нарахованого фонду оплати праці штатних працівників на кількість оплачених їм людино-годин за відповідний період. Освіта – це процес і результат засвоєння людиною систематичних знань, умінь і навичок, розвиток розуму та почуттів, формування світогляду та пізнавальних інтересів.","","4151","","","","9311"
"Нараховано в середньому штатному працівнику, за період часу","Місяць","Чоловіки","Україна","Професії та професійні групи","Професіонали в галузі релігії ","Річна","Гривня","Одиниці","Нуль","","","1. Дані підготовлено за результатами державного статистичного спостереження ""Рівень заробітної плати працівників за статтю, віком, освітою та професійними групами"", яким охоплені юридичні особи та відокремлені підрозділи юридичних осіб із кількістю найманих працівників 10 і більше осіб. 2. Дані наведено без урахування тимчасово окупованої території Автономної Республіки Крим, м. Севастополя та частини тимчасово окупованих територій у Донецькій та Луганській областях. 3. Середньомісячна заробітна плата одного штатного працівника розраховується шляхом ділення нарахованого фонду оплати праці штатних працівників за звітний місяць (період) на середньооблікову кількість штатних працівників і на кількість місяців у періоді. Професія – це певний вид трудової діяльності, який потребує спеціальних теоретичних знань та практичних навичок. Професія – рід занять, певна форма трудової діяльності.","","4995","","","","6698"
"Нараховано в середньому штатному працівнику, за період часу","Місяць","Чоловіки","Україна","Професії та професійні групи","Менеджери (управителі) в освіті, охороні здоров'я та соціальній сфері","Річна","Гривня","Одиниці","Нуль","","","1. Дані підготовлено за результатами державного статистичного спостереження ""Рівень заробітної плати працівників за статтю, віком, освітою та професійними групами"", яким охоплені юридичні особи та відокремлені підрозділи юридичних осіб із кількістю найманих працівників 10 і більше осіб. 2. Дані наведено без урахування тимчасово окупованої території Автономної Республіки Крим, м. Севастополя та частини тимчасово окупованих територій у Донецькій та Луганській областях. 3. Середньомісячна заробітна плата одного штатного працівника розраховується шляхом ділення нарахованого фонду оплати праці штатних працівників за звітний місяць (період) на середньооблікову кількість штатних працівників і на кількість місяців у періоді. Професія – це певний вид трудової діяльності, який потребує спеціальних теоретичних знань та практичних навичок. Професія – рід занять, певна форма трудової діяльності.","","29491","","","","11513"
"Нараховано в середньому штатному працівнику, за період часу","Місяць","Чоловіки","Україна","Професії та професійні групи","Керівники підприємств, установ та організацій ","Річна","Гривня","Одиниці","Нуль","","","1. Дані підготовлено за результатами державного статистичного спостереження ""Рівень заробітної плати працівників за статтю, віком, освітою та професійними групами"", яким охоплені юридичні особи та відокремлені підрозділи юридичних осіб із кількістю найманих працівників 10 і більше осіб. 2. Дані наведено без урахування тимчасово окупованої території Автономної Республіки Крим, м. Севастополя та частини тимчасово окупованих територій у Донецькій та Луганській областях. 3. Середньомісячна заробітна плата одного штатного працівника розраховується шляхом ділення нарахованого фонду оплати праці штатних працівників за звітний місяць (період) на середньооблікову кількість штатних працівників і на кількість місяців у періоді. Професія – це певний вид трудової діяльності, який потребує спеціальних теоретичних знань та практичних навичок. Професія – рід занять, певна форма трудової діяльності.","","9452","","","","18095"
"Нараховано в середньому штатному працівнику, за період часу","Місяць","Чоловіки","Україна","Професії та професійні групи","Технічні фахівці в галузі  фізичних наук та техніки","Річна","Гривня","Одиниці","Нуль","","","1. Дані підготовлено за результатами державного статистичного спостереження ""Рівень заробітної плати працівників за статтю, віком, освітою та професійними групами"", яким охоплені юридичні особи та відокремлені підрозділи юридичних осіб із кількістю найманих працівників 10 і більше осіб. 2. Дані наведено без урахування тимчасово окупованої території Автономної Республіки Крим, м. Севастополя та частини тимчасово окупованих територій у Донецькій та Луганській областях. 3. Середньомісячна заробітна плата одного штатного працівника розраховується шляхом ділення нарахованого фонду оплати праці штатних працівників за звітний місяць (період) на середньооблікову кількість штатних працівників і на кількість місяців у періоді. Професія – це певний вид трудової діяльності, який потребує спеціальних теоретичних знань та практичних навичок. Професія – рід занять, певна форма трудової діяльності.","","5353","","","","11546"
"Нараховано в середньому штатному працівнику, за період часу","Місяць","Чоловіки","Україна","Вид економічної діяльності","Постачання електроенергії, газу, пари та кондиційованого повітря","Річна","Гривня","Одиниці","Нуль","","","1. Дані підготовлено за результатами державного статистичного спостереження ""Рівень заробітної плати працівників за статтю, віком, освітою та професійними групами"", яким охоплені юридичні особи та відокремлені підрозділи юридичних осіб із кількістю найманих працівників 10 і більше осіб. 2. Дані наведено без урахування тимчасово окупованої території Автономної Республіки Крим, м. Севастополя та частини тимчасово окупованих територій у Донецькій та Луганській областях. 3. Середньомісячна заробітна плата одного штатного працівника розраховується шляхом ділення нарахованого фонду оплати праці штатних працівників за звітний місяць (період) на середньооблікову кількість штатних працівників і на кількість місяців у періоді.","","6882","","","","14150"
"Нараховано в середньому штатному працівнику, за період часу","Місяць","Чоловіки","Україна","Професії та професійні групи","Інспектори з безпеки та якості ","Річна","Гривня","Одиниці","Нуль","","","1. Дані підготовлено за результатами державного статистичного спостереження ""Рівень заробітної плати працівників за статтю, віком, освітою та професійними групами"", яким охоплені юридичні особи та відокремлені підрозділи юридичних осіб із кількістю найманих працівників 10 і більше осіб. 2. Дані наведено без урахування тимчасово окупованої території Автономної Республіки Крим, м. Севастополя та частини тимчасово окупованих територій у Донецькій та Луганській областях. 3. Середньомісячна заробітна плата одного штатного працівника розраховується шляхом ділення нарахованого фонду оплати праці штатних працівників за звітний місяць (період) на середньооблікову кількість штатних працівників і на кількість місяців у періоді. Професія – це певний вид трудової діяльності, який потребує спеціальних теоретичних знань та практичних навичок. Професія – рід занять, певна форма трудової діяльності.","","7883","","","","13472"
"Нараховано в середньому штатному працівнику, за період часу","Місяць","Чоловіки","Україна","Професії та професійні групи","Менеджери (управителі) у будівництві, на транспорті, пошті та зв'язку","Річна","Гривня","Одиниці","Нуль","","","1. Дані підготовлено за результатами державного статистичного спостереження ""Рівень заробітної плати працівників за статтю, віком, освітою та професійними групами"", яким охоплені юридичні особи та відокремлені підрозділи юридичних осіб із кількістю найманих працівників 10 і більше осіб. 2. Дані наведено без урахування тимчасово окупованої території Автономної Республіки Крим, м. Севастополя та частини тимчасово окупованих територій у Донецькій та Луганській областях. 3. Середньомісячна заробітна плата одного штатного працівника розраховується шляхом ділення нарахованого фонду оплати праці штатних працівників за звітний місяць (період) на середньооблікову кількість штатних працівників і на кількість місяців у періоді. Професія – це певний вид трудової діяльності, який потребує спеціальних теоретичних знань та практичних навичок. Професія – рід занять, певна форма трудової діяльності.","","4417","","","","7473"
"Нараховано в середньому штатному працівнику, за період часу","Місяць","Чоловіки","Україна","Професії та професійні групи","Викладачі університетів та  вищих навчальних закладів ","Річна","Гривня","Одиниці","Нуль","","","1. Дані підготовлено за результатами державного статистичного спостереження ""Рівень заробітної плати працівників за статтю, віком, освітою та професійними групами"", яким охоплені юридичні особи та відокремлені підрозділи юридичних осіб із кількістю найманих працівників 10 і більше осіб. 2. Дані наведено без урахування тимчасово окупованої території Автономної Республіки Крим, м. Севастополя та частини тимчасово окупованих територій у Донецькій та Луганській областях. 3. Середньомісячна заробітна плата одного штатного працівника розраховується шляхом ділення нарахованого фонду оплати праці штатних працівників за звітний місяць (період) на середньооблікову кількість штатних працівників і на кількість місяців у періоді. Професія – це певний вид трудової діяльності, який потребує спеціальних теоретичних знань та практичних навичок. Професія – рід занять, певна форма трудової діяльності.","","6443","","","","13715"
"Нараховано в середньому штатному працівнику, за період часу","Місяць","Чоловіки","Україна","Професії та професійні групи","Керівники малих підприємств без апарату управління","Річна","Гривня","Одиниці","Нуль","","","1. Дані підготовлено за результатами державного статистичного спостереження ""Рівень заробітної плати працівників за статтю, віком, освітою та професійними групами"", яким охоплені юридичні особи та відокремлені підрозділи юридичних осіб із кількістю найманих працівників 10 і більше осіб. 2. Дані наведено без урахування тимчасово окупованої території Автономної Республіки Крим, м. Севастополя та частини тимчасово окупованих територій у Донецькій та Луганській областях. 3. Середньомісячна заробітна плата одного штатного працівника розраховується шляхом ділення нарахованого фонду оплати праці штатних працівників за звітний місяць (період) на середньооблікову кількість штатних працівників і на кількість місяців у періоді. Професія – це певний вид трудової діяльності, який потребує спеціальних теоретичних знань та практичних навичок. Професія – рід занять, певна форма трудової діяльності.","","5805","","","","10468"
"Нараховано в середньому штатному працівнику, за період часу","Місяць","Чоловіки","Україна","Вид економічної діяльності","Освіта","Річна","Гривня","Одиниці","Нуль","","","1. Дані підготовлено за результатами державного статистичного спостереження ""Рівень заробітної плати працівників за статтю, віком, освітою та професійними групами"", яким охоплені юридичні особи та відокремлені підрозділи юридичних осіб із кількістю найманих працівників 10 і більше осіб. 2. Дані наведено без урахування тимчасово окупованої території Автономної Республіки Крим, м. Севастополя та частини тимчасово окупованих територій у Донецькій та Луганській областях. 3. Середньомісячна заробітна плата одного штатного працівника розраховується шляхом ділення нарахованого фонду оплати праці штатних працівників за звітний місяць (період) на середньооблікову кількість штатних працівників і на кількість місяців у періоді.","","4501","","","","10005"
"Нараховано в середньому штатному працівнику, за період часу","Місяць","Чоловіки","Україна","Професії та професійні групи","Професіонали в галузі  математики та статистики","Річна","Гривня","Одиниці","Нуль","","","1. Дані підготовлено за результатами державного статистичного спостереження ""Рівень заробітної плати працівників за статтю, віком, освітою та професійними групами"", яким охоплені юридичні особи та відокремлені підрозділи юридичних осіб із кількістю найманих працівників 10 і більше осіб. 2. Дані наведено без урахування тимчасово окупованої території Автономної Республіки Крим, м. Севастополя та частини тимчасово окупованих територій у Донецькій та Луганській областях. 3. Середньомісячна заробітна плата одного штатного працівника розраховується шляхом ділення нарахованого фонду оплати праці штатних працівників за звітний місяць (період) на середньооблікову кількість штатних працівників і на кількість місяців у періоді. Професія – це певний вид трудової діяльності, який потребує спеціальних теоретичних знань та практичних навичок. Професія – рід занять, певна форма трудової діяльності.","","5802","","","","8097"
"Нараховано в середньому штатному працівнику, за період часу","Місяць","Чоловіки","Україна","Професії та професійні групи","Фахівці в галузі біології, агрономії та медицини ","Річна","Гривня","Одиниці","Нуль","","","1. Дані підготовлено за результатами державного статистичного спостереження ""Рівень заробітної плати працівників за статтю, віком, освітою та професійними групами"", яким охоплені юридичні особи та відокремлені підрозділи юридичних осіб із кількістю найманих працівників 10 і більше осіб. 2. Дані наведено без урахування тимчасово окупованої території Автономної Республіки Крим, м. Севастополя та частини тимчасово окупованих територій у Донецькій та Луганській областях. 3. Середньомісячна заробітна плата одного штатного працівника розраховується шляхом ділення нарахованого фонду оплати праці штатних працівників за звітний місяць (період) на середньооблікову кількість штатних працівників і на кількість місяців у періоді. Професія – це певний вид трудової діяльності, який потребує спеціальних теоретичних знань та практичних навичок. Професія – рід занять, певна форма трудової діяльності.","","3740","","","","8466"
"Нараховано в середньому штатному працівнику, за період часу","Місяць","Чоловіки","Україна","Вид економічної діяльності","Транспорт, складське господарство, поштова та кур'єрська діяльність","Річна","Гривня","Одиниці","Нуль","","","1. Дані підготовлено за результатами державного статистичного спостереження ""Рівень заробітної плати працівників за статтю, віком, освітою та професійними групами"", яким охоплені юридичні особи та відокремлені підрозділи юридичних осіб із кількістю найманих працівників 10 і більше осіб. 2. Дані наведено без урахування тимчасово окупованої території Автономної Республіки Крим, м. Севастополя та частини тимчасово окупованих територій у Донецькій та Луганській областях. 3. Середньомісячна заробітна плата одного штатного працівника розраховується шляхом ділення нарахованого фонду оплати праці штатних працівників за звітний місяць (період) на середньооблікову кількість штатних працівників і на кількість місяців у періоді.","","6277","","","","12981"
"Нараховано в середньому штатному працівнику, за період часу","Місяць","Чоловіки","Україна","Професії та професійні групи","Інші професіонали в галузі  навчання","Річна","Гривня","Одиниці","Нуль","","","1. Дані підготовлено за результатами державного статистичного спостереження ""Рівень заробітної плати працівників за статтю, віком, освітою та професійними групами"", яким охоплені юридичні особи та відокремлені підрозділи юридичних осіб із кількістю найманих працівників 10 і більше осіб. 2. Дані наведено без урахування тимчасово окупованої території Автономної Республіки Крим, м. Севастополя та частини тимчасово окупованих територій у Донецькій та Луганській областях. 3. Середньомісячна заробітна плата одного штатного працівника розраховується шляхом ділення нарахованого фонду оплати праці штатних працівників за звітний місяць (період) на середньооблікову кількість штатних працівників і на кількість місяців у періоді. Професія – це певний вид трудової діяльності, який потребує спеціальних теоретичних знань та практичних навичок. Професія – рід занять, певна форма трудової діяльності.","","5246","","","","10138"
"Нараховано в середньому штатному працівнику, за період часу","Місяць","Чоловіки","Україна","Вид економічної діяльності","Операції з нерухомим майном","Річна","Гривня","Одиниці","Нуль","","","1. Дані підготовлено за результатами державного статистичного спостереження ""Рівень заробітної плати працівників за статтю, віком, освітою та професійними групами"", яким охоплені юридичні особи та відокремлені підрозділи юридичних осіб із кількістю найманих працівників 10 і більше осіб. 2. Дані наведено без урахування тимчасово окупованої території Автономної Республіки Крим, м. Севастополя та частини тимчасово окупованих територій у Донецькій та Луганській областях. 3. Середньомісячна заробітна плата одного штатного працівника розраховується шляхом ділення нарахованого фонду оплати праці штатних працівників за звітний місяць (період) на середньооблікову кількість штатних працівників і на кількість місяців у періоді.","","4259","","","","9577"
"Нараховано в середньому штатному працівнику, за період часу","Місяць","Чоловіки","Україна","Рівень освіти","Докторантура або її еквівалент","Річна","Гривня","Одиниці","Нуль","","","1. Дані підготовлено за результатами державного статистичного спостереження ""Рівень заробітної плати працівників за статтю, віком, освітою та професійними групами"", яким охоплені юридичні особи та відокремлені підрозділи юридичних осіб із кількістю найманих працівників 10 і більше осіб. 2. Дані наведено без урахування тимчасово окупованої території Автономної Республіки Крим, м. Севастополя та частини тимчасово окупованих територій у Донецькій та Луганській областях. 3. Середня заробітна плата штатних працівників за одну оплачену годину  обчислюється шляхом ділення суми нарахованого фонду оплати праці штатних працівників на кількість оплачених їм людино-годин за відповідний період. Освіта – це процес і результат засвоєння людиною систематичних знань, умінь і навичок, розвиток розуму та почуттів, формування світогляду та пізнавальних інтересів.","Інформація відсутня.","","","","","18815"
"Нараховано в середньому штатному працівнику, за період часу","Місяць","Чоловіки","Україна","Професії та професійні групи","Допоміжний персонал у галузі сучасної медицини, фізіотерапії, фармації та ветеринарії (крім медичних сестер) ","Річна","Гривня","Одиниці","Нуль","","","1. Дані підготовлено за результатами державного статистичного спостереження ""Рівень заробітної плати працівників за статтю, віком, освітою та професійними групами"", яким охоплені юридичні особи та відокремлені підрозділи юридичних осіб із кількістю найманих працівників 10 і більше осіб. 2. Дані наведено без урахування тимчасово окупованої території Автономної Республіки Крим, м. Севастополя та частини тимчасово окупованих територій у Донецькій та Луганській областях. 3. Середньомісячна заробітна плата одного штатного працівника розраховується шляхом ділення нарахованого фонду оплати праці штатних працівників за звітний місяць (період) на середньооблікову кількість штатних працівників і на кількість місяців у періоді. Професія – це певний вид трудової діяльності, який потребує спеціальних теоретичних знань та практичних навичок. Професія – рід занять, певна форма трудової діяльності.","","3364","","","","9537"
"Нараховано в середньому штатному працівнику, за період часу","Місяць","Чоловіки","Україна","Професії та професійні групи","Законодавці, вищі державні службовці, керівники, менеджери (управителі)","Річна","Гривня","Одиниці","Нуль","","","1. Дані підготовлено за результатами державного статистичного спостереження ""Рівень заробітної плати працівників за статтю, віком, освітою та професійними групами"", яким охоплені юридичні особи та відокремлені підрозділи юридичних осіб із кількістю найманих працівників 10 і більше осіб. 2. Дані наведено без урахування тимчасово окупованої території Автономної Республіки Крим, м. Севастополя та частини тимчасово окупованих територій у Донецькій та Луганській областях. 3. Середньомісячна заробітна плата одного штатного працівника розраховується шляхом ділення нарахованого фонду оплати праці штатних працівників за звітний місяць (період) на середньооблікову кількість штатних працівників і на кількість місяців у періоді. Професія – це певний вид трудової діяльності, який потребує спеціальних теоретичних знань та практичних навичок. Професія – рід занять, певна форма трудової діяльності.","","8532","","","","17816"
"Нараховано в середньому штатному працівнику, за період часу","Місяць","Чоловіки","Україна","Професії та професійні групи","Вищі посадові особи  громадських і самоврядну- вальних організацій","Річна","Гривня","Одиниці","Нуль","","","1. Дані підготовлено за результатами державного статистичного спостереження ""Рівень заробітної плати працівників за статтю, віком, освітою та професійними групами"", яким охоплені юридичні особи та відокремлені підрозділи юридичних осіб із кількістю найманих працівників 10 і більше осіб. 2. Дані наведено без урахування тимчасово окупованої території Автономної Республіки Крим, м. Севастополя та частини тимчасово окупованих територій у Донецькій та Луганській областях. 3. Середньомісячна заробітна плата одного штатного працівника розраховується шляхом ділення нарахованого фонду оплати праці штатних працівників за звітний місяць (період) на середньооблікову кількість штатних працівників і на кількість місяців у періоді. Професія – це певний вид трудової діяльності, який потребує спеціальних теоретичних знань та практичних навичок. Професія – рід занять, певна форма трудової діяльності.","","7529","","","","31040"
"Нараховано в середньому штатному працівнику, за період часу","Місяць","Чоловіки","Україна","Професії та професійні групи","Професіонали в сфері архівної   справи, музеєзнавства, бібліотечної справи, інформації та кінопрограм ","Річна","Гривня","Одиниці","Нуль","","","1. Дані підготовлено за результатами державного статистичного спостереження ""Рівень заробітної плати працівників за статтю, віком, освітою та професійними групами"", яким охоплені юридичні особи та відокремлені підрозділи юридичних осіб із кількістю найманих працівників 10 і більше осіб. 2. Дані наведено без урахування тимчасово окупованої території Автономної Республіки Крим, м. Севастополя та частини тимчасово окупованих територій у Донецькій та Луганській областях. 3. Середньомісячна заробітна плата одного штатного працівника розраховується шляхом ділення нарахованого фонду оплати праці штатних працівників за звітний місяць (період) на середньооблікову кількість штатних працівників і на кількість місяців у періоді. Професія – це певний вид трудової діяльності, який потребує спеціальних теоретичних знань та практичних навичок. Професія – рід занять, певна форма трудової діяльності.","","4643","","","","19968"
"Нараховано в середньому штатному працівнику, за період часу","Місяць","Чоловіки","Україна","Вікова група","Усього","Річна","Гривня","Одиниці","Нуль","","","1. Дані підготовлено за результатами державного статистичного спостереження ""Рівень заробітної плати працівників за статтю, віком, освітою та професійними групами"", яким охоплені юридичні особи та відокремлені підрозділи юридичних осіб із кількістю найманих працівників 10 і більше осіб. 2. Дані наведено без урахування тимчасово окупованої території Автономної Республіки Крим, м. Севастополя та частини тимчасово окупованих територій у Донецькій та Луганській областях. 3. Середньомісячна заробітна плата одного штатного працівника розраховується шляхом ділення нарахованого фонду оплати праці штатних працівників за звітний місяць (період) на середньооблікову кількість штатних працівників і на кількість місяців у періоді.","","5500","","","","12035"
"Нараховано в середньому штатному працівнику, за період часу","Місяць","Чоловіки","Україна","Професії та професійні групи","Професіонали в галузі наук про життя та медичних наук","Річна","Гривня","Одиниці","Нуль","","","1. Дані підготовлено за результатами державного статистичного спостереження ""Рівень заробітної плати працівників за статтю, віком, освітою та професійними групами"", яким охоплені юридичні особи та відокремлені підрозділи юридичних осіб із кількістю найманих працівників 10 і більше осіб. 2. Дані наведено без урахування тимчасово окупованої території Автономної Республіки Крим, м. Севастополя та частини тимчасово окупованих територій у Донецькій та Луганській областях. 3. Середньомісячна заробітна плата одного штатного працівника розраховується шляхом ділення нарахованого фонду оплати праці штатних працівників за звітний місяць (період) на середньооблікову кількість штатних працівників і на кількість місяців у періоді. Професія – це певний вид трудової діяльності, який потребує спеціальних теоретичних знань та практичних навичок. Професія – рід занять, певна форма трудової діяльності.","","4688","","","","12304"
"Нараховано в середньому штатному працівнику, за період часу","Місяць","Чоловіки","Україна","Професії та професійні групи","Професіонали з безпеки та якості ","Річна","Гривня","Одиниці","Нуль","Явищ не було","","1. Дані підготовлено за результатами державного статистичного спостереження ""Рівень заробітної плати працівників за статтю, віком, освітою та професійними групами"", яким охоплені юридичні особи та відокремлені підрозділи юридичних осіб із кількістю найманих працівників 10 і більше осіб. 2. Дані наведено без урахування тимчасово окупованої території Автономної Республіки Крим, м. Севастополя та частини тимчасово окупованих територій у Донецькій та Луганській областях. 3. Середньомісячна заробітна плата одного штатного працівника розраховується шляхом ділення нарахованого фонду оплати праці штатних працівників за звітний місяць (період) на середньооблікову кількість штатних працівників і на кількість місяців у періоді. Професія – це певний вид трудової діяльності, який потребує спеціальних теоретичних знань та практичних навичок. Професія – рід занять, певна форма трудової діяльності.","","9822","","","",""
"Нараховано в середньому штатному працівнику, за період часу","Місяць","Чоловіки","Україна","Професії та професійні групи","Менеджери (управителі) в інших  видах економічної діяльності","Річна","Гривня","Одиниці","Нуль","","","1. Дані підготовлено за результатами державного статистичного спостереження ""Рівень заробітної плати працівників за статтю, віком, освітою та професійними групами"", яким охоплені юридичні особи та відокремлені підрозділи юридичних осіб із кількістю найманих працівників 10 і більше осіб. 2. Дані наведено без урахування тимчасово окупованої території Автономної Республіки Крим, м. Севастополя та частини тимчасово окупованих територій у Донецькій та Луганській областях. 3. Середньомісячна заробітна плата одного штатного працівника розраховується шляхом ділення нарахованого фонду оплати праці штатних працівників за звітний місяць (період) на середньооблікову кількість штатних працівників і на кількість місяців у періоді. Професія – це певний вид трудової діяльності, який потребує спеціальних теоретичних знань та практичних навичок. Професія – рід занять, певна форма трудової діяльності.","","19280","","","","34961"
"Нараховано в середньому штатному працівнику, за період часу","Місяць","Чоловіки","Україна","Професії та професійні групи","Керівники виробничих та інших основних підрозділів","Річна","Гривня","Одиниці","Нуль","","","1. Дані підготовлено за результатами державного статистичного спостереження ""Рівень заробітної плати працівників за статтю, віком, освітою та професійними групами"", яким охоплені юридичні особи та відокремлені підрозділи юридичних осіб із кількістю найманих працівників 10 і більше осіб. 2. Дані наведено без урахування тимчасово окупованої території Автономної Республіки Крим, м. Севастополя та частини тимчасово окупованих територій у Донецькій та Луганській областях. 3. Середньомісячна заробітна плата одного штатного працівника розраховується шляхом ділення нарахованого фонду оплати праці штатних працівників за звітний місяць (період) на середньооблікову кількість штатних працівників і на кількість місяців у періоді. Професія – це певний вид трудової діяльності, який потребує спеціальних теоретичних знань та практичних навичок. Професія – рід занять, певна форма трудової діяльності.","","8307","","","","17486"
"Нараховано в середньому штатному працівнику, за період часу","Місяць","Чоловіки","Україна","Вид економічної діяльності","Сільське господарство, лісове господарство та рибне господарство","Річна","Гривня","Одиниці","Нуль","","","1. Дані підготовлено за результатами державного статистичного спостереження ""Рівень заробітної плати працівників за статтю, віком, освітою та професійними групами"", яким охоплені юридичні особи та відокремлені підрозділи юридичних осіб із кількістю найманих працівників 10 і більше осіб. 2. Дані наведено без урахування тимчасово окупованої території Автономної Республіки Крим, м. Севастополя та частини тимчасово окупованих територій у Донецькій та Луганській областях. 3. Середньомісячна заробітна плата одного штатного працівника розраховується шляхом ділення нарахованого фонду оплати праці штатних працівників за звітний місяць (період) на середньооблікову кількість штатних працівників і на кількість місяців у періоді.","","4027","","","","9344"
"Нараховано в середньому штатному працівнику, за період часу","Місяць","Чоловіки","Україна","Вид економічної діяльності","Водопостачання; каналізація, поводження з відходами","Річна","Гривня","Одиниці","Нуль","","","1. Дані підготовлено за результатами державного статистичного спостереження ""Рівень заробітної плати працівників за статтю, віком, освітою та професійними групами"", яким охоплені юридичні особи та відокремлені підрозділи юридичних осіб із кількістю найманих працівників 10 і більше осіб. 2. Дані наведено без урахування тимчасово окупованої території Автономної Республіки Крим, м. Севастополя та частини тимчасово окупованих територій у Донецькій та Луганській областях. 3. Середньомісячна заробітна плата одного штатного працівника розраховується шляхом ділення нарахованого фонду оплати праці штатних працівників за звітний місяць (період) на середньооблікову кількість штатних працівників і на кількість місяців у періоді.","","3962","","","","9831"
"Нараховано в середньому штатному працівнику, за період часу","Місяць","Чоловіки","Україна","Професії та професійні групи","Фахівці, що керують суднами  та літальними апаратами і забезпечують судноплавство та польоти","Річна","Гривня","Одиниці","Нуль","","","1. Дані підготовлено за результатами державного статистичного спостереження ""Рівень заробітної плати працівників за статтю, віком, освітою та професійними групами"", яким охоплені юридичні особи та відокремлені підрозділи юридичних осіб із кількістю найманих працівників 10 і більше осіб. 2. Дані наведено без урахування тимчасово окупованої території Автономної Республіки Крим, м. Севастополя та частини тимчасово окупованих територій у Донецькій та Луганській областях. 3. Середньомісячна заробітна плата одного штатного працівника розраховується шляхом ділення нарахованого фонду оплати праці штатних працівників за звітний місяць (період) на середньооблікову кількість штатних працівників і на кількість місяців у періоді. Професія – це певний вид трудової діяльності, який потребує спеціальних теоретичних знань та практичних навичок. Професія – рід занять, певна форма трудової діяльності.","","28366","","","","44639"
"Нараховано в середньому штатному працівнику, за період часу","Місяць","Чоловіки","Україна","Професії та професійні групи","Менеджери (управителі) у сільському, мисливському, лісовому, рибному та водному господарствах","Річна","Гривня","Одиниці","Нуль","","","1. Дані підготовлено за результатами державного статистичного спостереження ""Рівень заробітної плати працівників за статтю, віком, освітою та професійними групами"", яким охоплені юридичні особи та відокремлені підрозділи юридичних осіб із кількістю найманих працівників 10 і більше осіб. 2. Дані наведено без урахування тимчасово окупованої території Автономної Республіки Крим, м. Севастополя та частини тимчасово окупованих територій у Донецькій та Луганській областях. 3. Середньомісячна заробітна плата одного штатного працівника розраховується шляхом ділення нарахованого фонду оплати праці штатних працівників за звітний місяць (період) на середньооблікову кількість штатних працівників і на кількість місяців у періоді. Професія – це певний вид трудової діяльності, який потребує спеціальних теоретичних знань та практичних навичок. Професія – рід занять, певна форма трудової діяльності.","","3521","","","","5482"
"Нараховано в середньому штатному працівнику, за період часу","Місяць","Чоловіки","Україна","Професії та професійні групи","Менеджери (управителі) в торгівлі, готелях та закладах ресторанного господарства","Річна","Гривня","Одиниці","Нуль","","","1. Дані підготовлено за результатами державного статистичного спостереження ""Рівень заробітної плати працівників за статтю, віком, освітою та професійними групами"", яким охоплені юридичні особи та відокремлені підрозділи юридичних осіб із кількістю найманих працівників 10 і більше осіб. 2. Дані наведено без урахування тимчасово окупованої території Автономної Республіки Крим, м. Севастополя та частини тимчасово окупованих територій у Донецькій та Луганській областях. 3. Середньомісячна заробітна плата одного штатного працівника розраховується шляхом ділення нарахованого фонду оплати праці штатних працівників за звітний місяць (період) на середньооблікову кількість штатних працівників і на кількість місяців у періоді. Професія – це певний вид трудової діяльності, який потребує спеціальних теоретичних знань та практичних навичок. Професія – рід занять, певна форма трудової діяльності.","","5531","","","","7992"
"Нараховано в середньому штатному працівнику, за період часу","Місяць","Чоловіки","Україна","Професії та професійні групи","Викладачі середніх навчальних  закладів","Річна","Гривня","Одиниці","Нуль","","","1. Дані підготовлено за результатами державного статистичного спостереження ""Рівень заробітної плати працівників за статтю, віком, освітою та професійними групами"", яким охоплені юридичні особи та відокремлені підрозділи юридичних осіб із кількістю найманих працівників 10 і більше осіб. 2. Дані наведено без урахування тимчасово окупованої території Автономної Республіки Крим, м. Севастополя та частини тимчасово окупованих територій у Донецькій та Луганській областях. 3. Середньомісячна заробітна плата одного штатного працівника розраховується шляхом ділення нарахованого фонду оплати праці штатних працівників за звітний місяць (період) на середньооблікову кількість штатних працівників і на кількість місяців у періоді. Професія – це певний вид трудової діяльності, який потребує спеціальних теоретичних знань та практичних навичок. Професія – рід занять, певна форма трудової діяльності.","","4561","","","","11884"
"Нараховано в середньому штатному працівнику, за період часу","Місяць","Чоловіки","Україна","Професії та професійні групи","Менеджери (управителі) підприємств, установ, організацій та їх підрозділів ","Річна","Гривня","Одиниці","Нуль","","","1. Дані підготовлено за результатами державного статистичного спостереження ""Рівень заробітної плати працівників за статтю, віком, освітою та професійними групами"", яким охоплені юридичні особи та відокремлені підрозділи юридичних осіб із кількістю найманих працівників 10 і більше осіб. 2. Дані наведено без урахування тимчасово окупованої території Автономної Республіки Крим, м. Севастополя та частини тимчасово окупованих територій у Донецькій та Луганській областях. 3. Середньомісячна заробітна плата одного штатного працівника розраховується шляхом ділення нарахованого фонду оплати праці штатних працівників за звітний місяць (період) на середньооблікову кількість штатних працівників і на кількість місяців у періоді. Професія – це певний вид трудової діяльності, який потребує спеціальних теоретичних знань та практичних навичок. Професія – рід занять, певна форма трудової діяльності.","","7432","","","","14351"
"Нараховано в середньому штатному працівнику, за період часу","Місяць","Чоловіки","Україна","Вид економічної діяльності","Охорона здоров'я та надання соціальної допомоги","Річна","Гривня","Одиниці","Нуль","","","1. Дані підготовлено за результатами державного статистичного спостереження ""Рівень заробітної плати працівників за статтю, віком, освітою та професійними групами"", яким охоплені юридичні особи та відокремлені підрозділи юридичних осіб із кількістю найманих працівників 10 і більше осіб. 2. Дані наведено без урахування тимчасово окупованої території Автономної Республіки Крим, м. Севастополя та частини тимчасово окупованих територій у Донецькій та Луганській областях. 3. Середньомісячна заробітна плата одного штатного працівника розраховується шляхом ділення нарахованого фонду оплати праці штатних працівників за звітний місяць (період) на середньооблікову кількість штатних працівників і на кількість місяців у періоді.","","3700","","","","9775"
"Нараховано в середньому штатному працівнику, за період часу","Місяць","Чоловіки","Україна","Професії та професійні групи","Фахівці в галузі освіти ","Річна","Гривня","Одиниці","Нуль","","","1. Дані підготовлено за результатами державного статистичного спостереження ""Рівень заробітної плати працівників за статтю, віком, освітою та професійними групами"", яким охоплені юридичні особи та відокремлені підрозділи юридичних осіб із кількістю найманих працівників 10 і більше осіб. 2. Дані наведено без урахування тимчасово окупованої території Автономної Республіки Крим, м. Севастополя та частини тимчасово окупованих територій у Донецькій та Луганській областях. 3. Середньомісячна заробітна плата одного штатного працівника розраховується шляхом ділення нарахованого фонду оплати праці штатних працівників за звітний місяць (період) на середньооблікову кількість штатних працівників і на кількість місяців у періоді. Професія – це певний вид трудової діяльності, який потребує спеціальних теоретичних знань та практичних навичок. Професія – рід занять, певна форма трудової діяльності.","","4234","","","","8828"
"Нараховано в середньому штатному працівнику, за період часу","Місяць","Чоловіки","Україна","Рівень освіти","Другий етап середньої освіти","Річна","Гривня","Одиниці","Нуль","","","1. Дані підготовлено за результатами державного статистичного спостереження ""Рівень заробітної плати працівників за статтю, віком, освітою та професійними групами"", яким охоплені юридичні особи та відокремлені підрозділи юридичних осіб із кількістю найманих працівників 10 і більше осіб. 2. Дані наведено без урахування тимчасово окупованої території Автономної Республіки Крим, м. Севастополя та частини тимчасово окупованих територій у Донецькій та Луганській областях. 3. Середня заробітна плата штатних працівників за одну оплачену годину  обчислюється шляхом ділення суми нарахованого фонду оплати праці штатних працівників на кількість оплачених їм людино-годин за відповідний період. Освіта – це процес і результат засвоєння людиною систематичних знань, умінь і навичок, розвиток розуму та почуттів, формування світогляду та пізнавальних інтересів.","","4203","","","","9336"
"Нараховано в середньому штатному працівнику, за період часу","Місяць","Чоловіки","Україна","Вікова група","35-44 років","Річна","Гривня","Одиниці","Нуль","","","1. Дані підготовлено за результатами державного статистичного спостереження ""Рівень заробітної плати працівників за статтю, віком, освітою та професійними групами"", яким охоплені юридичні особи та відокремлені підрозділи юридичних осіб із кількістю найманих працівників 10 і більше осіб. 2. Дані наведено без урахування тимчасово окупованої території Автономної Республіки Крим, м. Севастополя та частини тимчасово окупованих територій у Донецькій та Луганській областях. 3. Середньомісячна заробітна плата одного штатного працівника розраховується шляхом ділення нарахованого фонду оплати праці штатних працівників за звітний місяць (період) на середньооблікову кількість штатних працівників і на кількість місяців у періоді.","","6284","","","","13606"
"Нараховано в середньому штатному працівнику, за період часу","Місяць","Чоловіки","Україна","Вид економічної діяльності","Тимчасове розміщування й організація харчування","Річна","Гривня","Одиниці","Нуль","","","1. Дані підготовлено за результатами державного статистичного спостереження ""Рівень заробітної плати працівників за статтю, віком, освітою та професійними групами"", яким охоплені юридичні особи та відокремлені підрозділи юридичних осіб із кількістю найманих працівників 10 і більше осіб. 2. Дані наведено без урахування тимчасово окупованої території Автономної Республіки Крим, м. Севастополя та частини тимчасово окупованих територій у Донецькій та Луганській областях. 3. Середньомісячна заробітна плата одного штатного працівника розраховується шляхом ділення нарахованого фонду оплати праці штатних працівників за звітний місяць (період) на середньооблікову кількість штатних працівників і на кількість місяців у періоді.","","3028","","","","6411"
"Нараховано в середньому штатному працівнику, за період часу","Місяць","Чоловіки","Україна","Професії та професійні групи","Професіонали в галузі  обчислень (комп'ютеризації)","Річна","Гривня","Одиниці","Нуль","","","1. Дані підготовлено за результатами державного статистичного спостереження ""Рівень заробітної плати працівників за статтю, віком, освітою та професійними групами"", яким охоплені юридичні особи та відокремлені підрозділи юридичних осіб із кількістю найманих працівників 10 і більше осіб. 2. Дані наведено без урахування тимчасово окупованої території Автономної Республіки Крим, м. Севастополя та частини тимчасово окупованих територій у Донецькій та Луганській областях. 3. Середньомісячна заробітна плата одного штатного працівника розраховується шляхом ділення нарахованого фонду оплати праці штатних працівників за звітний місяць (період) на середньооблікову кількість штатних працівників і на кількість місяців у періоді. Професія – це певний вид трудової діяльності, який потребує спеціальних теоретичних знань та практичних навичок. Професія – рід занять, певна форма трудової діяльності.","","11441","","","","18555"
"Нараховано в середньому штатному працівнику, за період часу","Місяць","Чоловіки","Україна","Вид економічної діяльності","Професійна, наукова та технічна діяльність","Річна","Гривня","Одиниці","Нуль","","","1. Дані підготовлено за результатами державного статистичного спостереження ""Рівень заробітної плати працівників за статтю, віком, освітою та професійними групами"", яким охоплені юридичні особи та відокремлені підрозділи юридичних осіб із кількістю найманих працівників 10 і більше осіб. 2. Дані наведено без урахування тимчасово окупованої території Автономної Республіки Крим, м. Севастополя та частини тимчасово окупованих територій у Донецькій та Луганській областях. 3. Середньомісячна заробітна плата одного штатного працівника розраховується шляхом ділення нарахованого фонду оплати праці штатних працівників за звітний місяць (період) на середньооблікову кількість штатних працівників і на кількість місяців у періоді.","","7872","","","","17018"
"Нараховано в середньому штатному працівнику, за період часу","Місяць","Чоловіки","Україна","Професії та професійні групи","Законодавці","Річна","Гривня","Одиниці","Нуль","Явищ не було","","1. Дані підготовлено за результатами державного статистичного спостереження ""Рівень заробітної плати працівників за статтю, віком, освітою та професійними групами"", яким охоплені юридичні особи та відокремлені підрозділи юридичних осіб із кількістю найманих працівників 10 і більше осіб. 2. Дані наведено без урахування тимчасово окупованої території Автономної Республіки Крим, м. Севастополя та частини тимчасово окупованих територій у Донецькій та Луганській областях. 3. Середньомісячна заробітна плата одного штатного працівника розраховується шляхом ділення нарахованого фонду оплати праці штатних працівників за звітний місяць (період) на середньооблікову кількість штатних працівників і на кількість місяців у періоді. Професія – це певний вид трудової діяльності, який потребує спеціальних теоретичних знань та практичних навичок. Професія – рід занять, певна форма трудової діяльності.","","","","","","40322"
"Нараховано в середньому штатному працівнику, за період часу","Місяць","Чоловіки","Україна","Професії та професійні групи","Фахівці в галузі біології та агрономії  ","Річна","Гривня","Одиниці","Нуль","","","1. Дані підготовлено за результатами державного статистичного спостереження ""Рівень заробітної плати працівників за статтю, віком, освітою та професійними групами"", яким охоплені юридичні особи та відокремлені підрозділи юридичних осіб із кількістю найманих працівників 10 і більше осіб. 2. Дані наведено без урахування тимчасово окупованої території Автономної Республіки Крим, м. Севастополя та частини тимчасово окупованих територій у Донецькій та Луганській областях. 3. Середньомісячна заробітна плата одного штатного працівника розраховується шляхом ділення нарахованого фонду оплати праці штатних працівників за звітний місяць (період) на середньооблікову кількість штатних працівників і на кількість місяців у періоді. Професія – це певний вид трудової діяльності, який потребує спеціальних теоретичних знань та практичних навичок. Професія – рід занять, певна форма трудової діяльності.","","5322","","","","7135"
"Нараховано в середньому штатному працівнику, за період часу","Місяць","Чоловіки","Україна","Професії та професійні групи","Професіонали ","Річна","Гривня","Одиниці","Нуль","","","1. Дані підготовлено за результатами державного статистичного спостереження ""Рівень заробітної плати працівників за статтю, віком, освітою та професійними групами"", яким охоплені юридичні особи та відокремлені підрозділи юридичних осіб із кількістю найманих працівників 10 і більше осіб. 2. Дані наведено без урахування тимчасово окупованої території Автономної Республіки Крим, м. Севастополя та частини тимчасово окупованих територій у Донецькій та Луганській областях. 3. Середньомісячна заробітна плата одного штатного працівника розраховується шляхом ділення нарахованого фонду оплати праці штатних працівників за звітний місяць (період) на середньооблікову кількість штатних працівників і на кількість місяців у періоді. Професія – це певний вид трудової діяльності, який потребує спеціальних теоретичних знань та практичних навичок. Професія – рід занять, певна форма трудової діяльності.","","6520","","","","15472"
"Нараховано в середньому штатному працівнику, за період часу","Місяць","Чоловіки","Україна","Професії та професійні групи","Професіонали в галузі економіки, соціології, археографії, археології, географії, кримінології та палеографії","Річна","Гривня","Одиниці","Нуль","","","1. Дані підготовлено за результатами державного статистичного спостереження ""Рівень заробітної плати працівників за статтю, віком, освітою та професійними групами"", яким охоплені юридичні особи та відокремлені підрозділи юридичних осіб із кількістю найманих працівників 10 і більше осіб. 2. Дані наведено без урахування тимчасово окупованої території Автономної Республіки Крим, м. Севастополя та частини тимчасово окупованих територій у Донецькій та Луганській областях. 3. Середньомісячна заробітна плата одного штатного працівника розраховується шляхом ділення нарахованого фонду оплати праці штатних працівників за звітний місяць (період) на середньооблікову кількість штатних працівників і на кількість місяців у періоді. Професія – це певний вид трудової діяльності, який потребує спеціальних теоретичних знань та практичних навичок. Професія – рід занять, певна форма трудової діяльності.","","7599","","","","17465"
"Нараховано в середньому штатному працівнику, за період часу","Місяць","Чоловіки","Україна","Професії та професійні групи","Професіонали в галузі наук про  життя та медичних наук","Річна","Гривня","Одиниці","Нуль","","","1. Дані підготовлено за результатами державного статистичного спостереження ""Рівень заробітної плати працівників за статтю, віком, освітою та професійними групами"", яким охоплені юридичні особи та відокремлені підрозділи юридичних осіб із кількістю найманих працівників 10 і більше осіб. 2. Дані наведено без урахування тимчасово окупованої території Автономної Республіки Крим, м. Севастополя та частини тимчасово окупованих територій у Донецькій та Луганській областях. 3. Середньомісячна заробітна плата одного штатного працівника розраховується шляхом ділення нарахованого фонду оплати праці штатних працівників за звітний місяць (період) на середньооблікову кількість штатних працівників і на кількість місяців у періоді. Професія – це певний вид трудової діяльності, який потребує спеціальних теоретичних знань та практичних навичок. Професія – рід занять, певна форма трудової діяльності.","","5633","","","","13171"
"Нараховано в середньому штатному працівнику, за період часу","Місяць","Чоловіки","Україна","Професії та професійні групи","Викладачі ","Річна","Гривня","Одиниці","Нуль","","","1. Дані підготовлено за результатами державного статистичного спостереження ""Рівень заробітної плати працівників за статтю, віком, освітою та професійними групами"", яким охоплені юридичні особи та відокремлені підрозділи юридичних осіб із кількістю найманих працівників 10 і більше осіб. 2. Дані наведено без урахування тимчасово окупованої території Автономної Республіки Крим, м. Севастополя та частини тимчасово окупованих територій у Донецькій та Луганській областях. 3. Середньомісячна заробітна плата одного штатного працівника розраховується шляхом ділення нарахованого фонду оплати праці штатних працівників за звітний місяць (період) на середньооблікову кількість штатних працівників і на кількість місяців у періоді. Професія – це певний вид трудової діяльності, який потребує спеціальних теоретичних знань та практичних навичок. Професія – рід занять, певна форма трудової діяльності.","","5285","","","","12962"
"Нараховано в середньому штатному працівнику, за період часу","Місяць","Чоловіки","Україна","Професії та професійні групи","Професіонали в галузі туризму,  готельної, ресторанної та санаторно-курортної справи","Річна","Гривня","Одиниці","Нуль","","","1. Дані підготовлено за результатами державного статистичного спостереження ""Рівень заробітної плати працівників за статтю, віком, освітою та професійними групами"", яким охоплені юридичні особи та відокремлені підрозділи юридичних осіб із кількістю найманих працівників 10 і більше осіб. 2. Дані наведено без урахування тимчасово окупованої території Автономної Республіки Крим, м. Севастополя та частини тимчасово окупованих територій у Донецькій та Луганській областях. 3. Середньомісячна заробітна плата одного штатного працівника розраховується шляхом ділення нарахованого фонду оплати праці штатних працівників за звітний місяць (період) на середньооблікову кількість штатних працівників і на кількість місяців у періоді. Професія – це певний вид трудової діяльності, який потребує спеціальних теоретичних знань та практичних навичок. Професія – рід занять, певна форма трудової діяльності.","","5999","","","","20970"
"Нараховано в середньому штатному працівнику, за період часу","Місяць","Чоловіки","Україна","Вид економічної діяльності","Добувна промисловість і розроблення кар'єрів","Річна","Гривня","Одиниці","Нуль","","","1. Дані підготовлено за результатами державного статистичного спостереження ""Рівень заробітної плати працівників за статтю, віком, освітою та професійними групами"", яким охоплені юридичні особи та відокремлені підрозділи юридичних осіб із кількістю найманих працівників 10 і більше осіб. 2. Дані наведено без урахування тимчасово окупованої території Автономної Республіки Крим, м. Севастополя та частини тимчасово окупованих територій у Донецькій та Луганській областях. 3. Середньомісячна заробітна плата одного штатного працівника розраховується шляхом ділення нарахованого фонду оплати праці штатних працівників за звітний місяць (період) на середньооблікову кількість штатних працівників і на кількість місяців у періоді.","","7688","","","","17588"
"Нараховано в середньому штатному працівнику, за період часу","Місяць","Чоловіки","Україна","Професії та професійні групи","Керівники функціональних  підрозділів ","Річна","Гривня","Одиниці","Нуль","","","1. Дані підготовлено за результатами державного статистичного спостереження ""Рівень заробітної плати працівників за статтю, віком, освітою та професійними групами"", яким охоплені юридичні особи та відокремлені підрозділи юридичних осіб із кількістю найманих працівників 10 і більше осіб. 2. Дані наведено без урахування тимчасово окупованої території Автономної Республіки Крим, м. Севастополя та частини тимчасово окупованих територій у Донецькій та Луганській областях. 3. Середньомісячна заробітна плата одного штатного працівника розраховується шляхом ділення нарахованого фонду оплати праці штатних працівників за звітний місяць (період) на середньооблікову кількість штатних працівників і на кількість місяців у періоді. Професія – це певний вид трудової діяльності, який потребує спеціальних теоретичних знань та практичних навичок. Професія – рід занять, певна форма трудової діяльності.","","9796","","","","22064"
"Нараховано в середньому штатному працівнику, за період часу","Місяць","Чоловіки","Україна","Вид економічної діяльності","Будівництво","Річна","Гривня","Одиниці","Нуль","","","1. Дані підготовлено за результатами державного статистичного спостереження ""Рівень заробітної плати працівників за статтю, віком, освітою та професійними групами"", яким охоплені юридичні особи та відокремлені підрозділи юридичних осіб із кількістю найманих працівників 10 і більше осіб. 2. Дані наведено без урахування тимчасово окупованої території Автономної Республіки Крим, м. Севастополя та частини тимчасово окупованих територій у Донецькій та Луганській областях. 3. Середньомісячна заробітна плата одного штатного працівника розраховується шляхом ділення нарахованого фонду оплати праці штатних працівників за звітний місяць (період) на середньооблікову кількість штатних працівників і на кількість місяців у періоді.","","4071","","","","8810"
"Нараховано в середньому штатному працівнику, за період часу","Місяць","Чоловіки","Україна","Професії та професійні групи","Фахівці з дошкільного виховання ","Річна","Гривня","Одиниці","Нуль","Явищ не було","","1. Дані підготовлено за результатами державного статистичного спостереження ""Рівень заробітної плати працівників за статтю, віком, освітою та професійними групами"", яким охоплені юридичні особи та відокремлені підрозділи юридичних осіб із кількістю найманих працівників 10 і більше осіб. 2. Дані наведено без урахування тимчасово окупованої території Автономної Республіки Крим, м. Севастополя та частини тимчасово окупованих територій у Донецькій та Луганській областях. 3. Середньомісячна заробітна плата одного штатного працівника розраховується шляхом ділення нарахованого фонду оплати праці штатних працівників за звітний місяць (період) на середньооблікову кількість штатних працівників і на кількість місяців у періоді. Професія – це певний вид трудової діяльності, який потребує спеціальних теоретичних знань та практичних навичок. Професія – рід занять, певна форма трудової діяльності.","","3685","","","",""
"Нараховано в середньому штатному працівнику, за період часу","Місяць","Чоловіки","Україна","Рівень освіти","Магістратура або її еквівалент","Річна","Гривня","Одиниці","Нуль","","","1. Дані підготовлено за результатами державного статистичного спостереження ""Рівень заробітної плати працівників за статтю, віком, освітою та професійними групами"", яким охоплені юридичні особи та відокремлені підрозділи юридичних осіб із кількістю найманих працівників 10 і більше осіб. 2. Дані наведено без урахування тимчасово окупованої території Автономної Республіки Крим, м. Севастополя та частини тимчасово окупованих територій у Донецькій та Луганській областях. 3. Середня заробітна плата штатних працівників за одну оплачену годину  обчислюється шляхом ділення суми нарахованого фонду оплати праці штатних працівників на кількість оплачених їм людино-годин за відповідний період. Освіта – це процес і результат засвоєння людиною систематичних знань, умінь і навичок, розвиток розуму та почуттів, формування світогляду та пізнавальних інтересів.","Включаючи рівень освіти ""Докторантура або її еквівалент"".","7508","","","","17205"
"Нараховано в середньому штатному працівнику, за період часу","Місяць","Чоловіки","Україна","Професії та професійні групи","Оператори оптичного та  електронного устаткування","Річна","Гривня","Одиниці","Нуль","","","1. Дані підготовлено за результатами державного статистичного спостереження ""Рівень заробітної плати працівників за статтю, віком, освітою та професійними групами"", яким охоплені юридичні особи та відокремлені підрозділи юридичних осіб із кількістю найманих працівників 10 і більше осіб. 2. Дані наведено без урахування тимчасово окупованої території Автономної Республіки Крим, м. Севастополя та частини тимчасово окупованих територій у Донецькій та Луганській областях. 3. Середньомісячна заробітна плата одного штатного працівника розраховується шляхом ділення нарахованого фонду оплати праці штатних працівників за звітний місяць (період) на середньооблікову кількість штатних працівників і на кількість місяців у періоді. Професія – це певний вид трудової діяльності, який потребує спеціальних теоретичних знань та практичних навичок. Професія – рід занять, певна форма трудової діяльності.","","6268","","","","12037"
"Нараховано в середньому штатному працівнику, за період часу","Місяць","Чоловіки","Україна","Вікова група","55-59 років","Річна","Гривня","Одиниці","Нуль","","","1. Дані підготовлено за результатами державного статистичного спостереження ""Рівень заробітної плати працівників за статтю, віком, освітою та професійними групами"", яким охоплені юридичні особи та відокремлені підрозділи юридичних осіб із кількістю найманих працівників 10 і більше осіб. 2. Дані наведено без урахування тимчасово окупованої території Автономної Республіки Крим, м. Севастополя та частини тимчасово окупованих територій у Донецькій та Луганській областях. 3. Середньомісячна заробітна плата одного штатного працівника розраховується шляхом ділення нарахованого фонду оплати праці штатних працівників за звітний місяць (період) на середньооблікову кількість штатних працівників і на кількість місяців у періоді.","","5006","","","","10522"
"Нараховано в середньому штатному працівнику, за період часу","Місяць","Чоловіки","Україна","Професії та професійні групи","Менеджери (управителі) у фінансовій діяльності","Річна","Гривня","Одиниці","Нуль","","","1. Дані підготовлено за результатами державного статистичного спостереження ""Рівень заробітної плати працівників за статтю, віком, освітою та професійними групами"", яким охоплені юридичні особи та відокремлені підрозділи юридичних осіб із кількістю найманих працівників 10 і більше осіб. 2. Дані наведено без урахування тимчасово окупованої території Автономної Республіки Крим, м. Севастополя та частини тимчасово окупованих територій у Донецькій та Луганській областях. 3. Середньомісячна заробітна плата одного штатного працівника розраховується шляхом ділення нарахованого фонду оплати праці штатних працівників за звітний місяць (період) на середньооблікову кількість штатних працівників і на кількість місяців у періоді. Професія – це певний вид трудової діяльності, який потребує спеціальних теоретичних знань та практичних навичок. Професія – рід занять, певна форма трудової діяльності.","","11623","","","","14676"
"Нараховано в середньому штатному працівнику, за період часу","Місяць","Чоловіки","Україна","Вид економічної діяльності","Мистецтво, спорт, розваги та відпочинок","Річна","Гривня","Одиниці","Нуль","","","1. Дані підготовлено за результатами державного статистичного спостереження ""Рівень заробітної плати працівників за статтю, віком, освітою та професійними групами"", яким охоплені юридичні особи та відокремлені підрозділи юридичних осіб із кількістю найманих працівників 10 і більше осіб. 2. Дані наведено без урахування тимчасово окупованої території Автономної Республіки Крим, м. Севастополя та частини тимчасово окупованих територій у Донецькій та Луганській областях. 3. Середньомісячна заробітна плата одного штатного працівника розраховується шляхом ділення нарахованого фонду оплати праці штатних працівників за звітний місяць (період) на середньооблікову кількість штатних працівників і на кількість місяців у періоді.","","5187","","","","16906"
"Нараховано в середньому штатному працівнику, за період часу","Місяць","Чоловіки","Україна","Рівень освіти","Бакалаврат або його еквівалент","Річна","Гривня","Одиниці","Нуль","","","1. Дані підготовлено за результатами державного статистичного спостереження ""Рівень заробітної плати працівників за статтю, віком, освітою та професійними групами"", яким охоплені юридичні особи та відокремлені підрозділи юридичних осіб із кількістю найманих працівників 10 і більше осіб. 2. Дані наведено без урахування тимчасово окупованої території Автономної Республіки Крим, м. Севастополя та частини тимчасово окупованих територій у Донецькій та Луганській областях. 3. Середня заробітна плата штатних працівників за одну оплачену годину  обчислюється шляхом ділення суми нарахованого фонду оплати праці штатних працівників на кількість оплачених їм людино-годин за відповідний період. Освіта – це процес і результат засвоєння людиною систематичних знань, умінь і навичок, розвиток розуму та почуттів, формування світогляду та пізнавальних інтересів.","","5668","","","","11774"
"Нараховано в середньому штатному працівнику, за період часу","Місяць","Чоловіки","Україна","Професії та професійні групи","Вчителі початкової школи та  працівники дошкільних закладів (з дипломом про вищу освіту, що відповідає рівню спеціаліста) ","Річна","Гривня","Одиниці","Нуль","","","1. Дані підготовлено за результатами державного статистичного спостереження ""Рівень заробітної плати працівників за статтю, віком, освітою та професійними групами"", яким охоплені юридичні особи та відокремлені підрозділи юридичних осіб із кількістю найманих працівників 10 і більше осіб. 2. Дані наведено без урахування тимчасово окупованої території Автономної Республіки Крим, м. Севастополя та частини тимчасово окупованих територій у Донецькій та Луганській областях. 3. Середньомісячна заробітна плата одного штатного працівника розраховується шляхом ділення нарахованого фонду оплати праці штатних працівників за звітний місяць (період) на середньооблікову кількість штатних працівників і на кількість місяців у періоді. Професія – це певний вид трудової діяльності, який потребує спеціальних теоретичних знань та практичних навичок. Професія – рід занять, певна форма трудової діяльності.","","4320","","","","9264"
"Нараховано в середньому штатному працівнику, за період часу","Місяць","Чоловіки","Україна","Рівень освіти","Короткий цикл вищої освіти","Річна","Гривня","Одиниці","Нуль","","","1. Дані підготовлено за результатами державного статистичного спостереження ""Рівень заробітної плати працівників за статтю, віком, освітою та професійними групами"", яким охоплені юридичні особи та відокремлені підрозділи юридичних осіб із кількістю найманих працівників 10 і більше осіб. 2. Дані наведено без урахування тимчасово окупованої території Автономної Республіки Крим, м. Севастополя та частини тимчасово окупованих територій у Донецькій та Луганській областях. 3. Середня заробітна плата штатних працівників за одну оплачену годину  обчислюється шляхом ділення суми нарахованого фонду оплати праці штатних працівників на кількість оплачених їм людино-годин за відповідний період. Освіта – це процес і результат засвоєння людиною систематичних знань, умінь і навичок, розвиток розуму та почуттів, формування світогляду та пізнавальних інтересів.","","4989","","","","11173"
"Нараховано в середньому штатному працівнику, за період часу","Місяць","Чоловіки","Україна","Професії та професійні групи","Законодавці, вищі державні службовці, вищі посадові особи громадських і самоврядувальних організацій ","Річна","Гривня","Одиниці","Нуль","","","1. Дані підготовлено за результатами державного статистичного спостереження ""Рівень заробітної плати працівників за статтю, віком, освітою та професійними групами"", яким охоплені юридичні особи та відокремлені підрозділи юридичних осіб із кількістю найманих працівників 10 і більше осіб. 2. Дані наведено без урахування тимчасово окупованої території Автономної Республіки Крим, м. Севастополя та частини тимчасово окупованих територій у Донецькій та Луганській областях. 3. Середньомісячна заробітна плата одного штатного працівника розраховується шляхом ділення нарахованого фонду оплати праці штатних працівників за звітний місяць (період) на середньооблікову кількість штатних працівників і на кількість місяців у періоді. Професія – це певний вид трудової діяльності, який потребує спеціальних теоретичних знань та практичних навичок. Професія – рід занять, певна форма трудової діяльності.","","7946","","","","51295"
"Нараховано в середньому штатному працівнику, за період часу","Місяць","Чоловіки","Україна","Вид економічної діяльності","Інформація та телекомунікації","Річна","Гривня","Одиниці","Нуль","","","1. Дані підготовлено за результатами державного статистичного спостереження ""Рівень заробітної плати працівників за статтю, віком, освітою та професійними групами"", яким охоплені юридичні особи та відокремлені підрозділи юридичних осіб із кількістю найманих працівників 10 і більше осіб. 2. Дані наведено без урахування тимчасово окупованої території Автономної Республіки Крим, м. Севастополя та частини тимчасово окупованих територій у Донецькій та Луганській областях. 3. Середньомісячна заробітна плата одного штатного працівника розраховується шляхом ділення нарахованого фонду оплати праці штатних працівників за звітний місяць (період) на середньооблікову кількість штатних працівників і на кількість місяців у періоді.","","9871","","","","22866"
"Нараховано в середньому штатному працівнику, за період часу","Місяць","Чоловіки","Україна","Вид економічної діяльності","Діяльність у сфері адміністративного та допоміжного обслуговування","Річна","Гривня","Одиниці","Нуль","","","1. Дані підготовлено за результатами державного статистичного спостереження ""Рівень заробітної плати працівників за статтю, віком, освітою та професійними групами"", яким охоплені юридичні особи та відокремлені підрозділи юридичних осіб із кількістю найманих працівників 10 і більше осіб. 2. Дані наведено без урахування тимчасово окупованої території Автономної Республіки Крим, м. Севастополя та частини тимчасово окупованих територій у Донецькій та Луганській областях. 3. Середньомісячна заробітна плата одного штатного працівника розраховується шляхом ділення нарахованого фонду оплати праці штатних працівників за звітний місяць (період) на середньооблікову кількість штатних працівників і на кількість місяців у періоді.","","3747","","","","9911"
"Нараховано в середньому штатному працівнику, за період часу","Місяць","Чоловіки","Україна","Професії та професійні групи","Професіонали в галузі  архітектури та інженерної справи ","Річна","Гривня","Одиниці","Нуль","","","1. Дані підготовлено за результатами державного статистичного спостереження ""Рівень заробітної плати працівників за статтю, віком, освітою та професійними групами"", яким охоплені юридичні особи та відокремлені підрозділи юридичних осіб із кількістю найманих працівників 10 і більше осіб. 2. Дані наведено без урахування тимчасово окупованої території Автономної Республіки Крим, м. Севастополя та частини тимчасово окупованих територій у Донецькій та Луганській областях. 3. Середньомісячна заробітна плата одного штатного працівника розраховується шляхом ділення нарахованого фонду оплати праці штатних працівників за звітний місяць (період) на середньооблікову кількість штатних працівників і на кількість місяців у періоді. Професія – це певний вид трудової діяльності, який потребує спеціальних теоретичних знань та практичних навичок. Професія – рід занять, певна форма трудової діяльності.","","6716","","","","14835"
"Нараховано в середньому штатному працівнику, за період часу","Місяць","Чоловіки","Україна","Професії та професійні групи","Вищі посадові особи державних органів влади","Річна","Гривня","Одиниці","Нуль","","","1. Дані підготовлено за результатами державного статистичного спостереження ""Рівень заробітної плати працівників за статтю, віком, освітою та професійними групами"", яким охоплені юридичні особи та відокремлені підрозділи юридичних осіб із кількістю найманих працівників 10 і більше осіб. 2. Дані наведено без урахування тимчасово окупованої території Автономної Республіки Крим, м. Севастополя та частини тимчасово окупованих територій у Донецькій та Луганській областях. 3. Середньомісячна заробітна плата одного штатного працівника розраховується шляхом ділення нарахованого фонду оплати праці штатних працівників за звітний місяць (період) на середньооблікову кількість штатних працівників і на кількість місяців у періоді. Професія – це певний вид трудової діяльності, який потребує спеціальних теоретичних знань та практичних навичок. Професія – рід занять, певна форма трудової діяльності.","","11271","","","","98327"
"Нараховано в середньому штатному працівнику, за період часу","Місяць","Чоловіки","Україна","Професії та професійні групи","Керівники малих підприємств  без апарату управління","Річна","Гривня","Одиниці","Нуль","","","1. Дані підготовлено за результатами державного статистичного спостереження ""Рівень заробітної плати працівників за статтю, віком, освітою та професійними групами"", яким охоплені юридичні особи та відокремлені підрозділи юридичних осіб із кількістю найманих працівників 10 і більше осіб. 2. Дані наведено без урахування тимчасово окупованої території Автономної Республіки Крим, м. Севастополя та частини тимчасово окупованих територій у Донецькій та Луганській областях. 3. Середньомісячна заробітна плата одного штатного працівника розраховується шляхом ділення нарахованого фонду оплати праці штатних працівників за звітний місяць (період) на середньооблікову кількість штатних працівників і на кількість місяців у періоді. Професія – це певний вид трудової діяльності, який потребує спеціальних теоретичних знань та практичних навичок. Професія – рід занять, певна форма трудової діяльності.","","5805","","","","10468"
"Нараховано в середньому штатному працівнику, за період часу","Місяць","Чоловіки","Україна","Рівень освіти","Перший етап середньої освіти","Річна","Гривня","Одиниці","Нуль","","","1. Дані підготовлено за результатами державного статистичного спостереження ""Рівень заробітної плати працівників за статтю, віком, освітою та професійними групами"", яким охоплені юридичні особи та відокремлені підрозділи юридичних осіб із кількістю найманих працівників 10 і більше осіб. 2. Дані наведено без урахування тимчасово окупованої території Автономної Республіки Крим, м. Севастополя та частини тимчасово окупованих територій у Донецькій та Луганській областях. 3. Середня заробітна плата штатних працівників за одну оплачену годину  обчислюється шляхом ділення суми нарахованого фонду оплати праці штатних працівників на кількість оплачених їм людино-годин за відповідний період. Освіта – це процес і результат засвоєння людиною систематичних знань, умінь і навичок, розвиток розуму та почуттів, формування світогляду та пізнавальних інтересів.","","3997","","","","8937"
"Нараховано в середньому штатному працівнику, за період часу","Місяць","Чоловіки","Україна","Професії та професійні групи","Фахівці, що практикують в галузі нетрадиційної медицини","Річна","Гривня","Одиниці","Нуль","Явищ не було","","1. Дані підготовлено за результатами державного статистичного спостереження ""Рівень заробітної плати працівників за статтю, віком, освітою та професійними групами"", яким охоплені юридичні особи та відокремлені підрозділи юридичних осіб із кількістю найманих працівників 10 і більше осіб. 2. Дані наведено без урахування тимчасово окупованої території Автономної Республіки Крим, м. Севастополя та частини тимчасово окупованих територій у Донецькій та Луганській областях. 3. Середня заробітна плата штатних працівників за одну оплачену годину  обчислюється шляхом ділення суми нарахованого фонду оплати праці штатних працівників на кількість оплачених їм людино-годин за відповідний період. Професія – це певний вид трудової діяльності, який потребує спеціальних теоретичних знань та практичних навичок. Професія – рід занять, певна форма трудової діяльності.","","","","","",""
"Нараховано в середньому штатному працівнику, за період часу","Місяць","Чоловіки","Україна","Професії та професійні групи","Фахівці","Річна","Гривня","Одиниці","Нуль","","","1. Дані підготовлено за результатами державного статистичного спостереження ""Рівень заробітної плати працівників за статтю, віком, освітою та професійними групами"", яким охоплені юридичні особи та відокремлені підрозділи юридичних осіб із кількістю найманих працівників 10 і більше осіб. 2. Дані наведено без урахування тимчасово окупованої території Автономної Республіки Крим, м. Севастополя та частини тимчасово окупованих територій у Донецькій та Луганській областях. 3. Середньомісячна заробітна плата одного штатного працівника розраховується шляхом ділення нарахованого фонду оплати праці штатних працівників за звітний місяць (період) на середньооблікову кількість штатних працівників і на кількість місяців у періоді. Професія – це певний вид трудової діяльності, який потребує спеціальних теоретичних знань та практичних навичок. Професія – рід занять, певна форма трудової діяльності.","","5803","","","","12696"
"Нараховано в середньому штатному працівнику, за період часу","Місяць","Чоловіки","Україна","Професії та професійні групи","Працівники служб, що надають захисні послуги ","Річна","Гривня","Одиниці","Нуль","","","1. Дані підготовлено за результатами державного статистичного спостереження ""Рівень заробітної плати працівників за статтю, віком, освітою та професійними групами"", яким охоплені юридичні особи та відокремлені підрозділи юридичних осіб із кількістю найманих працівників 10 і більше осіб. 2. Дані наведено без урахування тимчасово окупованої території Автономної Республіки Крим, м. Севастополя та частини тимчасово окупованих територій у Донецькій та Луганській областях. 3. Середньомісячна заробітна плата одного штатного працівника розраховується шляхом ділення нарахованого фонду оплати праці штатних працівників за звітний місяць (період) на середньооблікову кількість штатних працівників і на кількість місяців у періоді. Професія – це певний вид трудової діяльності, який потребує спеціальних теоретичних знань та практичних навичок. Професія – рід занять, певна форма трудової діяльності.","","2995","","","","7669"
"Нараховано в середньому штатному працівнику, за період часу","Місяць","Чоловіки","Україна","Професії та професійні групи","Деревообробники та столяри- червонодеревники","Річна","Гривня","Одиниці","Нуль","","","1. Дані підготовлено за результатами державного статистичного спостереження ""Рівень заробітної плати працівників за статтю, віком, освітою та професійними групами"", яким охоплені юридичні особи та відокремлені підрозділи юридичних осіб із кількістю найманих працівників 10 і більше осіб. 2. Дані наведено без урахування тимчасово окупованої території Автономної Республіки Крим, м. Севастополя та частини тимчасово окупованих територій у Донецькій та Луганській областях. 3. Середньомісячна заробітна плата одного штатного працівника розраховується шляхом ділення нарахованого фонду оплати праці штатних працівників за звітний місяць (період) на середньооблікову кількість штатних працівників і на кількість місяців у періоді. Професія – це певний вид трудової діяльності, який потребує спеціальних теоретичних знань та практичних навичок. Професія – рід занять, певна форма трудової діяльності.","","3826","","","","8198"
"Нараховано в середньому штатному працівнику, за період часу","Місяць","Чоловіки","Україна","Професії та професійні групи","Доглядачі будинків та працівники закладів ресторанного господарства ","Річна","Гривня","Одиниці","Нуль","","","1. Дані підготовлено за результатами державного статистичного спостереження ""Рівень заробітної плати працівників за статтю, віком, освітою та професійними групами"", яким охоплені юридичні особи та відокремлені підрозділи юридичних осіб із кількістю найманих працівників 10 і більше осіб. 2. Дані наведено без урахування тимчасово окупованої території Автономної Республіки Крим, м. Севастополя та частини тимчасово окупованих територій у Донецькій та Луганській областях. 3. Середньомісячна заробітна плата одного штатного працівника розраховується шляхом ділення нарахованого фонду оплати праці штатних працівників за звітний місяць (період) на середньооблікову кількість штатних працівників і на кількість місяців у періоді. Професія – це певний вид трудової діяльності, який потребує спеціальних теоретичних знань та практичних навичок. Професія – рід занять, певна форма трудової діяльності.","","2661","","","","6161"
"Нараховано в середньому штатному працівнику, за період часу","Місяць","Чоловіки","Україна","Професії та професійні групи","Механіки та монтажники механічного устаткування ","Річна","Гривня","Одиниці","Нуль","","","1. Дані підготовлено за результатами державного статистичного спостереження ""Рівень заробітної плати працівників за статтю, віком, освітою та професійними групами"", яким охоплені юридичні особи та відокремлені підрозділи юридичних осіб із кількістю найманих працівників 10 і більше осіб. 2. Дані наведено без урахування тимчасово окупованої території Автономної Республіки Крим, м. Севастополя та частини тимчасово окупованих територій у Донецькій та Луганській областях. 3. Середньомісячна заробітна плата одного штатного працівника розраховується шляхом ділення нарахованого фонду оплати праці штатних працівників за звітний місяць (період) на середньооблікову кількість штатних працівників і на кількість місяців у періоді. Професія – це певний вид трудової діяльності, який потребує спеціальних теоретичних знань та практичних навичок. Професія – рід занять, певна форма трудової діяльності.","","4941","","","","10308"
"Нараховано в середньому штатному працівнику, за період часу","Місяць","Чоловіки","Україна","Професії та професійні групи","Інші робітники з обслуговування та складання машин ","Річна","Гривня","Одиниці","Нуль","","","1. Дані підготовлено за результатами державного статистичного спостереження ""Рівень заробітної плати працівників за статтю, віком, освітою та професійними групами"", яким охоплені юридичні особи та відокремлені підрозділи юридичних осіб із кількістю найманих працівників 10 і більше осіб. 2. Дані наведено без урахування тимчасово окупованої території Автономної Республіки Крим, м. Севастополя та частини тимчасово окупованих територій у Донецькій та Луганській областях. 3. Середньомісячна заробітна плата одного штатного працівника розраховується шляхом ділення нарахованого фонду оплати праці штатних працівників за звітний місяць (період) на середньооблікову кількість штатних працівників і на кількість місяців у періоді. Професія – це певний вид трудової діяльності, який потребує спеціальних теоретичних знань та практичних навичок. Професія – рід занять, певна форма трудової діяльності.","","5514","","","","10800"
"Нараховано в середньому штатному працівнику, за період часу","Місяць","Чоловіки","Україна","Професії та професійні групи","Службовці, що зайняті в бібліотеці, на пошті та подібними роботами ","Річна","Гривня","Одиниці","Нуль","","","1. Дані підготовлено за результатами державного статистичного спостереження ""Рівень заробітної плати працівників за статтю, віком, освітою та професійними групами"", яким охоплені юридичні особи та відокремлені підрозділи юридичних осіб із кількістю найманих працівників 10 і більше осіб. 2. Дані наведено без урахування тимчасово окупованої території Автономної Республіки Крим, м. Севастополя та частини тимчасово окупованих територій у Донецькій та Луганській областях. 3. Середньомісячна заробітна плата одного штатного працівника розраховується шляхом ділення нарахованого фонду оплати праці штатних працівників за звітний місяць (період) на середньооблікову кількість штатних працівників і на кількість місяців у періоді. Професія – це певний вид трудової діяльності, який потребує спеціальних теоретичних знань та практичних навичок. Професія – рід занять, певна форма трудової діяльності.","","2781","","","","4755"
"Нараховано в середньому штатному працівнику, за період часу","Місяць","Чоловіки","Україна","Професії та професійні групи","Інші професійні назви робіт з обслуговування та експлуатації","Річна","Гривня","Одиниці","Нуль","","","1. Дані підготовлено за результатами державного статистичного спостереження ""Рівень заробітної плати працівників за статтю, віком, освітою та професійними групами"", яким охоплені юридичні особи та відокремлені підрозділи юридичних осіб із кількістю найманих працівників 10 і більше осіб. 2. Дані наведено без урахування тимчасово окупованої території Автономної Республіки Крим, м. Севастополя та частини тимчасово окупованих територій у Донецькій та Луганській областях. 3. Середньомісячна заробітна плата одного штатного працівника розраховується шляхом ділення нарахованого фонду оплати праці штатних працівників за звітний місяць (період) на середньооблікову кількість штатних працівників і на кількість місяців у періоді. Професія – це певний вид трудової діяльності, який потребує спеціальних теоретичних знань та практичних навичок. Професія – рід занять, певна форма трудової діяльності.","","5501","","","","11722"
"Нараховано в середньому штатному працівнику, за період часу","Місяць","Чоловіки","Україна","Професії та професійні групи","Водії автотранспортних та мототранспортних засобів та інші робітники з обслуговування автотранспортної та мототранспортної техніки ","Річна","Гривня","Одиниці","Нуль","","","1. Дані підготовлено за результатами державного статистичного спостереження ""Рівень заробітної плати працівників за статтю, віком, освітою та професійними групами"", яким охоплені юридичні особи та відокремлені підрозділи юридичних осіб із кількістю найманих працівників 10 і більше осіб. 2. Дані наведено без урахування тимчасово окупованої території Автономної Республіки Крим, м. Севастополя та частини тимчасово окупованих територій у Донецькій та Луганській областях. 3. Середньомісячна заробітна плата одного штатного працівника розраховується шляхом ділення нарахованого фонду оплати праці штатних працівників за звітний місяць (період) на середньооблікову кількість штатних працівників і на кількість місяців у періоді. Професія – це певний вид трудової діяльності, який потребує спеціальних теоретичних знань та практичних навичок. Професія – рід занять, певна форма трудової діяльності.","","3895","","","","8887"
"Нараховано в середньому штатному працівнику, за період часу","Місяць","Чоловіки","Україна","Професії та професійні групи","Найпростіші професії в  сільському господарстві та подібних галузях ","Річна","Гривня","Одиниці","Нуль","","","1. Дані підготовлено за результатами державного статистичного спостереження ""Рівень заробітної плати працівників за статтю, віком, освітою та професійними групами"", яким охоплені юридичні особи та відокремлені підрозділи юридичних осіб із кількістю найманих працівників 10 і більше осіб. 2. Дані наведено без урахування тимчасово окупованої території Автономної Республіки Крим, м. Севастополя та частини тимчасово окупованих територій у Донецькій та Луганській областях. 3. Середньомісячна заробітна плата одного штатного працівника розраховується шляхом ділення нарахованого фонду оплати праці штатних працівників за звітний місяць (період) на середньооблікову кількість штатних працівників і на кількість місяців у періоді. Професія – це певний вид трудової діяльності, який потребує спеціальних теоретичних знань та практичних навичок. Професія – рід занять, певна форма трудової діяльності.","","1972","","","","5551"
"Нараховано в середньому штатному працівнику, за період часу","Місяць","Чоловіки","Україна","Професії та професійні групи","Фахівці з виробництва м'ясних продуктів","Річна","Гривня","Одиниці","Нуль","","","1. Дані підготовлено за результатами державного статистичного спостереження ""Рівень заробітної плати працівників за статтю, віком, освітою та професійними групами"", яким охоплені юридичні особи та відокремлені підрозділи юридичних осіб із кількістю найманих працівників 10 і більше осіб. 2. Дані наведено без урахування тимчасово окупованої території Автономної Республіки Крим, м. Севастополя та частини тимчасово окупованих територій у Донецькій та Луганській областях. 3. Середньомісячна заробітна плата одного штатного працівника розраховується шляхом ділення нарахованого фонду оплати праці штатних працівників за звітний місяць (період) на середньооблікову кількість штатних працівників і на кількість місяців у періоді. Професія – це певний вид трудової діяльності, який потребує спеціальних теоретичних знань та практичних навичок. Професія – рід занять, певна форма трудової діяльності.","","2396","","","","5943"
"Нараховано в середньому штатному працівнику, за період часу","Місяць","Чоловіки","Україна","Професії та професійні групи","Робітники в галузі точної  механіки, ручних ремесел та друкування","Річна","Гривня","Одиниці","Нуль","","","1. Дані підготовлено за результатами державного статистичного спостереження ""Рівень заробітної плати працівників за статтю, віком, освітою та професійними групами"", яким охоплені юридичні особи та відокремлені підрозділи юридичних осіб із кількістю найманих працівників 10 і більше осіб. 2. Дані наведено без урахування тимчасово окупованої території Автономної Республіки Крим, м. Севастополя та частини тимчасово окупованих територій у Донецькій та Луганській областях. 3. Середньомісячна заробітна плата одного штатного працівника розраховується шляхом ділення нарахованого фонду оплати праці штатних працівників за звітний місяць (період) на середньооблікову кількість штатних працівників і на кількість місяців у періоді. Професія – це певний вид трудової діяльності, який потребує спеціальних теоретичних знань та практичних навичок. Професія – рід занять, певна форма трудової діяльності.","","3937","","","","9077"
"Нараховано в середньому штатному працівнику, за період часу","Місяць","Чоловіки","Україна","Професії та професійні групи","Робітники, що обслуговують установки скляного, керамічного виробництва, та робітники на подібному устаткуванні ","Річна","Гривня","Одиниці","Нуль","","","1. Дані підготовлено за результатами державного статистичного спостереження ""Рівень заробітної плати працівників за статтю, віком, освітою та професійними групами"", яким охоплені юридичні особи та відокремлені підрозділи юридичних осіб із кількістю найманих працівників 10 і більше осіб. 2. Дані наведено без урахування тимчасово окупованої території Автономної Республіки Крим, м. Севастополя та частини тимчасово окупованих територій у Донецькій та Луганській областях. 3. Середньомісячна заробітна плата одного штатного працівника розраховується шляхом ділення нарахованого фонду оплати праці штатних працівників за звітний місяць (період) на середньооблікову кількість штатних працівників і на кількість місяців у періоді. Професія – це певний вид трудової діяльності, який потребує спеціальних теоретичних знань та практичних навичок. Професія – рід занять, певна форма трудової діяльності.","","3600","","","","9446"
"Нараховано в середньому штатному працівнику, за період часу","Місяць","Чоловіки","Україна","Професії та професійні групи","Комірники та вагарі ","Річна","Гривня","Одиниці","Нуль","","","1. Дані підготовлено за результатами державного статистичного спостереження ""Рівень заробітної плати працівників за статтю, віком, освітою та професійними групами"", яким охоплені юридичні особи та відокремлені підрозділи юридичних осіб із кількістю найманих працівників 10 і більше осіб. 2. Дані наведено без урахування тимчасово окупованої території Автономної Республіки Крим, м. Севастополя та частини тимчасово окупованих територій у Донецькій та Луганській областях. 3. Середньомісячна заробітна плата одного штатного працівника розраховується шляхом ділення нарахованого фонду оплати праці штатних працівників за звітний місяць (період) на середньооблікову кількість штатних працівників і на кількість місяців у періоді. Професія – це певний вид трудової діяльності, який потребує спеціальних теоретичних знань та практичних навичок. Професія – рід занять, певна форма трудової діяльності.","","3719","","","","7979"
"Нараховано в середньому штатному працівнику, за період часу","Місяць","Чоловіки","Україна","Професії та професійні групи","Фахівці в галузі харчової та переробної промисловості ","Річна","Гривня","Одиниці","Нуль","","","1. Дані підготовлено за результатами державного статистичного спостереження ""Рівень заробітної плати працівників за статтю, віком, освітою та професійними групами"", яким охоплені юридичні особи та відокремлені підрозділи юридичних осіб із кількістю найманих працівників 10 і більше осіб. 2. Дані наведено без урахування тимчасово окупованої території Автономної Республіки Крим, м. Севастополя та частини тимчасово окупованих територій у Донецькій та Луганській областях. 3. Середньомісячна заробітна плата одного штатного працівника розраховується шляхом ділення нарахованого фонду оплати праці штатних працівників за звітний місяць (період) на середньооблікову кількість штатних працівників і на кількість місяців у періоді. Професія – це певний вид трудової діяльності, який потребує спеціальних теоретичних знань та практичних навичок. Професія – рід занять, певна форма трудової діяльності.","","2501","","","","9376"
"Нараховано в середньому штатному працівнику, за період часу","Місяць","Чоловіки","Україна","Професії та професійні групи","Робітники, що виконують високоточні роботи в металі та подібних матеріалах ","Річна","Гривня","Одиниці","Нуль","","","1. Дані підготовлено за результатами державного статистичного спостереження ""Рівень заробітної плати працівників за статтю, віком, освітою та професійними групами"", яким охоплені юридичні особи та відокремлені підрозділи юридичних осіб із кількістю найманих працівників 10 і більше осіб. 2. Дані наведено без урахування тимчасово окупованої території Автономної Республіки Крим, м. Севастополя та частини тимчасово окупованих територій у Донецькій та Луганській областях. 3. Середньомісячна заробітна плата одного штатного працівника розраховується шляхом ділення нарахованого фонду оплати праці штатних працівників за звітний місяць (період) на середньооблікову кількість штатних працівників і на кількість місяців у періоді. Професія – це певний вид трудової діяльності, який потребує спеціальних теоретичних знань та практичних навичок. Професія – рід занять, певна форма трудової діяльності.","","4088","","","","9714"
"Нараховано в середньому штатному працівнику, за період часу","Місяць","Чоловіки","Україна","Професії та професійні групи","Продавці, що ведуть торгівлю з лотків та на ринках ","Річна","Гривня","Одиниці","Нуль","Явищ не було","","1. Дані підготовлено за результатами державного статистичного спостереження ""Рівень заробітної плати працівників за статтю, віком, освітою та професійними групами"", яким охоплені юридичні особи та відокремлені підрозділи юридичних осіб із кількістю найманих працівників 10 і більше осіб. 2. Дані наведено без урахування тимчасово окупованої території Автономної Республіки Крим, м. Севастополя та частини тимчасово окупованих територій у Донецькій та Луганській областях. 3. Середньомісячна заробітна плата одного штатного працівника розраховується шляхом ділення нарахованого фонду оплати праці штатних працівників за звітний місяць (період) на середньооблікову кількість штатних працівників і на кількість місяців у періоді. Професія – це певний вид трудової діяльності, який потребує спеціальних теоретичних знань та практичних навичок. Професія – рід занять, певна форма трудової діяльності.","","1525","","","",""
"Нараховано в середньому штатному працівнику, за період часу","Місяць","Чоловіки","Україна","Професії та професійні групи","Касири, касири в банках та білетери ","Річна","Гривня","Одиниці","Нуль","","","1. Дані підготовлено за результатами державного статистичного спостереження ""Рівень заробітної плати працівників за статтю, віком, освітою та професійними групами"", яким охоплені юридичні особи та відокремлені підрозділи юридичних осіб із кількістю найманих працівників 10 і більше осіб. 2. Дані наведено без урахування тимчасово окупованої території Автономної Республіки Крим, м. Севастополя та частини тимчасово окупованих територій у Донецькій та Луганській областях. 3. Середньомісячна заробітна плата одного штатного працівника розраховується шляхом ділення нарахованого фонду оплати праці штатних працівників за звітний місяць (період) на середньооблікову кількість штатних працівників і на кількість місяців у періоді. Професія – це певний вид трудової діяльності, який потребує спеціальних теоретичних знань та практичних навичок. Професія – рід занять, певна форма трудової діяльності.","","3796","","","","7862"
"Нараховано в середньому штатному працівнику, за період часу","Місяць","Чоловіки","Україна","Професії та професійні групи","Будівельники будівель та споруд ","Річна","Гривня","Одиниці","Нуль","","","1. Дані підготовлено за результатами державного статистичного спостереження ""Рівень заробітної плати працівників за статтю, віком, освітою та професійними групами"", яким охоплені юридичні особи та відокремлені підрозділи юридичних осіб із кількістю найманих працівників 10 і більше осіб. 2. Дані наведено без урахування тимчасово окупованої території Автономної Республіки Крим, м. Севастополя та частини тимчасово окупованих територій у Донецькій та Луганській областях. 3. Середньомісячна заробітна плата одного штатного працівника розраховується шляхом ділення нарахованого фонду оплати праці штатних працівників за звітний місяць (період) на середньооблікову кількість штатних працівників і на кількість місяців у періоді. Професія – це певний вид трудової діяльності, який потребує спеціальних теоретичних знань та практичних навичок. Професія – рід занять, певна форма трудової діяльності.","","4282","","","","8200"
"Нараховано в середньому штатному працівнику, за період часу","Місяць","Чоловіки","Україна","Професії та професійні групи","Робітники, що обслуговують автоматизовані складальні лінії ","Річна","Гривня","Одиниці","Нуль","","","1. Дані підготовлено за результатами державного статистичного спостереження ""Рівень заробітної плати працівників за статтю, віком, освітою та професійними групами"", яким охоплені юридичні особи та відокремлені підрозділи юридичних осіб із кількістю найманих працівників 10 і більше осіб. 2. Дані наведено без урахування тимчасово окупованої території Автономної Республіки Крим, м. Севастополя та частини тимчасово окупованих територій у Донецькій та Луганській областях. 3. Середньомісячна заробітна плата одного штатного працівника розраховується шляхом ділення нарахованого фонду оплати праці штатних працівників за звітний місяць (період) на середньооблікову кількість штатних працівників і на кількість місяців у періоді. Професія – це певний вид трудової діяльності, який потребує спеціальних теоретичних знань та практичних навичок. Професія – рід занять, певна форма трудової діяльності.","","4089","","","","9495"
"Нараховано в середньому штатному працівнику, за період часу","Місяць","Чоловіки","Україна","Стаж роботи","15-19 років","Річна","Гривня","Одиниці","Нуль","","","1. Дані підготовлено за результатами державного статистичного спостереження ""Рівень заробітної плати працівників за статтю, віком, освітою та професійними групами"", яким охоплені юридичні особи та відокремлені підрозділи юридичних осіб із кількістю найманих працівників 10 і більше осіб. 2. Дані наведено без урахування тимчасово окупованої території Автономної Республіки Крим, м. Севастополя та частини тимчасово окупованих територій у Донецькій та Луганській областях. 3. Середньомісячна заробітна плата одного штатного працівника розраховується шляхом ділення нарахованого фонду оплати праці штатних працівників за звітний місяць (період) на середньооблікову кількість штатних працівників і на кількість місяців у періоді.","","6803","","","","14268"
"Нараховано в середньому штатному працівнику, за період часу","Місяць","Чоловіки","Україна","Професії та професійні групи","Робітники з обслуговування  експлуатації та контролювання за роботою технологічного устаткування, складання устаткування та машин ","Річна","Гривня","Одиниці","Нуль","","","1. Дані підготовлено за результатами державного статистичного спостереження ""Рівень заробітної плати працівників за статтю, віком, освітою та професійними групами"", яким охоплені юридичні особи та відокремлені підрозділи юридичних осіб із кількістю найманих працівників 10 і більше осіб. 2. Дані наведено без урахування тимчасово окупованої території Автономної Республіки Крим, м. Севастополя та частини тимчасово окупованих територій у Донецькій та Луганській областях. 3. Середньомісячна заробітна плата одного штатного працівника розраховується шляхом ділення нарахованого фонду оплати праці штатних працівників за звітний місяць (період) на середньооблікову кількість штатних працівників і на кількість місяців у періоді. Професія – це певний вид трудової діяльності, який потребує спеціальних теоретичних знань та практичних навичок. Професія – рід занять, певна форма трудової діяльності.","","4582","","","","10198"
"Нараховано в середньому штатному працівнику, за період часу","Місяць","Чоловіки","Україна","Професії та професійні групи","Робітники, зайняті в лісовому господарстві ","Річна","Гривня","Одиниці","Нуль","","","1. Дані підготовлено за результатами державного статистичного спостереження ""Рівень заробітної плати працівників за статтю, віком, освітою та професійними групами"", яким охоплені юридичні особи та відокремлені підрозділи юридичних осіб із кількістю найманих працівників 10 і більше осіб. 2. Дані наведено без урахування тимчасово окупованої території Автономної Республіки Крим, м. Севастополя та частини тимчасово окупованих територій у Донецькій та Луганській областях. 3. Середньомісячна заробітна плата одного штатного працівника розраховується шляхом ділення нарахованого фонду оплати праці штатних працівників за звітний місяць (період) на середньооблікову кількість штатних працівників і на кількість місяців у періоді. Професія – це певний вид трудової діяльності, який потребує спеціальних теоретичних знань та практичних навичок. Професія – рід занять, певна форма трудової діяльності.","","5472","","","","9497"
"Нараховано в середньому штатному працівнику, за період часу","Місяць","Чоловіки","Україна","Професії та професійні групи","Агенти з комерційного обслуговування та торговельні брокери ","Річна","Гривня","Одиниці","Нуль","","","1. Дані підготовлено за результатами державного статистичного спостереження ""Рівень заробітної плати працівників за статтю, віком, освітою та професійними групами"", яким охоплені юридичні особи та відокремлені підрозділи юридичних осіб із кількістю найманих працівників 10 і більше осіб. 2. Дані наведено без урахування тимчасово окупованої території Автономної Республіки Крим, м. Севастополя та частини тимчасово окупованих територій у Донецькій та Луганській областях. 3. Середньомісячна заробітна плата одного штатного працівника розраховується шляхом ділення нарахованого фонду оплати праці штатних працівників за звітний місяць (період) на середньооблікову кількість штатних працівників і на кількість місяців у періоді. Професія – це певний вид трудової діяльності, який потребує спеціальних теоретичних знань та практичних навичок. Професія – рід занять, певна форма трудової діяльності.","","4070","","","","7325"
"Нараховано в середньому штатному працівнику, за період часу","Місяць","Чоловіки","Україна","Професії та професійні групи","Технічні службовці ","Річна","Гривня","Одиниці","Нуль","","","1. Дані підготовлено за результатами державного статистичного спостереження ""Рівень заробітної плати працівників за статтю, віком, освітою та професійними групами"", яким охоплені юридичні особи та відокремлені підрозділи юридичних осіб із кількістю найманих працівників 10 і більше осіб. 2. Дані наведено без урахування тимчасово окупованої території Автономної Республіки Крим, м. Севастополя та частини тимчасово окупованих територій у Донецькій та Луганській областях. 3. Середньомісячна заробітна плата одного штатного працівника розраховується шляхом ділення нарахованого фонду оплати праці штатних працівників за звітний місяць (період) на середньооблікову кількість штатних працівників і на кількість місяців у періоді. Професія – це певний вид трудової діяльності, який потребує спеціальних теоретичних знань та практичних навичок. Професія – рід занять, певна форма трудової діяльності.","","3668","","","","7780"
"Нараховано в середньому штатному працівнику, за період часу","Місяць","Чоловіки","Україна","Професії та професійні групи","Посильні, носії та швейцари ","Річна","Гривня","Одиниці","Нуль","","","1. Дані підготовлено за результатами державного статистичного спостереження ""Рівень заробітної плати працівників за статтю, віком, освітою та професійними групами"", яким охоплені юридичні особи та відокремлені підрозділи юридичних осіб із кількістю найманих працівників 10 і більше осіб. 2. Дані наведено без урахування тимчасово окупованої території Автономної Республіки Крим, м. Севастополя та частини тимчасово окупованих територій у Донецькій та Луганській областях. 3. Середньомісячна заробітна плата одного штатного працівника розраховується шляхом ділення нарахованого фонду оплати праці штатних працівників за звітний місяць (період) на середньооблікову кількість штатних працівників і на кількість місяців у періоді. Професія – це певний вид трудової діяльності, який потребує спеціальних теоретичних знань та практичних навичок. Професія – рід занять, певна форма трудової діяльності.","","2284","","","","5644"
"Нараховано в середньому штатному працівнику, за період часу","Місяць","Чоловіки","Україна","Професії та професійні групи","Робітники, що обслуговують устаткування з виробництва продукції з деревини ","Річна","Гривня","Одиниці","Нуль","","","1. Дані підготовлено за результатами державного статистичного спостереження ""Рівень заробітної плати працівників за статтю, віком, освітою та професійними групами"", яким охоплені юридичні особи та відокремлені підрозділи юридичних осіб із кількістю найманих працівників 10 і більше осіб. 2. Дані наведено без урахування тимчасово окупованої території Автономної Республіки Крим, м. Севастополя та частини тимчасово окупованих територій у Донецькій та Луганській областях. 3. Середньомісячна заробітна плата одного штатного працівника розраховується шляхом ділення нарахованого фонду оплати праці штатних працівників за звітний місяць (період) на середньооблікову кількість штатних працівників і на кількість місяців у періоді. Професія – це певний вид трудової діяльності, який потребує спеціальних теоретичних знань та практичних навичок. Професія – рід занять, певна форма трудової діяльності.","","3625","","","","9298"
"Нараховано в середньому штатному працівнику, за період часу","Місяць","Чоловіки","Україна","Професії та професійні групи","Працівники з надання послуг у сфері мистецтва ","Річна","Гривня","Одиниці","Нуль","","","1. Дані підготовлено за результатами державного статистичного спостереження ""Рівень заробітної плати працівників за статтю, віком, освітою та професійними групами"", яким охоплені юридичні особи та відокремлені підрозділи юридичних осіб із кількістю найманих працівників 10 і більше осіб. 2. Дані наведено без урахування тимчасово окупованої території Автономної Республіки Крим, м. Севастополя та частини тимчасово окупованих територій у Донецькій та Луганській областях. 3. Середньомісячна заробітна плата одного штатного працівника розраховується шляхом ділення нарахованого фонду оплати праці штатних працівників за звітний місяць (період) на середньооблікову кількість штатних працівників і на кількість місяців у періоді. Професія – це певний вид трудової діяльності, який потребує спеціальних теоретичних знань та практичних навичок. Професія – рід занять, певна форма трудової діяльності.","","2596","","","","8498"
"Нараховано в середньому штатному працівнику, за період часу","Місяць","Чоловіки","Україна","Професії та професійні групи","Кваліфіковані сільськогосподарські робітники та рибалки","Річна","Гривня","Одиниці","Нуль","","","1. Дані підготовлено за результатами державного статистичного спостереження ""Рівень заробітної плати працівників за статтю, віком, освітою та професійними групами"", яким охоплені юридичні особи та відокремлені підрозділи юридичних осіб із кількістю найманих працівників 10 і більше осіб. 2. Дані наведено без урахування тимчасово окупованої території Автономної Республіки Крим, м. Севастополя та частини тимчасово окупованих територій у Донецькій та Луганській областях. 3. Середньомісячна заробітна плата одного штатного працівника розраховується шляхом ділення нарахованого фонду оплати праці штатних працівників за звітний місяць (період) на середньооблікову кількість штатних працівників і на кількість місяців у періоді. Професія – це певний вид трудової діяльності, який потребує спеціальних теоретичних знань та практичних навичок. Професія – рід занять, певна форма трудової діяльності.","","3446","","","","7965"
"Нараховано в середньому штатному працівнику, за період часу","Місяць","Чоловіки","Україна","Професії та професійні групи","Соціальні працівники ","Річна","Гривня","Одиниці","Нуль","Явищ не було","","1. Дані підготовлено за результатами державного статистичного спостереження ""Рівень заробітної плати працівників за статтю, віком, освітою та професійними групами"", яким охоплені юридичні особи та відокремлені підрозділи юридичних осіб із кількістю найманих працівників 10 і більше осіб. 2. Дані наведено без урахування тимчасово окупованої території Автономної Республіки Крим, м. Севастополя та частини тимчасово окупованих територій у Донецькій та Луганській областях. 3. Середньомісячна заробітна плата одного штатного працівника розраховується шляхом ділення нарахованого фонду оплати праці штатних працівників за звітний місяць (період) на середньооблікову кількість штатних працівників і на кількість місяців у періоді. Професія – це певний вид трудової діяльності, який потребує спеціальних теоретичних знань та практичних навичок. Професія – рід занять, певна форма трудової діяльності.","","1883","","","",""
"Нараховано в середньому штатному працівнику, за період часу","Місяць","Чоловіки","Україна","Професії та професійні групи","Ковалі ручного кування та інструментальники ","Річна","Гривня","Одиниці","Нуль","","","1. Дані підготовлено за результатами державного статистичного спостереження ""Рівень заробітної плати працівників за статтю, віком, освітою та професійними групами"", яким охоплені юридичні особи та відокремлені підрозділи юридичних осіб із кількістю найманих працівників 10 і більше осіб. 2. Дані наведено без урахування тимчасово окупованої території Автономної Республіки Крим, м. Севастополя та частини тимчасово окупованих територій у Донецькій та Луганській областях. 3. Середньомісячна заробітна плата одного штатного працівника розраховується шляхом ділення нарахованого фонду оплати праці штатних працівників за звітний місяць (період) на середньооблікову кількість штатних працівників і на кількість місяців у періоді. Професія – це певний вид трудової діяльності, який потребує спеціальних теоретичних знань та практичних навичок. Професія – рід занять, певна форма трудової діяльності.","","4939","","","","11170"
"Нараховано в середньому штатному працівнику, за період часу","Місяць","Чоловіки","Україна","Професії та професійні групи","Астрологи та ворожки","Річна","Гривня","Одиниці","Нуль","Явищ не було","","1. Дані підготовлено за результатами державного статистичного спостереження ""Рівень заробітної плати працівників за статтю, віком, освітою та професійними групами"", яким охоплені юридичні особи та відокремлені підрозділи юридичних осіб із кількістю найманих працівників 10 і більше осіб. 2. Дані наведено без урахування тимчасово окупованої території Автономної Республіки Крим, м. Севастополя та частини тимчасово окупованих територій у Донецькій та Луганській областях. 3. Середня заробітна плата штатних працівників за одну оплачену годину  обчислюється шляхом ділення суми нарахованого фонду оплати праці штатних працівників на кількість оплачених їм людино-годин за відповідний період. Професія – це певний вид трудової діяльності, який потребує спеціальних теоретичних знань та практичних навичок. Професія – рід занять, певна форма трудової діяльності.","","","","","",""
"Нараховано в середньому штатному працівнику, за період часу","Місяць","Чоловіки","Україна","Професії та професійні групи","Найпростіші професії у видобувних галузях та будівництві ","Річна","Гривня","Одиниці","Нуль","","","1. Дані підготовлено за результатами державного статистичного спостереження ""Рівень заробітної плати працівників за статтю, віком, освітою та професійними групами"", яким охоплені юридичні особи та відокремлені підрозділи юридичних осіб із кількістю найманих працівників 10 і більше осіб. 2. Дані наведено без урахування тимчасово окупованої території Автономної Республіки Крим, м. Севастополя та частини тимчасово окупованих територій у Донецькій та Луганській областях. 3. Середньомісячна заробітна плата одного штатного працівника розраховується шляхом ділення нарахованого фонду оплати праці штатних працівників за звітний місяць (період) на середньооблікову кількість штатних працівників і на кількість місяців у періоді. Професія – це певний вид трудової діяльності, який потребує спеціальних теоретичних знань та практичних навичок. Професія – рід занять, певна форма трудової діяльності.","","4555","","","","11547"
"Нараховано в середньому штатному працівнику, за період часу","Місяць","Чоловіки","Україна","Професії та професійні групи","Робітники з приготування харчових продуктів ","Річна","Гривня","Одиниці","Нуль","","","1. Дані підготовлено за результатами державного статистичного спостереження ""Рівень заробітної плати працівників за статтю, віком, освітою та професійними групами"", яким охоплені юридичні особи та відокремлені підрозділи юридичних осіб із кількістю найманих працівників 10 і більше осіб. 2. Дані наведено без урахування тимчасово окупованої території Автономної Республіки Крим, м. Севастополя та частини тимчасово окупованих територій у Донецькій та Луганській областях. 3. Середньомісячна заробітна плата одного штатного працівника розраховується шляхом ділення нарахованого фонду оплати праці штатних працівників за звітний місяць (період) на середньооблікову кількість штатних працівників і на кількість місяців у періоді. Професія – це певний вид трудової діяльності, який потребує спеціальних теоретичних знань та практичних навичок. Професія – рід занять, певна форма трудової діяльності.","","3578","","","","9209"
"Нараховано в середньому штатному працівнику, за період часу","Місяць","Чоловіки","Україна","Професії та професійні групи","Працівники, що надають   послуги в дорозі ","Річна","Гривня","Одиниці","Нуль","","","1. Дані підготовлено за результатами державного статистичного спостереження ""Рівень заробітної плати працівників за статтю, віком, освітою та професійними групами"", яким охоплені юридичні особи та відокремлені підрозділи юридичних осіб із кількістю найманих працівників 10 і більше осіб. 2. Дані наведено без урахування тимчасово окупованої території Автономної Республіки Крим, м. Севастополя та частини тимчасово окупованих територій у Донецькій та Луганській областях. 3. Середньомісячна заробітна плата одного штатного працівника розраховується шляхом ділення нарахованого фонду оплати праці штатних працівників за звітний місяць (період) на середньооблікову кількість штатних працівників і на кількість місяців у періоді. Професія – це певний вид трудової діяльності, який потребує спеціальних теоретичних знань та практичних навичок. Професія – рід занять, певна форма трудової діяльності.","","5673","","","","14148"
"Нараховано в середньому штатному працівнику, за період часу","Місяць","Чоловіки","Україна","Професії та професійні групи","Найпростіші професії з чищення взуття та інших вуличних послуг","Річна","Гривня","Одиниці","Нуль","Явищ не було","","1. Дані підготовлено за результатами державного статистичного спостереження ""Рівень заробітної плати працівників за статтю, віком, освітою та професійними групами"", яким охоплені юридичні особи та відокремлені підрозділи юридичних осіб із кількістю найманих працівників 10 і більше осіб. 2. Дані наведено без урахування тимчасово окупованої території Автономної Республіки Крим, м. Севастополя та частини тимчасово окупованих територій у Донецькій та Луганській областях. 3. Середньомісячна заробітна плата одного штатного працівника розраховується шляхом ділення нарахованого фонду оплати праці штатних працівників за звітний місяць (період) на середньооблікову кількість штатних працівників і на кількість місяців у періоді. Професія – це певний вид трудової діяльності, який потребує спеціальних теоретичних знань та практичних навичок. Професія – рід занять, певна форма трудової діяльності.","","1730","","","",""
"Нараховано в середньому штатному працівнику, за період часу","Місяць","Чоловіки","Україна","Професії та професійні групи","Робітники, що обслуговують машини з виробництва текстильних, хутряних та шкіряних виробів ","Річна","Гривня","Одиниці","Нуль","","","1. Дані підготовлено за результатами державного статистичного спостереження ""Рівень заробітної плати працівників за статтю, віком, освітою та професійними групами"", яким охоплені юридичні особи та відокремлені підрозділи юридичних осіб із кількістю найманих працівників 10 і більше осіб. 2. Дані наведено без урахування тимчасово окупованої території Автономної Республіки Крим, м. Севастополя та частини тимчасово окупованих територій у Донецькій та Луганській областях. 3. Середньомісячна заробітна плата одного штатного працівника розраховується шляхом ділення нарахованого фонду оплати праці штатних працівників за звітний місяць (період) на середньооблікову кількість штатних працівників і на кількість місяців у періоді. Професія – це певний вид трудової діяльності, який потребує спеціальних теоретичних знань та практичних навичок. Професія – рід занять, певна форма трудової діяльності.","","3825","","","","7149"
"Нараховано в середньому штатному працівнику, за період часу","Місяць","Чоловіки","Україна","Професії та професійні групи","Службовці, що займаються реєстрацією матеріальних цінностей та транспортуванням ","Річна","Гривня","Одиниці","Нуль","","","1. Дані підготовлено за результатами державного статистичного спостереження ""Рівень заробітної плати працівників за статтю, віком, освітою та професійними групами"", яким охоплені юридичні особи та відокремлені підрозділи юридичних осіб із кількістю найманих працівників 10 і більше осіб. 2. Дані наведено без урахування тимчасово окупованої території Автономної Республіки Крим, м. Севастополя та частини тимчасово окупованих територій у Донецькій та Луганській областях. 3. Середньомісячна заробітна плата одного штатного працівника розраховується шляхом ділення нарахованого фонду оплати праці штатних працівників за звітний місяць (період) на середньооблікову кількість штатних працівників і на кількість місяців у періоді. Професія – це певний вид трудової діяльності, який потребує спеціальних теоретичних знань та практичних навичок. Професія – рід занять, певна форма трудової діяльності.","","4383","","","","8034"
"Нараховано в середньому штатному працівнику, за період часу","Місяць","Чоловіки","Україна","Професії та професійні групи","Фахівці з виробництва молочних продуктів","Річна","Гривня","Одиниці","Нуль","Явищ не було","","1. Дані підготовлено за результатами державного статистичного спостереження ""Рівень заробітної плати працівників за статтю, віком, освітою та професійними групами"", яким охоплені юридичні особи та відокремлені підрозділи юридичних осіб із кількістю найманих працівників 10 і більше осіб. 2. Дані наведено без урахування тимчасово окупованої території Автономної Республіки Крим, м. Севастополя та частини тимчасово окупованих територій у Донецькій та Луганській областях. 3. Середньомісячна заробітна плата одного штатного працівника розраховується шляхом ділення нарахованого фонду оплати праці штатних працівників за звітний місяць (період) на середньооблікову кількість штатних працівників і на кількість місяців у періоді. Професія – це певний вид трудової діяльності, який потребує спеціальних теоретичних знань та практичних навичок. Професія – рід занять, певна форма трудової діяльності.","","","","","",""
"Нараховано в середньому штатному працівнику, за період часу","Місяць","Чоловіки","Україна","Професії та професійні групи","Найпростіші професії у  видобувних галузях, будівництві, промисловості та на транспорті ","Річна","Гривня","Одиниці","Нуль","","","1. Дані підготовлено за результатами державного статистичного спостереження ""Рівень заробітної плати працівників за статтю, віком, освітою та професійними групами"", яким охоплені юридичні особи та відокремлені підрозділи юридичних осіб із кількістю найманих працівників 10 і більше осіб. 2. Дані наведено без урахування тимчасово окупованої території Автономної Республіки Крим, м. Севастополя та частини тимчасово окупованих територій у Донецькій та Луганській областях. 3. Середньомісячна заробітна плата одного штатного працівника розраховується шляхом ділення нарахованого фонду оплати праці штатних працівників за звітний місяць (період) на середньооблікову кількість штатних працівників і на кількість місяців у періоді. Професія – це певний вид трудової діяльності, який потребує спеціальних теоретичних знань та практичних навичок. Професія – рід занять, певна форма трудової діяльності.","","3213","","","","6930"
"Нараховано в середньому штатному працівнику, за період часу","Місяць","Чоловіки","Україна","Професії та професійні групи","Робітники, що обслуговують сільськогосподарські та інші пересувні установки ","Річна","Гривня","Одиниці","Нуль","","","1. Дані підготовлено за результатами державного статистичного спостереження ""Рівень заробітної плати працівників за статтю, віком, освітою та професійними групами"", яким охоплені юридичні особи та відокремлені підрозділи юридичних осіб із кількістю найманих працівників 10 і більше осіб. 2. Дані наведено без урахування тимчасово окупованої території Автономної Республіки Крим, м. Севастополя та частини тимчасово окупованих територій у Донецькій та Луганській областях. 3. Середньомісячна заробітна плата одного штатного працівника розраховується шляхом ділення нарахованого фонду оплати праці штатних працівників за звітний місяць (період) на середньооблікову кількість штатних працівників і на кількість місяців у періоді. Професія – це певний вид трудової діяльності, який потребує спеціальних теоретичних знань та практичних навичок. Професія – рід занять, певна форма трудової діяльності.","","4790","","","","10949"
"Нараховано в середньому штатному працівнику, за період часу","Місяць","Чоловіки","Україна","Професії та професійні групи","Робітники, що обслуговують деревообробні та папероробні установки","Річна","Гривня","Одиниці","Нуль","","","1. Дані підготовлено за результатами державного статистичного спостереження ""Рівень заробітної плати працівників за статтю, віком, освітою та професійними групами"", яким охоплені юридичні особи та відокремлені підрозділи юридичних осіб із кількістю найманих працівників 10 і більше осіб. 2. Дані наведено без урахування тимчасово окупованої території Автономної Республіки Крим, м. Севастополя та частини тимчасово окупованих територій у Донецькій та Луганській областях. 3. Середньомісячна заробітна плата одного штатного працівника розраховується шляхом ділення нарахованого фонду оплати праці штатних працівників за звітний місяць (період) на середньооблікову кількість штатних працівників і на кількість місяців у періоді. Професія – це певний вид трудової діяльності, який потребує спеціальних теоретичних знань та практичних навичок. Професія – рід занять, певна форма трудової діяльності.","","4207","","","","9037"
"Нараховано в середньому штатному працівнику, за період часу","Місяць","Чоловіки","Україна","Професії та професійні групи","Інші кваліфіковані робітники з  інструментом","Річна","Гривня","Одиниці","Нуль","","","1. Дані підготовлено за результатами державного статистичного спостереження ""Рівень заробітної плати працівників за статтю, віком, освітою та професійними групами"", яким охоплені юридичні особи та відокремлені підрозділи юридичних осіб із кількістю найманих працівників 10 і більше осіб. 2. Дані наведено без урахування тимчасово окупованої території Автономної Республіки Крим, м. Севастополя та частини тимчасово окупованих територій у Донецькій та Луганській областях. 3. Середньомісячна заробітна плата одного штатного працівника розраховується шляхом ділення нарахованого фонду оплати праці штатних працівників за звітний місяць (період) на середньооблікову кількість штатних працівників і на кількість місяців у періоді. Професія – це певний вид трудової діяльності, який потребує спеціальних теоретичних знань та практичних навичок. Професія – рід занять, певна форма трудової діяльності.","","3870","","","","8512"
"Нараховано в середньому штатному працівнику, за період часу","Місяць","Чоловіки","Україна","Професії та професійні групи","Працівники, що надають персональні та захисні послуги","Річна","Гривня","Одиниці","Нуль","","","1. Дані підготовлено за результатами державного статистичного спостереження ""Рівень заробітної плати працівників за статтю, віком, освітою та професійними групами"", яким охоплені юридичні особи та відокремлені підрозділи юридичних осіб із кількістю найманих працівників 10 і більше осіб. 2. Дані наведено без урахування тимчасово окупованої території Автономної Республіки Крим, м. Севастополя та частини тимчасово окупованих територій у Донецькій та Луганській областях. 3. Середньомісячна заробітна плата одного штатного працівника розраховується шляхом ділення нарахованого фонду оплати праці штатних працівників за звітний місяць (період) на середньооблікову кількість штатних працівників і на кількість місяців у періоді. Професія – це певний вид трудової діяльності, який потребує спеціальних теоретичних знань та практичних навичок. Професія – рід занять, певна форма трудової діяльності.","","3087","","","","7520"
"Нараховано в середньому штатному працівнику, за період часу","Місяць","Чоловіки","Україна","Стаж роботи","2-4 років","Річна","Гривня","Одиниці","Нуль","","","1. Дані підготовлено за результатами державного статистичного спостереження ""Рівень заробітної плати працівників за статтю, віком, освітою та професійними групами"", яким охоплені юридичні особи та відокремлені підрозділи юридичних осіб із кількістю найманих працівників 10 і більше осіб. 2. Дані наведено без урахування тимчасово окупованої території Автономної Республіки Крим, м. Севастополя та частини тимчасово окупованих територій у Донецькій та Луганській областях. 3. Середньомісячна заробітна плата одного штатного працівника розраховується шляхом ділення нарахованого фонду оплати праці штатних працівників за звітний місяць (період) на середньооблікову кількість штатних працівників і на кількість місяців у періоді.","","5431","","","","11832"
"Нараховано в середньому штатному працівнику, за період часу","Місяць","Чоловіки","Україна","Професії та професійні групи","Інші фахівці в галузі освіти ","Річна","Гривня","Одиниці","Нуль","","","1. Дані підготовлено за результатами державного статистичного спостереження ""Рівень заробітної плати працівників за статтю, віком, освітою та професійними групами"", яким охоплені юридичні особи та відокремлені підрозділи юридичних осіб із кількістю найманих працівників 10 і більше осіб. 2. Дані наведено без урахування тимчасово окупованої території Автономної Республіки Крим, м. Севастополя та частини тимчасово окупованих територій у Донецькій та Луганській областях. 3. Середньомісячна заробітна плата одного штатного працівника розраховується шляхом ділення нарахованого фонду оплати праці штатних працівників за звітний місяць (період) на середньооблікову кількість штатних працівників і на кількість місяців у періоді. Професія – це певний вид трудової діяльності, який потребує спеціальних теоретичних знань та практичних навичок. Професія – рід занять, певна форма трудової діяльності.","","4196","","","","8937"
"Нараховано в середньому штатному працівнику, за період часу","Місяць","Чоловіки","Україна","Професії та професійні групи","Фахівці з технології харчування ","Річна","Гривня","Одиниці","Нуль","","","1. Дані підготовлено за результатами державного статистичного спостереження ""Рівень заробітної плати працівників за статтю, віком, освітою та професійними групами"", яким охоплені юридичні особи та відокремлені підрозділи юридичних осіб із кількістю найманих працівників 10 і більше осіб. 2. Дані наведено без урахування тимчасово окупованої території Автономної Республіки Крим, м. Севастополя та частини тимчасово окупованих територій у Донецькій та Луганській областях. 3. Середньомісячна заробітна плата одного штатного працівника розраховується шляхом ділення нарахованого фонду оплати праці штатних працівників за звітний місяць (період) на середньооблікову кількість штатних працівників і на кількість місяців у періоді. Професія – це певний вид трудової діяльності, який потребує спеціальних теоретичних знань та практичних навичок. Професія – рід занять, певна форма трудової діяльності.","","3568","","","","15686"
"Нараховано в середньому штатному працівнику, за період часу","Місяць","Чоловіки","Україна","Професії та професійні групи","Друкарі та робітники подібних професій","Річна","Гривня","Одиниці","Нуль","","","1. Дані підготовлено за результатами державного статистичного спостереження ""Рівень заробітної плати працівників за статтю, віком, освітою та професійними групами"", яким охоплені юридичні особи та відокремлені підрозділи юридичних осіб із кількістю найманих працівників 10 і більше осіб. 2. Дані наведено без урахування тимчасово окупованої території Автономної Республіки Крим, м. Севастополя та частини тимчасово окупованих територій у Донецькій та Луганській областях. 3. Середньомісячна заробітна плата одного штатного працівника розраховується шляхом ділення нарахованого фонду оплати праці штатних працівників за звітний місяць (період) на середньооблікову кількість штатних працівників і на кількість місяців у періоді. Професія – це певний вид трудової діяльності, який потребує спеціальних теоретичних знань та практичних навичок. Професія – рід занять, певна форма трудової діяльності.","","3340","","","","6240"
"Нараховано в середньому штатному працівнику, за період часу","Місяць","Чоловіки","Україна","Професії та професійні групи","Гірники, вибуховики, різальники каменю та каменотеси ","Річна","Гривня","Одиниці","Нуль","","","1. Дані підготовлено за результатами державного статистичного спостереження ""Рівень заробітної плати працівників за статтю, віком, освітою та професійними групами"", яким охоплені юридичні особи та відокремлені підрозділи юридичних осіб із кількістю найманих працівників 10 і більше осіб. 2. Дані наведено без урахування тимчасово окупованої території Автономної Республіки Крим, м. Севастополя та частини тимчасово окупованих територій у Донецькій та Луганській областях. 3. Середньомісячна заробітна плата одного штатного працівника розраховується шляхом ділення нарахованого фонду оплати праці штатних працівників за звітний місяць (період) на середньооблікову кількість штатних працівників і на кількість місяців у періоді. Професія – це певний вид трудової діяльності, який потребує спеціальних теоретичних знань та практичних навичок. Професія – рід занять, певна форма трудової діяльності.","","8300","","","","20078"
"Нараховано в середньому штатному працівнику, за період часу","Місяць","Чоловіки","Україна","Професії та професійні групи","Інші професійні назви робіт кваліфікованих робітників з інструментом","Річна","Гривня","Одиниці","Нуль","","","1. Дані підготовлено за результатами державного статистичного спостереження ""Рівень заробітної плати працівників за статтю, віком, освітою та професійними групами"", яким охоплені юридичні особи та відокремлені підрозділи юридичних осіб із кількістю найманих працівників 10 і більше осіб. 2. Дані наведено без урахування тимчасово окупованої території Автономної Республіки Крим, м. Севастополя та частини тимчасово окупованих територій у Донецькій та Луганській областях. 3. Середня заробітна плата штатних працівників за одну оплачену годину  обчислюється шляхом ділення суми нарахованого фонду оплати праці штатних працівників на кількість оплачених їм людино-годин за відповідний період. Професія – це певний вид трудової діяльності, який потребує спеціальних теоретичних знань та практичних навичок. Професія – рід занять, певна форма трудової діяльності. 4. За 2016 рік дані наведено за класом ""Бригадир на дільницях основного виробництва (інші кваліфіковані роботи)"" відповідно Класифікатора професій ДК 003:2005.","","3924","","","","11952"
"Нараховано в середньому штатному працівнику, за період часу","Місяць","Чоловіки","Україна","Професії та професійні групи","Продавці в магазинах ","Річна","Гривня","Одиниці","Нуль","","","1. Дані підготовлено за результатами державного статистичного спостереження ""Рівень заробітної плати працівників за статтю, віком, освітою та професійними групами"", яким охоплені юридичні особи та відокремлені підрозділи юридичних осіб із кількістю найманих працівників 10 і більше осіб. 2. Дані наведено без урахування тимчасово окупованої території Автономної Республіки Крим, м. Севастополя та частини тимчасово окупованих територій у Донецькій та Луганській областях. 3. Середньомісячна заробітна плата одного штатного працівника розраховується шляхом ділення нарахованого фонду оплати праці штатних працівників за звітний місяць (період) на середньооблікову кількість штатних працівників і на кількість місяців у періоді. Професія – це певний вид трудової діяльності, який потребує спеціальних теоретичних знань та практичних навичок. Професія – рід занять, певна форма трудової діяльності.","","4620","","","","9279"
"Нараховано в середньому штатному працівнику, за період часу","Місяць","Чоловіки","Україна","Професії та професійні групи","Фахівці в галузі фінансів та торгівлі  ","Річна","Гривня","Одиниці","Нуль","","","1. Дані підготовлено за результатами державного статистичного спостереження ""Рівень заробітної плати працівників за статтю, віком, освітою та професійними групами"", яким охоплені юридичні особи та відокремлені підрозділи юридичних осіб із кількістю найманих працівників 10 і більше осіб. 2. Дані наведено без урахування тимчасово окупованої території Автономної Республіки Крим, м. Севастополя та частини тимчасово окупованих територій у Донецькій та Луганській областях. 3. Середньомісячна заробітна плата одного штатного працівника розраховується шляхом ділення нарахованого фонду оплати праці штатних працівників за звітний місяць (період) на середньооблікову кількість штатних працівників і на кількість місяців у періоді. Професія – це певний вид трудової діяльності, який потребує спеціальних теоретичних знань та практичних навичок. Професія – рід занять, певна форма трудової діяльності.","","5135","","","","9310"
"Нараховано в середньому штатному працівнику, за період часу","Місяць","Чоловіки","Україна","Професії та професійні групи","Найпростіші професії  ","Річна","Гривня","Одиниці","Нуль","","","1. Дані підготовлено за результатами державного статистичного спостереження ""Рівень заробітної плати працівників за статтю, віком, освітою та професійними групами"", яким охоплені юридичні особи та відокремлені підрозділи юридичних осіб із кількістю найманих працівників 10 і більше осіб. 2. Дані наведено без урахування тимчасово окупованої території Автономної Республіки Крим, м. Севастополя та частини тимчасово окупованих територій у Донецькій та Луганській областях. 3. Середньомісячна заробітна плата одного штатного працівника розраховується шляхом ділення нарахованого фонду оплати праці штатних працівників за звітний місяць (період) на середньооблікову кількість штатних працівників і на кількість місяців у періоді. Професія – це певний вид трудової діяльності, який потребує спеціальних теоретичних знань та практичних навичок. Професія – рід занять, певна форма трудової діяльності.","","2737","","","","6547"
"Нараховано в середньому штатному працівнику, за період часу","Місяць","Чоловіки","Україна","Професії та професійні групи","Робітники сільського господарства, що займаються як землеробством, так і тваринництвом ","Річна","Гривня","Одиниці","Нуль","","","1. Дані підготовлено за результатами державного статистичного спостереження ""Рівень заробітної плати працівників за статтю, віком, освітою та професійними групами"", яким охоплені юридичні особи та відокремлені підрозділи юридичних осіб із кількістю найманих працівників 10 і більше осіб. 2. Дані наведено без урахування тимчасово окупованої території Автономної Республіки Крим, м. Севастополя та частини тимчасово окупованих територій у Донецькій та Луганській областях. 3. Середньомісячна заробітна плата одного штатного працівника розраховується шляхом ділення нарахованого фонду оплати праці штатних працівників за звітний місяць (період) на середньооблікову кількість штатних працівників і на кількість місяців у періоді. Професія – це певний вид трудової діяльності, який потребує спеціальних теоретичних знань та практичних навичок. Професія – рід занять, певна форма трудової діяльності.","","2242","","","","7247"
"Нараховано в середньому штатному працівнику, за період часу","Місяць","Чоловіки","Україна","Професії та професійні групи","Робітники, що обслуговують устаткування з виробництва метало- та мінералопродуктів ","Річна","Гривня","Одиниці","Нуль","","","1. Дані підготовлено за результатами державного статистичного спостереження ""Рівень заробітної плати працівників за статтю, віком, освітою та професійними групами"", яким охоплені юридичні особи та відокремлені підрозділи юридичних осіб із кількістю найманих працівників 10 і більше осіб. 2. Дані наведено без урахування тимчасово окупованої території Автономної Республіки Крим, м. Севастополя та частини тимчасово окупованих територій у Донецькій та Луганській областях. 3. Середньомісячна заробітна плата одного штатного працівника розраховується шляхом ділення нарахованого фонду оплати праці штатних працівників за звітний місяць (період) на середньооблікову кількість штатних працівників і на кількість місяців у періоді. Професія – це певний вид трудової діяльності, який потребує спеціальних теоретичних знань та практичних навичок. Професія – рід занять, певна форма трудової діяльності.","","5254","","","","10787"
"Нараховано в середньому штатному працівнику, за період часу","Місяць","Чоловіки","Україна","Професії та професійні групи","Робітники, що обслуговують  промислове устаткування ","Річна","Гривня","Одиниці","Нуль","","","1. Дані підготовлено за результатами державного статистичного спостереження ""Рівень заробітної плати працівників за статтю, віком, освітою та професійними групами"", яким охоплені юридичні особи та відокремлені підрозділи юридичних осіб із кількістю найманих працівників 10 і більше осіб. 2. Дані наведено без урахування тимчасово окупованої території Автономної Республіки Крим, м. Севастополя та частини тимчасово окупованих територій у Донецькій та Луганській областях. 3. Середньомісячна заробітна плата одного штатного працівника розраховується шляхом ділення нарахованого фонду оплати праці штатних працівників за звітний місяць (період) на середньооблікову кількість штатних працівників і на кількість місяців у періоді. Професія – це певний вид трудової діяльності, який потребує спеціальних теоретичних знань та практичних навичок. Професія – рід занять, певна форма трудової діяльності.","","4658","","","","11025"
"Нараховано в середньому штатному працівнику, за період часу","Місяць","Чоловіки","Україна","Професії та професійні групи","Збирачі сміття та подібні до них чорнороби","Річна","Гривня","Одиниці","Нуль","","","1. Дані підготовлено за результатами державного статистичного спостереження ""Рівень заробітної плати працівників за статтю, віком, освітою та професійними групами"", яким охоплені юридичні особи та відокремлені підрозділи юридичних осіб із кількістю найманих працівників 10 і більше осіб. 2. Дані наведено без урахування тимчасово окупованої території Автономної Республіки Крим, м. Севастополя та частини тимчасово окупованих територій у Донецькій та Луганській областях. 3. Середньомісячна заробітна плата одного штатного працівника розраховується шляхом ділення нарахованого фонду оплати праці штатних працівників за звітний місяць (період) на середньооблікову кількість штатних працівників і на кількість місяців у періоді. Професія – це певний вид трудової діяльності, який потребує спеціальних теоретичних знань та практичних навичок. Професія – рід занять, певна форма трудової діяльності.","","2215","","","","5903"
"Нараховано в середньому штатному працівнику, за період часу","Місяць","Чоловіки","Україна","Професії та професійні групи","Працівники сфери торгівлі та послуг","Річна","Гривня","Одиниці","Нуль","","","1. Дані підготовлено за результатами державного статистичного спостереження ""Рівень заробітної плати працівників за статтю, віком, освітою та професійними групами"", яким охоплені юридичні особи та відокремлені підрозділи юридичних осіб із кількістю найманих працівників 10 і більше осіб. 2. Дані наведено без урахування тимчасово окупованої території Автономної Республіки Крим, м. Севастополя та частини тимчасово окупованих територій у Донецькій та Луганській областях. 3. Середньомісячна заробітна плата одного штатного працівника розраховується шляхом ділення нарахованого фонду оплати праці штатних працівників за звітний місяць (період) на середньооблікову кількість штатних працівників і на кількість місяців у періоді. Професія – це певний вид трудової діяльності, який потребує спеціальних теоретичних знань та практичних навичок. Професія – рід занять, певна форма трудової діяльності.","","3281","","","","7808"
"Нараховано в середньому штатному працівнику, за період часу","Місяць","Чоловіки","Україна","Професії та професійні групи","Робітники, що обслуговують друкарські та палітурні машини а також машини для виробництва виробів з паперу ","Річна","Гривня","Одиниці","Нуль","","","1. Дані підготовлено за результатами державного статистичного спостереження ""Рівень заробітної плати працівників за статтю, віком, освітою та професійними групами"", яким охоплені юридичні особи та відокремлені підрозділи юридичних осіб із кількістю найманих працівників 10 і більше осіб. 2. Дані наведено без урахування тимчасово окупованої території Автономної Республіки Крим, м. Севастополя та частини тимчасово окупованих територій у Донецькій та Луганській областях. 3. Середньомісячна заробітна плата одного штатного працівника розраховується шляхом ділення нарахованого фонду оплати праці штатних працівників за звітний місяць (період) на середньооблікову кількість штатних працівників і на кількість місяців у періоді. Професія – це певний вид трудової діяльності, який потребує спеціальних теоретичних знань та практичних навичок. Професія – рід занять, певна форма трудової діяльності.","","4978","","","","9326"
"Нараховано в середньому штатному працівнику, за період часу","Місяць","Чоловіки","Україна","Професії та професійні групи","Лаборанти та техніки в інших видах економічної діяльності ","Річна","Гривня","Одиниці","Нуль","","","1. Дані підготовлено за результатами державного статистичного спостереження ""Рівень заробітної плати працівників за статтю, віком, освітою та професійними групами"", яким охоплені юридичні особи та відокремлені підрозділи юридичних осіб із кількістю найманих працівників 10 і більше осіб. 2. Дані наведено без урахування тимчасово окупованої території Автономної Республіки Крим, м. Севастополя та частини тимчасово окупованих територій у Донецькій та Луганській областях. 3. Середньомісячна заробітна плата одного штатного працівника розраховується шляхом ділення нарахованого фонду оплати праці штатних працівників за звітний місяць (період) на середньооблікову кількість штатних працівників і на кількість місяців у періоді. Професія – це певний вид трудової діяльності, який потребує спеціальних теоретичних знань та практичних навичок. Професія – рід занять, певна форма трудової діяльності.","","3489","","","","9995"
"Нараховано в середньому штатному працівнику, за період часу","Місяць","Чоловіки","Україна","Професії та професійні групи","Інспектори право охоронних органів, кримінально-виконавчої служби, воєнізованої охорони, приватні детективи та фахівці з дізнання","Річна","Гривня","Одиниці","Нуль","","","1. Дані підготовлено за результатами державного статистичного спостереження ""Рівень заробітної плати працівників за статтю, віком, освітою та професійними групами"", яким охоплені юридичні особи та відокремлені підрозділи юридичних осіб із кількістю найманих працівників 10 і більше осіб. 2. Дані наведено без урахування тимчасово окупованої території Автономної Республіки Крим, м. Севастополя та частини тимчасово окупованих територій у Донецькій та Луганській областях. 3. Середньомісячна заробітна плата одного штатного працівника розраховується шляхом ділення нарахованого фонду оплати праці штатних працівників за звітний місяць (період) на середньооблікову кількість штатних працівників і на кількість місяців у періоді. Професія – це певний вид трудової діяльності, який потребує спеціальних теоретичних знань та практичних навичок. Професія – рід занять, певна форма трудової діяльності.","","10222","","","","11147"
"Нараховано в середньому штатному працівнику, за період часу","Місяць","Чоловіки","Україна","Професії та професійні групи","Формувальники, зварники, прокатники, бляхарі та монтажники металоконструкцій ","Річна","Гривня","Одиниці","Нуль","","","1. Дані підготовлено за результатами державного статистичного спостереження ""Рівень заробітної плати працівників за статтю, віком, освітою та професійними групами"", яким охоплені юридичні особи та відокремлені підрозділи юридичних осіб із кількістю найманих працівників 10 і більше осіб. 2. Дані наведено без урахування тимчасово окупованої території Автономної Республіки Крим, м. Севастополя та частини тимчасово окупованих територій у Донецькій та Луганській областях. 3. Середньомісячна заробітна плата одного штатного працівника розраховується шляхом ділення нарахованого фонду оплати праці штатних працівників за звітний місяць (період) на середньооблікову кількість штатних працівників і на кількість місяців у періоді. Професія – це певний вид трудової діяльності, який потребує спеціальних теоретичних знань та практичних навичок. Професія – рід занять, певна форма трудової діяльності.","","4849","","","","10435"
"Нараховано в середньому штатному працівнику, за період часу","Місяць","Чоловіки","Україна","Професії та професійні групи","Інші працівники, пов'язані з наданням послуг окремим особам ","Річна","Гривня","Одиниці","Нуль","","","1. Дані підготовлено за результатами державного статистичного спостереження ""Рівень заробітної плати працівників за статтю, віком, освітою та професійними групами"", яким охоплені юридичні особи та відокремлені підрозділи юридичних осіб із кількістю найманих працівників 10 і більше осіб. 2. Дані наведено без урахування тимчасово окупованої території Автономної Республіки Крим, м. Севастополя та частини тимчасово окупованих територій у Донецькій та Луганській областях. 3. Середньомісячна заробітна плата одного штатного працівника розраховується шляхом ділення нарахованого фонду оплати праці штатних працівників за звітний місяць (період) на середньооблікову кількість штатних працівників і на кількість місяців у періоді. Професія – це певний вид трудової діяльності, який потребує спеціальних теоретичних знань та практичних навичок. Професія – рід занять, певна форма трудової діяльності.","","2740","","","","6402"
"Нараховано в середньому штатному працівнику, за період часу","Місяць","Чоловіки","Україна","Професії та професійні групи","Найпростіші професії в промисловості","Річна","Гривня","Одиниці","Нуль","","","1. Дані підготовлено за результатами державного статистичного спостереження ""Рівень заробітної плати працівників за статтю, віком, освітою та професійними групами"", яким охоплені юридичні особи та відокремлені підрозділи юридичних осіб із кількістю найманих працівників 10 і більше осіб. 2. Дані наведено без урахування тимчасово окупованої території Автономної Республіки Крим, м. Севастополя та частини тимчасово окупованих територій у Донецькій та Луганській областях. 3. Середньомісячна заробітна плата одного штатного працівника розраховується шляхом ділення нарахованого фонду оплати праці штатних працівників за звітний місяць (період) на середньооблікову кількість штатних працівників і на кількість місяців у періоді. Професія – це певний вид трудової діяльності, який потребує спеціальних теоретичних знань та практичних навичок. Професія – рід занять, певна форма трудової діяльності.","","3004","","","","6450"
"Нараховано в середньому штатному працівнику, за період часу","Місяць","Чоловіки","Україна","Професії та професійні групи","Усього","Річна","Гривня","Одиниці","Нуль","","","1. Дані підготовлено за результатами державного статистичного спостереження ""Рівень заробітної плати працівників за статтю, віком, освітою та професійними групами"", яким охоплені юридичні особи та відокремлені підрозділи юридичних осіб із кількістю найманих працівників 10 і більше осіб. 2. Дані наведено без урахування тимчасово окупованої території Автономної Республіки Крим, м. Севастополя та частини тимчасово окупованих територій у Донецькій та Луганській областях. 3. Середньомісячна заробітна плата одного штатного працівника розраховується шляхом ділення нарахованого фонду оплати праці штатних працівників за звітний місяць (період) на середньооблікову кількість штатних працівників і на кількість місяців у періоді. Професія – це певний вид трудової діяльності, який потребує спеціальних теоретичних знань та практичних навичок. Професія – рід занять, певна форма трудової діяльності.","","5500","","","","12035"
"Нараховано в середньому штатному працівнику, за період часу","Місяць","Чоловіки","Україна","Професії та професійні групи","Робітники-шкіряники та взуттьовики","Річна","Гривня","Одиниці","Нуль","","","1. Дані підготовлено за результатами державного статистичного спостереження ""Рівень заробітної плати працівників за статтю, віком, освітою та професійними групами"", яким охоплені юридичні особи та відокремлені підрозділи юридичних осіб із кількістю найманих працівників 10 і більше осіб. 2. Дані наведено без урахування тимчасово окупованої території Автономної Республіки Крим, м. Севастополя та частини тимчасово окупованих територій у Донецькій та Луганській областях. 3. Середньомісячна заробітна плата одного штатного працівника розраховується шляхом ділення нарахованого фонду оплати праці штатних працівників за звітний місяць (період) на середньооблікову кількість штатних працівників і на кількість місяців у періоді. Професія – це певний вид трудової діяльності, який потребує спеціальних теоретичних знань та практичних навичок. Професія – рід занять, певна форма трудової діяльності.","","3002","","","","5993"
"Нараховано в середньому штатному працівнику, за період часу","Місяць","Чоловіки","Україна","Професії та професійні групи","Домашня прислуга, прибиральники та прачки ","Річна","Гривня","Одиниці","Нуль","","","1. Дані підготовлено за результатами державного статистичного спостереження ""Рівень заробітної плати працівників за статтю, віком, освітою та професійними групами"", яким охоплені юридичні особи та відокремлені підрозділи юридичних осіб із кількістю найманих працівників 10 і більше осіб. 2. Дані наведено без урахування тимчасово окупованої території Автономної Республіки Крим, м. Севастополя та частини тимчасово окупованих територій у Донецькій та Луганській областях. 3. Середньомісячна заробітна плата одного штатного працівника розраховується шляхом ділення нарахованого фонду оплати праці штатних працівників за звітний місяць (період) на середньооблікову кількість штатних працівників і на кількість місяців у періоді. Професія – це певний вид трудової діяльності, який потребує спеціальних теоретичних знань та практичних навичок. Професія – рід занять, певна форма трудової діяльності.","","2175","","","","5606"
"Нараховано в середньому штатному працівнику, за період часу","Місяць","Чоловіки","Україна","Професії та професійні групи","Робітники, що обслуговують устаткування з виробництва харчових та подібних продуктів ","Річна","Гривня","Одиниці","Нуль","","","1. Дані підготовлено за результатами державного статистичного спостереження ""Рівень заробітної плати працівників за статтю, віком, освітою та професійними групами"", яким охоплені юридичні особи та відокремлені підрозділи юридичних осіб із кількістю найманих працівників 10 і більше осіб. 2. Дані наведено без урахування тимчасово окупованої території Автономної Республіки Крим, м. Севастополя та частини тимчасово окупованих територій у Донецькій та Луганській областях. 3. Середньомісячна заробітна плата одного штатного працівника розраховується шляхом ділення нарахованого фонду оплати праці штатних працівників за звітний місяць (період) на середньооблікову кількість штатних працівників і на кількість місяців у періоді. Професія – це певний вид трудової діяльності, який потребує спеціальних теоретичних знань та практичних навичок. Професія – рід занять, певна форма трудової діяльності.","","4816","","","","11495"
"Нараховано в середньому штатному працівнику, за період часу","Місяць","Чоловіки","Україна","Професії та професійні групи","Службовці, зайняті з цифровими   даними ","Річна","Гривня","Одиниці","Нуль","","","1. Дані підготовлено за результатами державного статистичного спостереження ""Рівень заробітної плати працівників за статтю, віком, освітою та професійними групами"", яким охоплені юридичні особи та відокремлені підрозділи юридичних осіб із кількістю найманих працівників 10 і більше осіб. 2. Дані наведено без урахування тимчасово окупованої території Автономної Республіки Крим, м. Севастополя та частини тимчасово окупованих територій у Донецькій та Луганській областях. 3. Середньомісячна заробітна плата одного штатного працівника розраховується шляхом ділення нарахованого фонду оплати праці штатних працівників за звітний місяць (період) на середньооблікову кількість штатних працівників і на кількість місяців у періоді. Професія – це певний вид трудової діяльності, який потребує спеціальних теоретичних знань та практичних навичок. Професія – рід занять, певна форма трудової діяльності.","","3141","","","","8621"
"Нараховано в середньому штатному працівнику, за період часу","Місяць","Чоловіки","Україна","Професії та професійні групи","Фахівці з бродильного виробництва та виноробства","Річна","Гривня","Одиниці","Нуль","Явищ не було","","1. Дані підготовлено за результатами державного статистичного спостереження ""Рівень заробітної плати працівників за статтю, віком, освітою та професійними групами"", яким охоплені юридичні особи та відокремлені підрозділи юридичних осіб із кількістю найманих працівників 10 і більше осіб. 2. Дані наведено без урахування тимчасово окупованої території Автономної Республіки Крим, м. Севастополя та частини тимчасово окупованих територій у Донецькій та Луганській областях. 3. Середньомісячна заробітна плата одного штатного працівника розраховується шляхом ділення нарахованого фонду оплати праці штатних працівників за звітний місяць (період) на середньооблікову кількість штатних працівників і на кількість місяців у періоді. Професія – це певний вид трудової діяльності, який потребує спеціальних теоретичних знань та практичних навичок. Професія – рід занять, певна форма трудової діяльності.","","","","","",""
"Нараховано в середньому штатному працівнику, за період часу","Місяць","Чоловіки","Україна","Професії та професійні групи","Бригадир на дільницях основного виробництва (інші виробництва)","Річна","Гривня","Одиниці","Нуль","","","1. Дані підготовлено за результатами державного статистичного спостереження ""Рівень заробітної плати працівників за статтю, віком, освітою та професійними групами"", яким охоплені юридичні особи та відокремлені підрозділи юридичних осіб із кількістю найманих працівників 10 і більше осіб. 2. Дані наведено без урахування тимчасово окупованої території Автономної Республіки Крим, м. Севастополя та частини тимчасово окупованих територій у Донецькій та Луганській областях. 3. Середньомісячна заробітна плата одного штатного працівника розраховується шляхом ділення нарахованого фонду оплати праці штатних працівників за звітний місяць (період) на середньооблікову кількість штатних працівників і на кількість місяців у періоді. Професія – це певний вид трудової діяльності, який потребує спеціальних теоретичних знань та практичних навичок. Професія – рід занять, певна форма трудової діяльності.","","5501","","","","11722"
"Нараховано в середньому штатному працівнику, за період часу","Місяць","Чоловіки","Україна","Професії та професійні групи","Найпростіші професії, що є  загальними для всіх галузей економіки","Річна","Гривня","Одиниці","Нуль","","","1. Дані підготовлено за результатами державного статистичного спостереження ""Рівень заробітної плати працівників за статтю, віком, освітою та професійними групами"", яким охоплені юридичні особи та відокремлені підрозділи юридичних осіб із кількістю найманих працівників 10 і більше осіб. 2. Дані наведено без урахування тимчасово окупованої території Автономної Республіки Крим, м. Севастополя та частини тимчасово окупованих територій у Донецькій та Луганській областях. 3. Середньомісячна заробітна плата одного штатного працівника розраховується шляхом ділення нарахованого фонду оплати праці штатних працівників за звітний місяць (період) на середньооблікову кількість штатних працівників і на кількість місяців у періоді. Професія – це певний вид трудової діяльності, який потребує спеціальних теоретичних знань та практичних навичок. Професія – рід занять, певна форма трудової діяльності.","","3719","","","","7979"
"Нараховано в середньому штатному працівнику, за період часу","Місяць","Чоловіки","Україна","Професії та професійні групи","Робітники з видобутку корисних копалин і на будівництві","Річна","Гривня","Одиниці","Нуль","","","1. Дані підготовлено за результатами державного статистичного спостереження ""Рівень заробітної плати працівників за статтю, віком, освітою та професійними групами"", яким охоплені юридичні особи та відокремлені підрозділи юридичних осіб із кількістю найманих працівників 10 і більше осіб. 2. Дані наведено без урахування тимчасово окупованої території Автономної Республіки Крим, м. Севастополя та частини тимчасово окупованих територій у Донецькій та Луганській областях. 3. Середньомісячна заробітна плата одного штатного працівника розраховується шляхом ділення нарахованого фонду оплати праці штатних працівників за звітний місяць (період) на середньооблікову кількість штатних працівників і на кількість місяців у періоді. Професія – це певний вид трудової діяльності, який потребує спеціальних теоретичних знань та практичних навичок. Професія – рід занять, певна форма трудової діяльності.","","4946","","","","10293"
"Нараховано в середньому штатному працівнику, за період часу","Місяць","Чоловіки","Україна","Професії та професійні групи","Фахівці в галузі спеціалізованої (особливої) освіти ","Річна","Гривня","Одиниці","Нуль","","","1. Дані підготовлено за результатами державного статистичного спостереження ""Рівень заробітної плати працівників за статтю, віком, освітою та професійними групами"", яким охоплені юридичні особи та відокремлені підрозділи юридичних осіб із кількістю найманих працівників 10 і більше осіб. 2. Дані наведено без урахування тимчасово окупованої території Автономної Республіки Крим, м. Севастополя та частини тимчасово окупованих територій у Донецькій та Луганській областях. 3. Середньомісячна заробітна плата одного штатного працівника розраховується шляхом ділення нарахованого фонду оплати праці штатних працівників за звітний місяць (період) на середньооблікову кількість штатних працівників і на кількість місяців у періоді. Професія – це певний вид трудової діяльності, який потребує спеціальних теоретичних знань та практичних навичок. Професія – рід занять, певна форма трудової діяльності.","","5717","","","","12919"
"Нараховано в середньому штатному працівнику, за період часу","Місяць","Чоловіки","Україна","Професії та професійні групи","Робітники, що обслуговують гірниче устаткування та устаткування для перероблення корисних копалин ","Річна","Гривня","Одиниці","Нуль","","","1. Дані підготовлено за результатами державного статистичного спостереження ""Рівень заробітної плати працівників за статтю, віком, освітою та професійними групами"", яким охоплені юридичні особи та відокремлені підрозділи юридичних осіб із кількістю найманих працівників 10 і більше осіб. 2. Дані наведено без урахування тимчасово окупованої території Автономної Республіки Крим, м. Севастополя та частини тимчасово окупованих територій у Донецькій та Луганській областях. 3. Середньомісячна заробітна плата одного штатного працівника розраховується шляхом ділення нарахованого фонду оплати праці штатних працівників за звітний місяць (період) на середньооблікову кількість штатних працівників і на кількість місяців у періоді. Професія – це певний вид трудової діяльності, який потребує спеціальних теоретичних знань та практичних навичок. Професія – рід занять, певна форма трудової діяльності.","","7059","","","","15205"
"Нараховано в середньому штатному працівнику, за період часу","Місяць","Чоловіки","Україна","Професії та професійні групи","Суднова палубна команда ","Річна","Гривня","Одиниці","Нуль","","","1. Дані підготовлено за результатами державного статистичного спостереження ""Рівень заробітної плати працівників за статтю, віком, освітою та професійними групами"", яким охоплені юридичні особи та відокремлені підрозділи юридичних осіб із кількістю найманих працівників 10 і більше осіб. 2. Дані наведено без урахування тимчасово окупованої території Автономної Республіки Крим, м. Севастополя та частини тимчасово окупованих територій у Донецькій та Луганській областях. 3. Середньомісячна заробітна плата одного штатного працівника розраховується шляхом ділення нарахованого фонду оплати праці штатних працівників за звітний місяць (період) на середньооблікову кількість штатних працівників і на кількість місяців у періоді. Професія – це певний вид трудової діяльності, який потребує спеціальних теоретичних знань та практичних навичок. Професія – рід занять, певна форма трудової діяльності.","","5466","","","","11272"
"Нараховано в середньому штатному працівнику, за період часу","Місяць","Чоловіки","Україна","Професії та професійні групи","Моделі, продавці та демонстратори","Річна","Гривня","Одиниці","Нуль","","","1. Дані підготовлено за результатами державного статистичного спостереження ""Рівень заробітної плати працівників за статтю, віком, освітою та професійними групами"", яким охоплені юридичні особи та відокремлені підрозділи юридичних осіб із кількістю найманих працівників 10 і більше осіб. 2. Дані наведено без урахування тимчасово окупованої території Автономної Республіки Крим, м. Севастополя та частини тимчасово окупованих територій у Донецькій та Луганській областях. 3. Середньомісячна заробітна плата одного штатного працівника розраховується шляхом ділення нарахованого фонду оплати праці штатних працівників за звітний місяць (період) на середньооблікову кількість штатних працівників і на кількість місяців у періоді. Професія – це певний вид трудової діяльності, який потребує спеціальних теоретичних знань та практичних навичок. Професія – рід занять, певна форма трудової діяльності.","","4615","","","","9279"
"Нараховано в середньому штатному працівнику, за період часу","Місяць","Чоловіки","Україна","Професії та професійні групи","Фахівці зі зберігання та переробки зерна ","Річна","Гривня","Одиниці","Нуль","Явищ не було","","1. Дані підготовлено за результатами державного статистичного спостереження ""Рівень заробітної плати працівників за статтю, віком, освітою та професійними групами"", яким охоплені юридичні особи та відокремлені підрозділи юридичних осіб із кількістю найманих працівників 10 і більше осіб. 2. Дані наведено без урахування тимчасово окупованої території Автономної Республіки Крим, м. Севастополя та частини тимчасово окупованих територій у Донецькій та Луганській областях. 3. Середньомісячна заробітна плата одного штатного працівника розраховується шляхом ділення нарахованого фонду оплати праці штатних працівників за звітний місяць (період) на середньооблікову кількість штатних працівників і на кількість місяців у періоді. Професія – це певний вид трудової діяльності, який потребує спеціальних теоретичних знань та практичних навичок. Професія – рід занять, певна форма трудової діяльності.","","2511","","","",""
"Нараховано в середньому штатному працівнику, за період часу","Місяць","Чоловіки","Україна","Професії та професійні групи","Маляри та чистильники структурних частин будівель ","Річна","Гривня","Одиниці","Нуль","","","1. Дані підготовлено за результатами державного статистичного спостереження ""Рівень заробітної плати працівників за статтю, віком, освітою та професійними групами"", яким охоплені юридичні особи та відокремлені підрозділи юридичних осіб із кількістю найманих працівників 10 і більше осіб. 2. Дані наведено без урахування тимчасово окупованої території Автономної Республіки Крим, м. Севастополя та частини тимчасово окупованих територій у Донецькій та Луганській областях. 3. Середньомісячна заробітна плата одного штатного працівника розраховується шляхом ділення нарахованого фонду оплати праці штатних працівників за звітний місяць (період) на середньооблікову кількість штатних працівників і на кількість місяців у періоді. Професія – це певний вид трудової діяльності, який потребує спеціальних теоретичних знань та практичних навичок. Професія – рід занять, певна форма трудової діяльності.","","4146","","","","8746"
"Нараховано в середньому штатному працівнику, за період часу","Місяць","Чоловіки","Україна","Професії та професійні групи","Ремісники з ручного оброблення дерева, тканини, шкіри та подібних матеріалів ","Річна","Гривня","Одиниці","Нуль","","","1. Дані підготовлено за результатами державного статистичного спостереження ""Рівень заробітної плати працівників за статтю, віком, освітою та професійними групами"", яким охоплені юридичні особи та відокремлені підрозділи юридичних осіб із кількістю найманих працівників 10 і більше осіб. 2. Дані наведено без урахування тимчасово окупованої території Автономної Республіки Крим, м. Севастополя та частини тимчасово окупованих територій у Донецькій та Луганській областях. 3. Середньомісячна заробітна плата одного штатного працівника розраховується шляхом ділення нарахованого фонду оплати праці штатних працівників за звітний місяць (період) на середньооблікову кількість штатних працівників і на кількість місяців у періоді. Професія – це певний вид трудової діяльності, який потребує спеціальних теоретичних знань та практичних навичок. Професія – рід занять, певна форма трудової діяльності.","","3517","","","","18381"
"Нараховано в середньому штатному працівнику, за період часу","Місяць","Чоловіки","Україна","Професії та професійні групи","Манекенники та інші моделі","Річна","Гривня","Одиниці","Нуль","","","1. Дані підготовлено за результатами державного статистичного спостереження ""Рівень заробітної плати працівників за статтю, віком, освітою та професійними групами"", яким охоплені юридичні особи та відокремлені підрозділи юридичних осіб із кількістю найманих працівників 10 і більше осіб. 2. Дані наведено без урахування тимчасово окупованої території Автономної Республіки Крим, м. Севастополя та частини тимчасово окупованих територій у Донецькій та Луганській областях. 3. Середня заробітна плата штатних працівників за одну оплачену годину  обчислюється шляхом ділення суми нарахованого фонду оплати праці штатних працівників на кількість оплачених їм людино-годин за відповідний період. Професія – це певний вид трудової діяльності, який потребує спеціальних теоретичних знань та практичних навичок. Професія – рід занять, певна форма трудової діяльності.","","628","","","",""
"Нараховано в середньому штатному працівнику, за період часу","Місяць","Чоловіки","Україна","Професії та професійні групи","Робітники, що обслуговують хімічні установки ","Річна","Гривня","Одиниці","Нуль","","","1. Дані підготовлено за результатами державного статистичного спостереження ""Рівень заробітної плати працівників за статтю, віком, освітою та професійними групами"", яким охоплені юридичні особи та відокремлені підрозділи юридичних осіб із кількістю найманих працівників 10 і більше осіб. 2. Дані наведено без урахування тимчасово окупованої території Автономної Республіки Крим, м. Севастополя та частини тимчасово окупованих територій у Донецькій та Луганській областях. 3. Середньомісячна заробітна плата одного штатного працівника розраховується шляхом ділення нарахованого фонду оплати праці штатних працівників за звітний місяць (період) на середньооблікову кількість штатних працівників і на кількість місяців у періоді. Професія – це певний вид трудової діяльності, який потребує спеціальних теоретичних знань та практичних навичок. Професія – рід занять, певна форма трудової діяльності.","","4471","","","","10260"
"Нараховано в середньому штатному працівнику, за період часу","Місяць","Чоловіки","Україна","Професії та професійні групи","Інші професійні назви робіт кваліфікованих робітників з інструментом","Річна","Гривня","Одиниці","Нуль","","","1. Дані підготовлено за результатами державного статистичного спостереження ""Рівень заробітної плати працівників за статтю, віком, освітою та професійними групами"", яким охоплені юридичні особи та відокремлені підрозділи юридичних осіб із кількістю найманих працівників 10 і більше осіб. 2. Дані наведено без урахування тимчасово окупованої території Автономної Республіки Крим, м. Севастополя та частини тимчасово окупованих територій у Донецькій та Луганській областях. 3. Середньомісячна заробітна плата одного штатного працівника розраховується шляхом ділення нарахованого фонду оплати праці штатних працівників за звітний місяць (період) на середньооблікову кількість штатних працівників і на кількість місяців у періоді. Професія – це певний вид трудової діяльності, який потребує спеціальних теоретичних знань та практичних навичок. Професія – рід занять, певна форма трудової діяльності.","","3924","","","","11952"
"Нараховано в середньому штатному працівнику, за період часу","Місяць","Чоловіки","Україна","Професії та професійні групи","Державні інспектори ","Річна","Гривня","Одиниці","Нуль","","","1. Дані підготовлено за результатами державного статистичного спостереження ""Рівень заробітної плати працівників за статтю, віком, освітою та професійними групами"", яким охоплені юридичні особи та відокремлені підрозділи юридичних осіб із кількістю найманих працівників 10 і більше осіб. 2. Дані наведено без урахування тимчасово окупованої території Автономної Республіки Крим, м. Севастополя та частини тимчасово окупованих територій у Донецькій та Луганській областях. 3. Середньомісячна заробітна плата одного штатного працівника розраховується шляхом ділення нарахованого фонду оплати праці штатних працівників за звітний місяць (період) на середньооблікову кількість штатних працівників і на кількість місяців у періоді. Професія – це певний вид трудової діяльності, який потребує спеціальних теоретичних знань та практичних навичок. Професія – рід занять, певна форма трудової діяльності.","","5502","","","","7984"
"Нараховано в середньому штатному працівнику, за період часу","Місяць","Чоловіки","Україна","Професії та професійні групи","Робітники, що обслуговують машини, та складальники машин","Річна","Гривня","Одиниці","Нуль","","","1. Дані підготовлено за результатами державного статистичного спостереження ""Рівень заробітної плати працівників за статтю, віком, освітою та професійними групами"", яким охоплені юридичні особи та відокремлені підрозділи юридичних осіб із кількістю найманих працівників 10 і більше осіб. 2. Дані наведено без урахування тимчасово окупованої території Автономної Республіки Крим, м. Севастополя та частини тимчасово окупованих територій у Донецькій та Луганській областях. 3. Середньомісячна заробітна плата одного штатного працівника розраховується шляхом ділення нарахованого фонду оплати праці штатних працівників за звітний місяць (період) на середньооблікову кількість штатних працівників і на кількість місяців у періоді. Професія – це певний вид трудової діяльності, який потребує спеціальних теоретичних знань та практичних навичок. Професія – рід занять, певна форма трудової діяльності.","","5022","","","","10530"
"Нараховано в середньому штатному працівнику, за період часу","Місяць","Чоловіки","Україна","Професії та професійні групи","Робітники, що обслуговують устаткування з виробництва хімічних продуктів ","Річна","Гривня","Одиниці","Нуль","","","1. Дані підготовлено за результатами державного статистичного спостереження ""Рівень заробітної плати працівників за статтю, віком, освітою та професійними групами"", яким охоплені юридичні особи та відокремлені підрозділи юридичних осіб із кількістю найманих працівників 10 і більше осіб. 2. Дані наведено без урахування тимчасово окупованої території Автономної Республіки Крим, м. Севастополя та частини тимчасово окупованих територій у Донецькій та Луганській областях. 3. Середньомісячна заробітна плата одного штатного працівника розраховується шляхом ділення нарахованого фонду оплати праці штатних працівників за звітний місяць (період) на середньооблікову кількість штатних працівників і на кількість місяців у періоді. Професія – це певний вид трудової діяльності, який потребує спеціальних теоретичних знань та практичних навичок. Професія – рід занять, певна форма трудової діяльності.","","5244","","","","12983"
"Нараховано в середньому штатному працівнику, за період часу","Місяць","Чоловіки","Україна","Професії та професійні групи","Тваринники ","Річна","Гривня","Одиниці","Нуль","","","1. Дані підготовлено за результатами державного статистичного спостереження ""Рівень заробітної плати працівників за статтю, віком, освітою та професійними групами"", яким охоплені юридичні особи та відокремлені підрозділи юридичних осіб із кількістю найманих працівників 10 і більше осіб. 2. Дані наведено без урахування тимчасово окупованої території Автономної Республіки Крим, м. Севастополя та частини тимчасово окупованих територій у Донецькій та Луганській областях. 3. Середньомісячна заробітна плата одного штатного працівника розраховується шляхом ділення нарахованого фонду оплати праці штатних працівників за звітний місяць (період) на середньооблікову кількість штатних працівників і на кількість місяців у періоді. Професія – це певний вид трудової діяльності, який потребує спеціальних теоретичних знань та практичних навичок. Професія – рід занять, певна форма трудової діяльності.","","3223","","","","7937"
"Нараховано в середньому штатному працівнику, за період часу","Місяць","Чоловіки","Україна","Професії та професійні групи","Кваліфіковані робітники сільського та лісового господарств, риборозведення та рибальства","Річна","Гривня","Одиниці","Нуль","","","1. Дані підготовлено за результатами державного статистичного спостереження ""Рівень заробітної плати працівників за статтю, віком, освітою та професійними групами"", яким охоплені юридичні особи та відокремлені підрозділи юридичних осіб із кількістю найманих працівників 10 і більше осіб. 2. Дані наведено без урахування тимчасово окупованої території Автономної Республіки Крим, м. Севастополя та частини тимчасово окупованих територій у Донецькій та Луганській областях. 3. Середньомісячна заробітна плата одного штатного працівника розраховується шляхом ділення нарахованого фонду оплати праці штатних працівників за звітний місяць (період) на середньооблікову кількість штатних працівників і на кількість місяців у періоді. Професія – це певний вид трудової діяльності, який потребує спеціальних теоретичних знань та практичних навичок. Професія – рід занять, певна форма трудової діяльності.","","3446","","","","7965"
"Нараховано в середньому штатному працівнику, за період часу","Місяць","Чоловіки","Україна","Стаж роботи","10-14 років","Річна","Гривня","Одиниці","Нуль","","","1. Дані підготовлено за результатами державного статистичного спостереження ""Рівень заробітної плати працівників за статтю, віком, освітою та професійними групами"", яким охоплені юридичні особи та відокремлені підрозділи юридичних осіб із кількістю найманих працівників 10 і більше осіб. 2. Дані наведено без урахування тимчасово окупованої території Автономної Республіки Крим, м. Севастополя та частини тимчасово окупованих територій у Донецькій та Луганській областях. 3. Середньомісячна заробітна плата одного штатного працівника розраховується шляхом ділення нарахованого фонду оплати праці штатних працівників за звітний місяць (період) на середньооблікову кількість штатних працівників і на кількість місяців у періоді.","","6195","","","","13727"
"Нараховано в середньому штатному працівнику, за період часу","Місяць","Чоловіки","Україна","Професії та професійні групи","Допоміжний персонал релігійних організацій, який не має духовного сану ","Річна","Гривня","Одиниці","Нуль","","","1. Дані підготовлено за результатами державного статистичного спостереження ""Рівень заробітної плати працівників за статтю, віком, освітою та професійними групами"", яким охоплені юридичні особи та відокремлені підрозділи юридичних осіб із кількістю найманих працівників 10 і більше осіб. 2. Дані наведено без урахування тимчасово окупованої території Автономної Республіки Крим, м. Севастополя та частини тимчасово окупованих територій у Донецькій та Луганській областях. 3. Середньомісячна заробітна плата одного штатного працівника розраховується шляхом ділення нарахованого фонду оплати праці штатних працівників за звітний місяць (період) на середньооблікову кількість штатних працівників і на кількість місяців у періоді. Професія – це певний вид трудової діяльності, який потребує спеціальних теоретичних знань та практичних навичок. Професія – рід занять, певна форма трудової діяльності.","","2125","","","","13666"
"Нараховано в середньому штатному працівнику, за період часу","Місяць","Чоловіки","Україна","Професії та професійні групи","Працівники, що здійснюють догляд за окремими особами ","Річна","Гривня","Одиниці","Нуль","","","1. Дані підготовлено за результатами державного статистичного спостереження ""Рівень заробітної плати працівників за статтю, віком, освітою та професійними групами"", яким охоплені юридичні особи та відокремлені підрозділи юридичних осіб із кількістю найманих працівників 10 і більше осіб. 2. Дані наведено без урахування тимчасово окупованої території Автономної Республіки Крим, м. Севастополя та частини тимчасово окупованих територій у Донецькій та Луганській областях. 3. Середньомісячна заробітна плата одного штатного працівника розраховується шляхом ділення нарахованого фонду оплати праці штатних працівників за звітний місяць (період) на середньооблікову кількість штатних працівників і на кількість місяців у періоді. Професія – це певний вид трудової діяльності, який потребує спеціальних теоретичних знань та практичних навичок. Професія – рід занять, певна форма трудової діяльності.","","2434","","","","6812"
"Нараховано в середньому штатному працівнику, за період часу","Місяць","Чоловіки","Україна","Професії та професійні групи","Вантажники та інші найпростіші професії на транспорті ","Річна","Гривня","Одиниці","Нуль","","","1. Дані підготовлено за результатами державного статистичного спостереження ""Рівень заробітної плати працівників за статтю, віком, освітою та професійними групами"", яким охоплені юридичні особи та відокремлені підрозділи юридичних осіб із кількістю найманих працівників 10 і більше осіб. 2. Дані наведено без урахування тимчасово окупованої території Автономної Республіки Крим, м. Севастополя та частини тимчасово окупованих територій у Донецькій та Луганській областях. 3. Середньомісячна заробітна плата одного штатного працівника розраховується шляхом ділення нарахованого фонду оплати праці штатних працівників за звітний місяць (період) на середньооблікову кількість штатних працівників і на кількість місяців у періоді. Професія – це певний вид трудової діяльності, який потребує спеціальних теоретичних знань та практичних навичок. Професія – рід занять, певна форма трудової діяльності.","","3402","","","","7509"
"Нараховано в середньому штатному працівнику, за період часу","Місяць","Чоловіки","Україна","Професії та професійні групи","Робітники-текстильники та швейники ","Річна","Гривня","Одиниці","Нуль","","","1. Дані підготовлено за результатами державного статистичного спостереження ""Рівень заробітної плати працівників за статтю, віком, освітою та професійними групами"", яким охоплені юридичні особи та відокремлені підрозділи юридичних осіб із кількістю найманих працівників 10 і більше осіб. 2. Дані наведено без урахування тимчасово окупованої території Автономної Республіки Крим, м. Севастополя та частини тимчасово окупованих територій у Донецькій та Луганській областях. 3. Середньомісячна заробітна плата одного штатного працівника розраховується шляхом ділення нарахованого фонду оплати праці штатних працівників за звітний місяць (період) на середньооблікову кількість штатних працівників і на кількість місяців у періоді. Професія – це певний вид трудової діяльності, який потребує спеціальних теоретичних знань та практичних навичок. Професія – рід занять, певна форма трудової діяльності.","","5179","","","","8789"
"Нараховано в середньому штатному працівнику, за період часу","Місяць","Чоловіки","Україна","Професії та професійні групи","Механіки та монтажники електричного та електронного устаткування","Річна","Гривня","Одиниці","Нуль","","","1. Дані підготовлено за результатами державного статистичного спостереження ""Рівень заробітної плати працівників за статтю, віком, освітою та професійними групами"", яким охоплені юридичні особи та відокремлені підрозділи юридичних осіб із кількістю найманих працівників 10 і більше осіб. 2. Дані наведено без урахування тимчасово окупованої території Автономної Республіки Крим, м. Севастополя та частини тимчасово окупованих територій у Донецькій та Луганській областях. 3. Середньомісячна заробітна плата одного штатного працівника розраховується шляхом ділення нарахованого фонду оплати праці штатних працівників за звітний місяць (період) на середньооблікову кількість штатних працівників і на кількість місяців у періоді. Професія – це певний вид трудової діяльності, який потребує спеціальних теоретичних знань та практичних навичок. Професія – рід занять, певна форма трудової діяльності.","","5568","","","","11706"
"Нараховано в середньому штатному працівнику, за період часу","Місяць","Чоловіки","Україна","Професії та професійні групи","Службовці, що обслуговують клієнтів","Річна","Гривня","Одиниці","Нуль","","","1. Дані підготовлено за результатами державного статистичного спостереження ""Рівень заробітної плати працівників за статтю, віком, освітою та професійними групами"", яким охоплені юридичні особи та відокремлені підрозділи юридичних осіб із кількістю найманих працівників 10 і більше осіб. 2. Дані наведено без урахування тимчасово окупованої території Автономної Республіки Крим, м. Севастополя та частини тимчасово окупованих територій у Донецькій та Луганській областях. 3. Середньомісячна заробітна плата одного штатного працівника розраховується шляхом ділення нарахованого фонду оплати праці штатних працівників за звітний місяць (період) на середньооблікову кількість штатних працівників і на кількість місяців у періоді. Професія – це певний вид трудової діяльності, який потребує спеціальних теоретичних знань та практичних навичок. Професія – рід занять, певна форма трудової діяльності.","","3920","","","","8042"
"Нараховано в середньому штатному працівнику, за період часу","Місяць","Чоловіки","Україна","Стаж роботи","5-9 років","Річна","Гривня","Одиниці","Нуль","","","1. Дані підготовлено за результатами державного статистичного спостереження ""Рівень заробітної плати працівників за статтю, віком, освітою та професійними групами"", яким охоплені юридичні особи та відокремлені підрозділи юридичних осіб із кількістю найманих працівників 10 і більше осіб. 2. Дані наведено без урахування тимчасово окупованої території Автономної Республіки Крим, м. Севастополя та частини тимчасово окупованих територій у Донецькій та Луганській областях. 3. Середньомісячна заробітна плата одного штатного працівника розраховується шляхом ділення нарахованого фонду оплати праці штатних працівників за звітний місяць (період) на середньооблікову кількість штатних працівників і на кількість місяців у періоді.","","5850","","","","13692"
"Нараховано в середньому штатному працівнику, за період часу","Місяць","Чоловіки","Україна","Професії та професійні групи","Секретарі та службовці, що виконують операції за допомогою клавіатури","Річна","Гривня","Одиниці","Нуль","","","1. Дані підготовлено за результатами державного статистичного спостереження ""Рівень заробітної плати працівників за статтю, віком, освітою та професійними групами"", яким охоплені юридичні особи та відокремлені підрозділи юридичних осіб із кількістю найманих працівників 10 і більше осіб. 2. Дані наведено без урахування тимчасово окупованої території Автономної Республіки Крим, м. Севастополя та частини тимчасово окупованих територій у Донецькій та Луганській областях. 3. Середньомісячна заробітна плата одного штатного працівника розраховується шляхом ділення нарахованого фонду оплати праці штатних працівників за звітний місяць (період) на середньооблікову кількість штатних працівників і на кількість місяців у періоді. Професія – це певний вид трудової діяльності, який потребує спеціальних теоретичних знань та практичних навичок. Професія – рід занять, певна форма трудової діяльності.","","2595","","","","8164"
"Нараховано в середньому штатному працівнику, за період часу","Місяць","Чоловіки","Україна","Професії та професійні групи","Складальники","Річна","Гривня","Одиниці","Нуль","","","1. Дані підготовлено за результатами державного статистичного спостереження ""Рівень заробітної плати працівників за статтю, віком, освітою та професійними групами"", яким охоплені юридичні особи та відокремлені підрозділи юридичних осіб із кількістю найманих працівників 10 і більше осіб. 2. Дані наведено без урахування тимчасово окупованої території Автономної Республіки Крим, м. Севастополя та частини тимчасово окупованих територій у Донецькій та Луганській областях. 3. Середньомісячна заробітна плата одного штатного працівника розраховується шляхом ділення нарахованого фонду оплати праці штатних працівників за звітний місяць (період) на середньооблікову кількість штатних працівників і на кількість місяців у періоді. Професія – це певний вид трудової діяльності, який потребує спеціальних теоретичних знань та практичних навичок. Професія – рід занять, певна форма трудової діяльності.","","4321","","","","9432"
"Нараховано в середньому штатному працівнику, за період часу","Місяць","Чоловіки","Україна","Професії та професійні групи","Інші кваліфіковані сільськогосподарські робітники та рибалки","Річна","Гривня","Одиниці","Нуль","","","1. Дані підготовлено за результатами державного статистичного спостереження ""Рівень заробітної плати працівників за статтю, віком, освітою та професійними групами"", яким охоплені юридичні особи та відокремлені підрозділи юридичних осіб із кількістю найманих працівників 10 і більше осіб. 2. Дані наведено без урахування тимчасово окупованої території Автономної Республіки Крим, м. Севастополя та частини тимчасово окупованих територій у Донецькій та Луганській областях. 3. Середньомісячна заробітна плата одного штатного працівника розраховується шляхом ділення нарахованого фонду оплати праці штатних працівників за звітний місяць (період) на середньооблікову кількість штатних працівників і на кількість місяців у періоді. Професія – це певний вид трудової діяльності, який потребує спеціальних теоретичних знань та практичних навичок. Професія – рід занять, певна форма трудової діяльності.","","4149","","","","9662"
"Нараховано в середньому штатному працівнику, за період часу","Місяць","Чоловіки","Україна","Професії та професійні групи","Машиністи локомотивів та подібні до них робітники ","Річна","Гривня","Одиниці","Нуль","","","1. Дані підготовлено за результатами державного статистичного спостереження ""Рівень заробітної плати працівників за статтю, віком, освітою та професійними групами"", яким охоплені юридичні особи та відокремлені підрозділи юридичних осіб із кількістю найманих працівників 10 і більше осіб. 2. Дані наведено без урахування тимчасово окупованої території Автономної Республіки Крим, м. Севастополя та частини тимчасово окупованих територій у Донецькій та Луганській областях. 3. Середньомісячна заробітна плата одного штатного працівника розраховується шляхом ділення нарахованого фонду оплати праці штатних працівників за звітний місяць (період) на середньооблікову кількість штатних працівників і на кількість місяців у періоді. Професія – це певний вид трудової діяльності, який потребує спеціальних теоретичних знань та практичних навичок. Професія – рід занять, певна форма трудової діяльності.","","7789","","","","16693"
"Нараховано в середньому штатному працівнику, за період часу","Місяць","Чоловіки","Україна","Професії та професійні групи","Найпростіші професії торгівлі  та сфери послуг","Річна","Гривня","Одиниці","Нуль","","","1. Дані підготовлено за результатами державного статистичного спостереження ""Рівень заробітної плати працівників за статтю, віком, освітою та професійними групами"", яким охоплені юридичні особи та відокремлені підрозділи юридичних осіб із кількістю найманих працівників 10 і більше осіб. 2. Дані наведено без урахування тимчасово окупованої території Автономної Республіки Крим, м. Севастополя та частини тимчасово окупованих територій у Донецькій та Луганській областях. 3. Середньомісячна заробітна плата одного штатного працівника розраховується шляхом ділення нарахованого фонду оплати праці штатних працівників за звітний місяць (період) на середньооблікову кількість штатних працівників і на кількість місяців у періоді. Професія – це певний вид трудової діяльності, який потребує спеціальних теоретичних знань та практичних навичок. Професія – рід занять, певна форма трудової діяльності.","","2242","","","","5712"
"Нараховано в середньому штатному працівнику, за період часу","Місяць","Чоловіки","Україна","Професії та професійні групи","Фахівці з виробництва борошняних, кондитерських виробів та харчоконцентратів ","Річна","Гривня","Одиниці","Нуль","Явищ не було","","1. Дані підготовлено за результатами державного статистичного спостереження ""Рівень заробітної плати працівників за статтю, віком, освітою та професійними групами"", яким охоплені юридичні особи та відокремлені підрозділи юридичних осіб із кількістю найманих працівників 10 і більше осіб. 2. Дані наведено без урахування тимчасово окупованої території Автономної Республіки Крим, м. Севастополя та частини тимчасово окупованих територій у Донецькій та Луганській областях. 3. Середньомісячна заробітна плата одного штатного працівника розраховується шляхом ділення нарахованого фонду оплати праці штатних працівників за звітний місяць (період) на середньооблікову кількість штатних працівників і на кількість місяців у періоді. Професія – це певний вид трудової діяльності, який потребує спеціальних теоретичних знань та практичних навичок. Професія – рід занять, певна форма трудової діяльності.","","","","","",""
"Нараховано в середньому штатному працівнику, за період часу","Місяць","Чоловіки","Україна","Професії та професійні групи","Робітники, що обслуговують рудо- та металопереробне устаткування ","Річна","Гривня","Одиниці","Нуль","","","1. Дані підготовлено за результатами державного статистичного спостереження ""Рівень заробітної плати працівників за статтю, віком, освітою та професійними групами"", яким охоплені юридичні особи та відокремлені підрозділи юридичних осіб із кількістю найманих працівників 10 і більше осіб. 2. Дані наведено без урахування тимчасово окупованої території Автономної Республіки Крим, м. Севастополя та частини тимчасово окупованих територій у Донецькій та Луганській областях. 3. Середньомісячна заробітна плата одного штатного працівника розраховується шляхом ділення нарахованого фонду оплати праці штатних працівників за звітний місяць (період) на середньооблікову кількість штатних працівників і на кількість місяців у періоді. Професія – це певний вид трудової діяльності, який потребує спеціальних теоретичних знань та практичних навичок. Професія – рід занять, певна форма трудової діяльності.","","6094","","","","14675"
"Нараховано в середньому штатному працівнику, за період часу","Місяць","Чоловіки","Україна","Професії та професійні групи","Робітники металургійних та  машинобудівних професій","Річна","Гривня","Одиниці","Нуль","","","1. Дані підготовлено за результатами державного статистичного спостереження ""Рівень заробітної плати працівників за статтю, віком, освітою та професійними групами"", яким охоплені юридичні особи та відокремлені підрозділи юридичних осіб із кількістю найманих працівників 10 і більше осіб. 2. Дані наведено без урахування тимчасово окупованої території Автономної Республіки Крим, м. Севастополя та частини тимчасово окупованих територій у Донецькій та Луганській областях. 3. Середньомісячна заробітна плата одного штатного працівника розраховується шляхом ділення нарахованого фонду оплати праці штатних працівників за звітний місяць (період) на середньооблікову кількість штатних працівників і на кількість місяців у періоді. Професія – це певний вид трудової діяльності, який потребує спеціальних теоретичних знань та практичних навичок. Професія – рід занять, певна форма трудової діяльності.","","5169","","","","10836"
"Нараховано в середньому штатному працівнику, за період часу","Місяць","Чоловіки","Україна","Професії та професійні групи","Фахівці з переробки плодоовочевої продукції","Річна","Гривня","Одиниці","Нуль","Явищ не було","","1. Дані підготовлено за результатами державного статистичного спостереження ""Рівень заробітної плати працівників за статтю, віком, освітою та професійними групами"", яким охоплені юридичні особи та відокремлені підрозділи юридичних осіб із кількістю найманих працівників 10 і більше осіб. 2. Дані наведено без урахування тимчасово окупованої території Автономної Республіки Крим, м. Севастополя та частини тимчасово окупованих територій у Донецькій та Луганській областях. 3. Середня заробітна плата штатних працівників за одну оплачену годину  обчислюється шляхом ділення суми нарахованого фонду оплати праці штатних працівників на кількість оплачених їм людино-годин за відповідний період. Професія – це певний вид трудової діяльності, який потребує спеціальних теоретичних знань та практичних навичок. Професія – рід занять, певна форма трудової діяльності.","","","","","",""
"Нараховано в середньому штатному працівнику, за період часу","Місяць","Чоловіки","Україна","Стаж роботи","Усього","Річна","Гривня","Одиниці","Нуль","","","1. Дані підготовлено за результатами державного статистичного спостереження ""Рівень заробітної плати працівників за статтю, віком, освітою та професійними групами"", яким охоплені юридичні особи та відокремлені підрозділи юридичних осіб із кількістю найманих працівників 10 і більше осіб. 2. Дані наведено без урахування тимчасово окупованої території Автономної Республіки Крим, м. Севастополя та частини тимчасово окупованих територій у Донецькій та Луганській областях. 3. Середньомісячна заробітна плата одного штатного працівника розраховується шляхом ділення нарахованого фонду оплати праці штатних працівників за звітний місяць (період) на середньооблікову кількість штатних працівників і на кількість місяців у періоді.","","5500","","","","12035"
"Нараховано в середньому штатному працівнику, за період часу","Місяць","Чоловіки","Україна","Стаж роботи","20 і більше років","Річна","Гривня","Одиниці","Нуль","","","1. Дані підготовлено за результатами державного статистичного спостереження ""Рівень заробітної плати працівників за статтю, віком, освітою та професійними групами"", яким охоплені юридичні особи та відокремлені підрозділи юридичних осіб із кількістю найманих працівників 10 і більше осіб. 2. Дані наведено без урахування тимчасово окупованої території Автономної Республіки Крим, м. Севастополя та частини тимчасово окупованих територій у Донецькій та Луганській областях. 3. Середньомісячна заробітна плата одного штатного працівника розраховується шляхом ділення нарахованого фонду оплати праці штатних працівників за звітний місяць (період) на середньооблікову кількість штатних працівників і на кількість місяців у періоді.","","6399","","","","14109"
"Нараховано в середньому штатному працівнику, за період часу","Місяць","Чоловіки","Україна","Професії та професійні групи","Інші фахівці в галузі харчової та переробної промисловості","Річна","Гривня","Одиниці","Нуль","Явищ не було","","1. Дані підготовлено за результатами державного статистичного спостереження ""Рівень заробітної плати працівників за статтю, віком, освітою та професійними групами"", яким охоплені юридичні особи та відокремлені підрозділи юридичних осіб із кількістю найманих працівників 10 і більше осіб. 2. Дані наведено без урахування тимчасово окупованої території Автономної Республіки Крим, м. Севастополя та частини тимчасово окупованих територій у Донецькій та Луганській областях. 3. Середньомісячна заробітна плата одного штатного працівника розраховується шляхом ділення нарахованого фонду оплати праці штатних працівників за звітний місяць (період) на середньооблікову кількість штатних працівників і на кількість місяців у періоді. Професія – це певний вид трудової діяльності, який потребує спеціальних теоретичних знань та практичних навичок. Професія – рід занять, певна форма трудової діяльності.","","","","","",""
"Нараховано в середньому штатному працівнику, за період часу","Місяць","Чоловіки","Україна","Професії та професійні групи","Інші фахівці ","Річна","Гривня","Одиниці","Нуль","","","1. Дані підготовлено за результатами державного статистичного спостереження ""Рівень заробітної плати працівників за статтю, віком, освітою та професійними групами"", яким охоплені юридичні особи та відокремлені підрозділи юридичних осіб із кількістю найманих працівників 10 і більше осіб. 2. Дані наведено без урахування тимчасово окупованої території Автономної Республіки Крим, м. Севастополя та частини тимчасово окупованих територій у Донецькій та Луганській областях. 3. Середньомісячна заробітна плата одного штатного працівника розраховується шляхом ділення нарахованого фонду оплати праці штатних працівників за звітний місяць (період) на середньооблікову кількість штатних працівників і на кількість місяців у періоді. Професія – це певний вид трудової діяльності, який потребує спеціальних теоретичних знань та практичних навичок. Професія – рід занять, певна форма трудової діяльності.","","5771","","","","13862"
"Нараховано в середньому штатному працівнику, за період часу","Місяць","Чоловіки","Україна","Професії та професійні групи","Гончарі та виробники скляних виробів","Річна","Гривня","Одиниці","Нуль","","","1. Дані підготовлено за результатами державного статистичного спостереження ""Рівень заробітної плати працівників за статтю, віком, освітою та професійними групами"", яким охоплені юридичні особи та відокремлені підрозділи юридичних осіб із кількістю найманих працівників 10 і більше осіб. 2. Дані наведено без урахування тимчасово окупованої території Автономної Республіки Крим, м. Севастополя та частини тимчасово окупованих територій у Донецькій та Луганській областях. 3. Середньомісячна заробітна плата одного штатного працівника розраховується шляхом ділення нарахованого фонду оплати праці штатних працівників за звітний місяць (період) на середньооблікову кількість штатних працівників і на кількість місяців у періоді. Професія – це певний вид трудової діяльності, який потребує спеціальних теоретичних знань та практичних навичок. Професія – рід занять, певна форма трудової діяльності.","","4340","","","","8561"
"Нараховано в середньому штатному працівнику, за період часу","Місяць","Чоловіки","Україна","Професії та професійні групи","Будівельники-лицювальники та подібні до них професійні назви робіт","Річна","Гривня","Одиниці","Нуль","","","1. Дані підготовлено за результатами державного статистичного спостереження ""Рівень заробітної плати працівників за статтю, віком, освітою та професійними групами"", яким охоплені юридичні особи та відокремлені підрозділи юридичних осіб із кількістю найманих працівників 10 і більше осіб. 2. Дані наведено без урахування тимчасово окупованої території Автономної Республіки Крим, м. Севастополя та частини тимчасово окупованих територій у Донецькій та Луганській областях. 3. Середньомісячна заробітна плата одного штатного працівника розраховується шляхом ділення нарахованого фонду оплати праці штатних працівників за звітний місяць (період) на середньооблікову кількість штатних працівників і на кількість місяців у періоді. Професія – це певний вид трудової діяльності, який потребує спеціальних теоретичних знань та практичних навичок. Професія – рід занять, певна форма трудової діяльності.","","3541","","","","8709"
"Нараховано в середньому штатному працівнику, за період часу","Місяць","Чоловіки","Україна","Професії та професійні групи","Працівники, що надають інші послуги юридичним та фізичним особам ","Річна","Гривня","Одиниці","Нуль","","","1. Дані підготовлено за результатами державного статистичного спостереження ""Рівень заробітної плати працівників за статтю, віком, освітою та професійними групами"", яким охоплені юридичні особи та відокремлені підрозділи юридичних осіб із кількістю найманих працівників 10 і більше осіб. 2. Дані наведено без урахування тимчасово окупованої території Автономної Республіки Крим, м. Севастополя та частини тимчасово окупованих територій у Донецькій та Луганській областях. 3. Середньомісячна заробітна плата одного штатного працівника розраховується шляхом ділення нарахованого фонду оплати праці штатних працівників за звітний місяць (період) на середньооблікову кількість штатних працівників і на кількість місяців у періоді. Професія – це певний вид трудової діяльності, який потребує спеціальних теоретичних знань та практичних навичок. Професія – рід занять, певна форма трудової діяльності.","","2596","","","","8498"
"Нараховано в середньому штатному працівнику, за період часу","Місяць","Чоловіки","Україна","Професії та професійні групи","Робітники, що обслуговують установки з вироблення електроенергії, та робітники на подібному устаткуванні ","Річна","Гривня","Одиниці","Нуль","","","1. Дані підготовлено за результатами державного статистичного спостереження ""Рівень заробітної плати працівників за статтю, віком, освітою та професійними групами"", яким охоплені юридичні особи та відокремлені підрозділи юридичних осіб із кількістю найманих працівників 10 і більше осіб. 2. Дані наведено без урахування тимчасово окупованої території Автономної Республіки Крим, м. Севастополя та частини тимчасово окупованих територій у Донецькій та Луганській областях. 3. Середньомісячна заробітна плата одного штатного працівника розраховується шляхом ділення нарахованого фонду оплати праці штатних працівників за звітний місяць (період) на середньооблікову кількість штатних працівників і на кількість місяців у періоді. Професія – це певний вид трудової діяльності, який потребує спеціальних теоретичних знань та практичних навичок. Професія – рід занять, певна форма трудової діяльності.","","3355","","","","8005"
"Нараховано в середньому штатному працівнику, за період часу","Місяць","Чоловіки","Україна","Професії та професійні групи","Агенти з інформування клієнтів ","Річна","Гривня","Одиниці","Нуль","","","1. Дані підготовлено за результатами державного статистичного спостереження ""Рівень заробітної плати працівників за статтю, віком, освітою та професійними групами"", яким охоплені юридичні особи та відокремлені підрозділи юридичних осіб із кількістю найманих працівників 10 і більше осіб. 2. Дані наведено без урахування тимчасово окупованої території Автономної Республіки Крим, м. Севастополя та частини тимчасово окупованих територій у Донецькій та Луганській областях. 3. Середньомісячна заробітна плата одного штатного працівника розраховується шляхом ділення нарахованого фонду оплати праці штатних працівників за звітний місяць (період) на середньооблікову кількість штатних працівників і на кількість місяців у періоді. Професія – це певний вид трудової діяльності, який потребує спеціальних теоретичних знань та практичних навичок. Професія – рід занять, певна форма трудової діяльності.","","4097","","","","8345"
"Нараховано в середньому штатному працівнику, за період часу","Місяць","Чоловіки","Україна","Професії та професійні групи","Найпростіші професії в сільському господарстві, рибальстві та подібних галузях ","Річна","Гривня","Одиниці","Нуль","","","1. Дані підготовлено за результатами державного статистичного спостереження ""Рівень заробітної плати працівників за статтю, віком, освітою та професійними групами"", яким охоплені юридичні особи та відокремлені підрозділи юридичних осіб із кількістю найманих працівників 10 і більше осіб. 2. Дані наведено без урахування тимчасово окупованої території Автономної Республіки Крим, м. Севастополя та частини тимчасово окупованих територій у Донецькій та Луганській областях. 3. Середньомісячна заробітна плата одного штатного працівника розраховується шляхом ділення нарахованого фонду оплати праці штатних працівників за звітний місяць (період) на середньооблікову кількість штатних працівників і на кількість місяців у періоді. Професія – це певний вид трудової діяльності, який потребує спеціальних теоретичних знань та практичних навичок. Професія – рід занять, певна форма трудової діяльності.","","1972","","","","5551"
"Нараховано в середньому штатному працівнику, за період часу","Місяць","Чоловіки","Україна","Стаж роботи","До 2 років","Річна","Гривня","Одиниці","Нуль","","","1. Дані підготовлено за результатами державного статистичного спостереження ""Рівень заробітної плати працівників за статтю, віком, освітою та професійними групами"", яким охоплені юридичні особи та відокремлені підрозділи юридичних осіб із кількістю найманих працівників 10 і більше осіб. 2. Дані наведено без урахування тимчасово окупованої території Автономної Республіки Крим, м. Севастополя та частини тимчасово окупованих територій у Донецькій та Луганській областях. 3. Середньомісячна заробітна плата одного штатного працівника розраховується шляхом ділення нарахованого фонду оплати праці штатних працівників за звітний місяць (період) на середньооблікову кількість штатних працівників і на кількість місяців у періоді.","","3895","","","","9105"
"Нараховано в середньому штатному працівнику, за період часу","Місяць","Чоловіки","Україна","Професії та професійні групи","Інші службовці, пов'язані з інформацією ","Річна","Гривня","Одиниці","Нуль","","","1. Дані підготовлено за результатами державного статистичного спостереження ""Рівень заробітної плати працівників за статтю, віком, освітою та професійними групами"", яким охоплені юридичні особи та відокремлені підрозділи юридичних осіб із кількістю найманих працівників 10 і більше осіб. 2. Дані наведено без урахування тимчасово окупованої території Автономної Республіки Крим, м. Севастополя та частини тимчасово окупованих територій у Донецькій та Луганській областях. 3. Середньомісячна заробітна плата одного штатного працівника розраховується шляхом ділення нарахованого фонду оплати праці штатних працівників за звітний місяць (період) на середньооблікову кількість штатних працівників і на кількість місяців у періоді. Професія – це певний вид трудової діяльності, який потребує спеціальних теоретичних знань та практичних навичок. Професія – рід занять, певна форма трудової діяльності.","","3532","","","","7392"
"Нараховано в середньому штатному працівнику, за період часу","Місяць","Чоловіки","Україна","Професії та професійні групи","Технічні фахівці в галузі управління ","Річна","Гривня","Одиниці","Нуль","","","1. Дані підготовлено за результатами державного статистичного спостереження ""Рівень заробітної плати працівників за статтю, віком, освітою та професійними групами"", яким охоплені юридичні особи та відокремлені підрозділи юридичних осіб із кількістю найманих працівників 10 і більше осіб. 2. Дані наведено без урахування тимчасово окупованої території Автономної Республіки Крим, м. Севастополя та частини тимчасово окупованих територій у Донецькій та Луганській областях. 3. Середньомісячна заробітна плата одного штатного працівника розраховується шляхом ділення нарахованого фонду оплати праці штатних працівників за звітний місяць (період) на середньооблікову кількість штатних працівників і на кількість місяців у періоді. Професія – це певний вид трудової діяльності, який потребує спеціальних теоретичних знань та практичних навичок. Професія – рід занять, певна форма трудової діяльності.","","6854","","","","15371"
"Нараховано в середньому штатному працівнику, за період часу","Місяць","Чоловіки","Україна","Професії та професійні групи","Робітники рибного промислу, мисливці та мисливці, що ставлять капкани ","Річна","Гривня","Одиниці","Нуль","","","1. Дані підготовлено за результатами державного статистичного спостереження ""Рівень заробітної плати працівників за статтю, віком, освітою та професійними групами"", яким охоплені юридичні особи та відокремлені підрозділи юридичних осіб із кількістю найманих працівників 10 і більше осіб. 2. Дані наведено без урахування тимчасово окупованої території Автономної Республіки Крим, м. Севастополя та частини тимчасово окупованих територій у Донецькій та Луганській областях. 3. Середньомісячна заробітна плата одного штатного працівника розраховується шляхом ділення нарахованого фонду оплати праці штатних працівників за звітний місяць (період) на середньооблікову кількість штатних працівників і на кількість місяців у періоді. Професія – це певний вид трудової діяльності, який потребує спеціальних теоретичних знань та практичних навичок. Професія – рід занять, певна форма трудової діяльності.","","1735","","","","5573"
"Нараховано в середньому штатному працівнику, за період часу","Місяць","Чоловіки","Україна","Професії та професійні групи","Робітники, що обслуговують устаткування з виробництва продукції з гуми та пластика ","Річна","Гривня","Одиниці","Нуль","","","1. Дані підготовлено за результатами державного статистичного спостереження ""Рівень заробітної плати працівників за статтю, віком, освітою та професійними групами"", яким охоплені юридичні особи та відокремлені підрозділи юридичних осіб із кількістю найманих працівників 10 і більше осіб. 2. Дані наведено без урахування тимчасово окупованої території Автономної Республіки Крим, м. Севастополя та частини тимчасово окупованих територій у Донецькій та Луганській областях. 3. Середньомісячна заробітна плата одного штатного працівника розраховується шляхом ділення нарахованого фонду оплати праці штатних працівників за звітний місяць (період) на середньооблікову кількість штатних працівників і на кількість місяців у періоді. Професія – це певний вид трудової діяльності, який потребує спеціальних теоретичних знань та практичних навичок. Професія – рід занять, певна форма трудової діяльності.","","5009","","","","9244"
"Нараховано в середньому штатному працівнику, за період часу","Місяць","Чоловіки","Україна","Професії та професійні групи","Водії та робітники з  обслуговування пересувної техніки та установок","Річна","Гривня","Одиниці","Нуль","","","1. Дані підготовлено за результатами державного статистичного спостереження ""Рівень заробітної плати працівників за статтю, віком, освітою та професійними групами"", яким охоплені юридичні особи та відокремлені підрозділи юридичних осіб із кількістю найманих працівників 10 і більше осіб. 2. Дані наведено без урахування тимчасово окупованої території Автономної Республіки Крим, м. Севастополя та частини тимчасово окупованих територій у Донецькій та Луганській областях. 3. Середньомісячна заробітна плата одного штатного працівника розраховується шляхом ділення нарахованого фонду оплати праці штатних працівників за звітний місяць (період) на середньооблікову кількість штатних працівників і на кількість місяців у періоді. Професія – це певний вид трудової діяльності, який потребує спеціальних теоретичних знань та практичних навичок. Професія – рід занять, певна форма трудової діяльності.","","4440","","","","9837"
"Нараховано в середньому штатному працівнику, за період часу","Місяць","Чоловіки","Україна","Професії та професійні групи","Доглядачі будинків та мийники вікон","Річна","Гривня","Одиниці","Нуль","","","1. Дані підготовлено за результатами державного статистичного спостереження ""Рівень заробітної плати працівників за статтю, віком, освітою та професійними групами"", яким охоплені юридичні особи та відокремлені підрозділи юридичних осіб із кількістю найманих працівників 10 і більше осіб. 2. Дані наведено без урахування тимчасово окупованої території Автономної Республіки Крим, м. Севастополя та частини тимчасово окупованих територій у Донецькій та Луганській областях. 3. Середньомісячна заробітна плата одного штатного працівника розраховується шляхом ділення нарахованого фонду оплати праці штатних працівників за звітний місяць (період) на середньооблікову кількість штатних працівників і на кількість місяців у періоді. Професія – це певний вид трудової діяльності, який потребує спеціальних теоретичних знань та практичних навичок. Професія – рід занять, певна форма трудової діяльності.","","1877","","","","5838"
"Нараховано в середньому штатному працівнику, за період часу","Місяць","Чоловіки","Україна","Професії та професійні групи","Кваліфіковані робітники з інструментом","Річна","Гривня","Одиниці","Нуль","","","1. Дані підготовлено за результатами державного статистичного спостереження ""Рівень заробітної плати працівників за статтю, віком, освітою та професійними групами"", яким охоплені юридичні особи та відокремлені підрозділи юридичних осіб із кількістю найманих працівників 10 і більше осіб. 2. Дані наведено без урахування тимчасово окупованої території Автономної Республіки Крим, м. Севастополя та частини тимчасово окупованих територій у Донецькій та Луганській областях. 3. Середньомісячна заробітна плата одного штатного працівника розраховується шляхом ділення нарахованого фонду оплати праці штатних працівників за звітний місяць (період) на середньооблікову кількість штатних працівників і на кількість місяців у періоді. Професія – це певний вид трудової діяльності, який потребує спеціальних теоретичних знань та практичних навичок. Професія – рід занять, певна форма трудової діяльності.","","5033","","","","10539"
"Нараховано в середньому штатному працівнику, за період часу","Місяць","Чоловіки","Україна","Професії та професійні групи","Садівники та землероби ","Річна","Гривня","Одиниці","Нуль","","","1. Дані підготовлено за результатами державного статистичного спостереження ""Рівень заробітної плати працівників за статтю, віком, освітою та професійними групами"", яким охоплені юридичні особи та відокремлені підрозділи юридичних осіб із кількістю найманих працівників 10 і більше осіб. 2. Дані наведено без урахування тимчасово окупованої території Автономної Республіки Крим, м. Севастополя та частини тимчасово окупованих територій у Донецькій та Луганській областях. 3. Середньомісячна заробітна плата одного штатного працівника розраховується шляхом ділення нарахованого фонду оплати праці штатних працівників за звітний місяць (період) на середньооблікову кількість штатних працівників і на кількість місяців у періоді. Професія – це певний вид трудової діяльності, який потребує спеціальних теоретичних знань та практичних навичок. Професія – рід занять, певна форма трудової діяльності.","","2544","","","","7332"
"Нараховано в середньому штатному працівнику, за період часу","Місяць","Чоловіки","Україна","Професії та професійні групи","Службовці, пов'язані з інформацією ","Річна","Гривня","Одиниці","Нуль","","","1. Дані підготовлено за результатами державного статистичного спостереження ""Рівень заробітної плати працівників за статтю, віком, освітою та професійними групами"", яким охоплені юридичні особи та відокремлені підрозділи юридичних осіб із кількістю найманих працівників 10 і більше осіб. 2. Дані наведено без урахування тимчасово окупованої території Автономної Республіки Крим, м. Севастополя та частини тимчасово окупованих територій у Донецькій та Луганській областях. 3. Середньомісячна заробітна плата одного штатного працівника розраховується шляхом ділення нарахованого фонду оплати праці штатних працівників за звітний місяць (період) на середньооблікову кількість штатних працівників і на кількість місяців у періоді. Професія – це певний вид трудової діяльності, який потребує спеціальних теоретичних знань та практичних навичок. Професія – рід занять, певна форма трудової діяльності.","","3380","","","","7344"
"Нараховано в середньому штатному працівнику, за період часу","Місяць","Чоловіки","Україна","Професії та професійні групи","Декоратори, артисти, спортсмени та організатори у сфері культури та мистецтва","Річна","Гривня","Одиниці","Нуль","","","1. Дані підготовлено за результатами державного статистичного спостереження ""Рівень заробітної плати працівників за статтю, віком, освітою та професійними групами"", яким охоплені юридичні особи та відокремлені підрозділи юридичних осіб із кількістю найманих працівників 10 і більше осіб. 2. Дані наведено без урахування тимчасово окупованої території Автономної Республіки Крим, м. Севастополя та частини тимчасово окупованих територій у Донецькій та Луганській областях. 3. Середньомісячна заробітна плата одного штатного працівника розраховується шляхом ділення нарахованого фонду оплати праці штатних працівників за звітний місяць (період) на середньооблікову кількість штатних працівників і на кількість місяців у періоді. Професія – це певний вид трудової діяльності, який потребує спеціальних теоретичних знань та практичних навичок. Професія – рід занять, певна форма трудової діяльності.","","4763","","","","28564"
